CustomerID,Churn_Probability,Risk_Category,MonthlyCharges,Contract,Tenure
6424-ELEYH,1.0,High Risk,74.75,Month-to-month,3
6457-GIRWB,1.0,High Risk,69.35,Month-to-month,1
4822-RVYBB,1.0,High Risk,100.6,Month-to-month,8
1143-NMNQJ,1.0,High Risk,85.7,Month-to-month,2
8375-DKEBR,1.0,High Risk,69.6,Month-to-month,1
1086-LXKFY,1.0,High Risk,69.1,Month-to-month,1
9497-QCMMS,1.0,High Risk,93.55,Month-to-month,1
2636-ALXXZ,1.0,High Risk,69.6,Month-to-month,1
3158-MOERK,1.0,High Risk,96.0,Month-to-month,2
4871-JTKJF,1.0,High Risk,69.65,Month-to-month,1
7908-QCBCA,1.0,High Risk,69.4,Month-to-month,1
3716-BDVDB,1.0,High Risk,69.1,Month-to-month,1
8372-JUXUI,1.0,High Risk,74.35,Month-to-month,1
6502-MJQAE,1.0,High Risk,69.6,Month-to-month,1
6230-BSUXY,1.0,High Risk,85.0,Month-to-month,1
7254-IQWOZ,1.0,High Risk,69.65,Month-to-month,1
9019-QVLZD,1.0,High Risk,79.55,Month-to-month,1
3428-XZMAZ,1.0,High Risk,69.35,Month-to-month,1
7206-GZCDC,1.0,High Risk,69.25,Month-to-month,1
6474-FVJLC,1.0,High Risk,86.0,Month-to-month,2
9728-FTTVZ,1.0,High Risk,69.2,Month-to-month,1
0488-GSLFR,1.0,High Risk,69.5,Month-to-month,1
7660-HDPJV,1.0,High Risk,69.2,Month-to-month,1
5884-GCYMI,1.0,High Risk,69.4,Month-to-month,1
3091-FYHKI,1.0,High Risk,35.45,Month-to-month,1
2506-TNFCO,1.0,High Risk,69.55,Month-to-month,1
1820-TQVEV,1.0,High Risk,69.55,Month-to-month,1
0495-RVCBF,1.0,High Risk,79.7,Month-to-month,1
2777-PHDEI,1.0,High Risk,78.05,Month-to-month,1
7665-TOALD,1.0,High Risk,69.6,Month-to-month,1
9248-OJYKK,1.0,High Risk,76.45,Month-to-month,1
1285-OKIPP,1.0,High Risk,79.9,Month-to-month,1
1447-GIQMR,1.0,High Risk,69.15,Month-to-month,1
8058-INTPH,1.0,High Risk,79.65,Month-to-month,1
0841-NULXI,1.0,High Risk,35.55,Month-to-month,1
6996-KNSML,0.99,High Risk,74.9,Month-to-month,1
0679-IDSTG,0.99,High Risk,69.25,Month-to-month,1
5240-IJOQT,0.99,High Risk,74.7,Month-to-month,1
2720-WGKHP,0.99,High Risk,94.0,Month-to-month,2
5419-JPRRN,0.99,High Risk,101.45,Month-to-month,1
5960-WPXQM,0.99,High Risk,79.05,Month-to-month,1
5178-LMXOP,0.99,High Risk,95.1,Month-to-month,1
5393-RXQSZ,0.99,High Risk,79.6,Month-to-month,1
8884-ADFVN,0.99,High Risk,101.95,Month-to-month,7
4078-SAYYN,0.99,High Risk,100.75,Month-to-month,11
2609-IAICY,0.99,High Risk,77.15,Month-to-month,1
3551-HUAZH,0.99,High Risk,74.4,Month-to-month,1
8740-CRYFY,0.99,High Risk,78.95,Month-to-month,1
6894-LFHLY,0.99,High Risk,75.75,Month-to-month,1
2135-RXIHG,0.99,High Risk,45.65,Month-to-month,1
9300-AGZNL,0.99,High Risk,94.0,Month-to-month,1
8062-YBDOE,0.99,High Risk,69.65,Month-to-month,1
4806-HIPDW,0.99,High Risk,68.95,Month-to-month,1
2514-GINMM,0.99,High Risk,79.5,Month-to-month,1
7851-WZEKY,0.99,High Risk,95.15,Month-to-month,2
4424-TKOPW,0.99,High Risk,93.85,Month-to-month,2
5550-VFRLC,0.9867,High Risk,69.85,Month-to-month,1
2004-OCQXK,0.98,High Risk,81.95,Month-to-month,1
3811-VBYBZ,0.98,High Risk,99.8,Month-to-month,7
5552-ZNFSJ,0.98,High Risk,45.3,Month-to-month,1
7234-FECYN,0.98,High Risk,101.35,Month-to-month,8
6086-ESGRL,0.98,High Risk,80.15,Month-to-month,1
1963-SVUCV,0.98,High Risk,45.3,Month-to-month,1
0295-PPHDO,0.98,High Risk,95.45,Month-to-month,1
6416-TVAIH,0.98,High Risk,68.5,Month-to-month,1
0107-YHINA,0.98,High Risk,99.75,Month-to-month,1
2202-CUYXZ,0.98,High Risk,84.85,Month-to-month,1
7568-PODML,0.98,High Risk,45.3,Month-to-month,1
3006-XIMLN,0.98,High Risk,94.2,Month-to-month,2
3387-VATUS,0.98,High Risk,94.85,Month-to-month,5
4550-EVXNY,0.98,High Risk,69.65,Month-to-month,1
1761-AEZZR,0.98,High Risk,79.55,Month-to-month,1
5539-TMZLF,0.98,High Risk,69.75,Month-to-month,1
6861-XWTWQ,0.98,High Risk,99.25,Month-to-month,7
3585-ISXZP,0.98,High Risk,95.65,Month-to-month,8
8580-AECUZ,0.98,High Risk,79.1,Month-to-month,1
4415-IJZTP,0.98,High Risk,74.5,Month-to-month,1
0697-ZMSWS,0.97,High Risk,85.65,Month-to-month,4
4750-ZRXIU,0.97,High Risk,84.6,Month-to-month,4
8603-IJWDN,0.97,High Risk,86.6,Month-to-month,1
3871-IKPYH,0.97,High Risk,69.1,Month-to-month,1
3874-EQOEP,0.97,High Risk,95.0,Month-to-month,7
5299-SJCZT,0.97,High Risk,101.55,Month-to-month,3
2012-NWRPA,0.97,High Risk,99.55,Month-to-month,11
0564-JJHGS,0.97,High Risk,95.5,Month-to-month,9
7825-GKXMW,0.97,High Risk,45.8,Month-to-month,1
2868-MZAGQ,0.97,High Risk,79.25,Month-to-month,1
5275-SQEIZ,0.97,High Risk,80.85,Month-to-month,1
2608-BHKFN,0.97,High Risk,70.05,Month-to-month,4
4274-OWWYO,0.97,High Risk,74.35,Month-to-month,1
2082-CEFLT,0.97,High Risk,45.6,Month-to-month,1
5229-PRWKT,0.97,High Risk,86.55,Month-to-month,8
3902-FOIGH,0.97,High Risk,101.35,Month-to-month,12
5597-GLBUC,0.97,High Risk,85.45,Month-to-month,1
9451-LPGOO,0.97,High Risk,86.8,Month-to-month,7
9885-CSMWE,0.97,High Risk,78.45,Month-to-month,1
8098-LLAZX,0.97,High Risk,95.45,Month-to-month,4
9850-OWRHQ,0.97,High Risk,74.1,Month-to-month,3
8992-JQYUN,0.97,High Risk,50.35,Month-to-month,1
7024-OHCCK,0.97,High Risk,93.85,Month-to-month,2
2968-SSGAA,0.97,High Risk,100.6,Month-to-month,10
8945-GRKHX,0.97,High Risk,78.65,Month-to-month,1
7274-RTAPZ,0.97,High Risk,90.55,Month-to-month,1
3376-BMGFE,0.97,High Risk,70.9,Month-to-month,4
2856-HYAPG,0.97,High Risk,68.65,Month-to-month,1
6521-YYTYI,0.97,High Risk,93.3,Month-to-month,1
6166-ILMNY,0.97,High Risk,69.75,Month-to-month,2
8779-QRDMV,0.97,High Risk,39.65,Month-to-month,1
0655-RBDUG,0.97,High Risk,98.05,Month-to-month,7
2656-TABEH,0.97,High Risk,100.2,Month-to-month,4
2982-IHMFT,0.97,High Risk,74.45,Month-to-month,1
2645-QTLMB,0.96,High Risk,94.25,Month-to-month,7
2024-BASKD,0.96,High Risk,74.6,Month-to-month,1
4614-NUVZD,0.96,High Risk,81.1,Month-to-month,1
1571-SAVHK,0.96,High Risk,99.95,Month-to-month,12
0195-IESCP,0.96,High Risk,85.25,Month-to-month,10
4952-YSOGZ,0.96,High Risk,85.95,Month-to-month,4
9223-UCPVT,0.96,High Risk,94.4,Month-to-month,1
7943-RQCHR,0.96,High Risk,94.75,Month-to-month,9
9300-RENDD,0.96,High Risk,79.95,Month-to-month,1
2867-UIMSS,0.96,High Risk,80.5,Month-to-month,1
0746-JTRFU,0.96,High Risk,25.05,Month-to-month,2
6128-CZOMY,0.96,High Risk,45.65,Month-to-month,1
3776-EKTKM,0.96,High Risk,36.45,Month-to-month,1
2446-BEGGB,0.96,High Risk,98.25,Month-to-month,6
8348-HFYIV,0.96,High Risk,49.25,Month-to-month,2
4626-GYCZP,0.96,High Risk,93.85,Month-to-month,7
6567-HOOPW,0.96,High Risk,79.2,Month-to-month,1
9681-OXGVC,0.96,High Risk,100.5,Month-to-month,5
9057-SIHCH,0.96,High Risk,96.6,Month-to-month,3
5299-RULOA,0.96,High Risk,100.25,Month-to-month,10
8058-JMEQO,0.96,High Risk,84.45,Month-to-month,9
6108-OQZDQ,0.96,High Risk,97.95,Month-to-month,4
3621-CEOVK,0.96,High Risk,100.2,Month-to-month,14
8931-GJJIQ,0.96,High Risk,83.3,Month-to-month,9
5698-BQJOH,0.96,High Risk,94.4,Month-to-month,9
3707-GNWHM,0.96,High Risk,74.25,Month-to-month,1
0219-YTZUE,0.96,High Risk,84.8,Month-to-month,4
7779-LGOVN,0.96,High Risk,86.65,Month-to-month,10
1678-FYZOW,0.96,High Risk,79.4,Month-to-month,3
5570-PTWEH,0.96,High Risk,75.15,Month-to-month,3
6543-XRMYR,0.96,High Risk,99.7,Month-to-month,30
5797-APWZC,0.96,High Risk,90.6,Month-to-month,1
7294-TMAOP,0.96,High Risk,90.55,Month-to-month,1
1569-TTNYJ,0.96,High Risk,78.75,Month-to-month,5
5054-IEXZT,0.96,High Risk,75.35,Month-to-month,1
4910-GMJOT,0.96,High Risk,94.6,Month-to-month,1
6688-UZPWD,0.96,High Risk,102.0,Month-to-month,11
8183-ONMXC,0.96,High Risk,80.75,Month-to-month,2
8149-RSOUN,0.96,High Risk,93.85,Month-to-month,1
3389-YGYAI,0.96,High Risk,105.5,Month-to-month,8
4510-HIMLV,0.9599,High Risk,69.8,Month-to-month,1
8937-RDTHP,0.95,High Risk,84.6,Month-to-month,1
9172-ANCRX,0.95,High Risk,98.7,Month-to-month,10
2485-ITVKB,0.95,High Risk,35.1,Month-to-month,2
7903-CMPEY,0.95,High Risk,80.3,Month-to-month,1
0897-FEGMU,0.95,High Risk,99.5,Month-to-month,11
6358-LYNGM,0.95,High Risk,74.9,Month-to-month,1
7526-BEZQB,0.95,High Risk,96.05,Month-to-month,12
2619-WFQWU,0.95,High Risk,70.15,Month-to-month,1
5380-AFSSK,0.95,High Risk,93.9,Month-to-month,5
5378-IKEEG,0.95,High Risk,35.75,Month-to-month,1
4143-OOBWZ,0.95,High Risk,81.3,Month-to-month,5
0887-HJGAR,0.95,High Risk,45.7,Month-to-month,1
3422-LYEPQ,0.95,High Risk,71.0,Month-to-month,1
3178-FESZO,0.95,High Risk,100.25,Month-to-month,1
9117-SHLZX,0.95,High Risk,45.7,Month-to-month,1
3722-WPXTK,0.95,High Risk,88.35,Month-to-month,1
9985-MWVIX,0.95,High Risk,70.15,Month-to-month,1
6372-RFVNS,0.95,High Risk,78.8,Month-to-month,1
5196-SGOAK,0.95,High Risk,75.7,Month-to-month,1
5167-ZFFMM,0.95,High Risk,90.85,Month-to-month,1
9305-CDSKC,0.95,High Risk,99.65,Month-to-month,8
3186-BAXNB,0.95,High Risk,91.7,Month-to-month,1
0023-HGHWL,0.95,High Risk,25.1,Month-to-month,1
9965-YOKZB,0.95,High Risk,83.85,Month-to-month,9
8245-UMPYT,0.95,High Risk,96.4,Month-to-month,16
9025-AOMKI,0.95,High Risk,93.55,Month-to-month,6
2865-TCHJW,0.95,High Risk,89.2,Month-to-month,4
1157-BQCUW,0.95,High Risk,74.95,Month-to-month,1
3519-ZKXGG,0.95,High Risk,75.85,Month-to-month,3
6608-QQLVK,0.95,High Risk,50.5,Month-to-month,1
8258-GSTJK,0.95,High Risk,77.0,Month-to-month,3
3296-SILRA,0.95,High Risk,76.4,Month-to-month,1
7330-WZLNC,0.95,High Risk,90.8,Month-to-month,5
4988-IQIGL,0.95,High Risk,75.35,Month-to-month,1
7450-NWRTR,0.95,High Risk,99.45,Month-to-month,12
5077-DXTCG,0.95,High Risk,45.3,Month-to-month,1
7216-EWTRS,0.95,High Risk,100.8,Month-to-month,1
1062-LHZOD,0.9447,High Risk,69.9,Month-to-month,1
3066-RRJIO,0.9417,High Risk,69.95,Month-to-month,1
1723-HKXJQ,0.94,High Risk,101.75,Month-to-month,42
2272-QAGFO,0.94,High Risk,74.3,Month-to-month,14
0375-HVGXO,0.94,High Risk,34.7,Month-to-month,1
9851-QXEEQ,0.94,High Risk,104.7,Month-to-month,41
8821-XNHVZ,0.94,High Risk,80.05,Month-to-month,1
3765-JXVKY,0.94,High Risk,74.7,Month-to-month,1
8397-MVTAZ,0.94,High Risk,100.05,Month-to-month,34
1031-IIDEO,0.94,High Risk,70.85,Month-to-month,1
4695-WJZUE,0.94,High Risk,88.55,Month-to-month,2
0880-TKATG,0.94,High Risk,101.15,Month-to-month,4
9399-APLBT,0.94,High Risk,74.7,Month-to-month,1
2737-YNGYW,0.94,High Risk,80.55,Month-to-month,2
1965-AKTSX,0.94,High Risk,78.95,Month-to-month,14
7295-JOMMD,0.94,High Risk,98.1,Month-to-month,4
8510-AWCXC,0.94,High Risk,100.8,Month-to-month,13
3793-MMFUH,0.94,High Risk,95.05,Month-to-month,13
9231-ZJYAM,0.94,High Risk,78.85,Month-to-month,4
0781-LKXBR,0.94,High Risk,100.5,Month-to-month,9
2656-FMOKZ,0.94,High Risk,74.45,Month-to-month,15
5419-CONWX,0.94,High Risk,99.8,Month-to-month,4
2013-SGDXK,0.94,High Risk,84.3,Month-to-month,1
6338-AVWCY,0.94,High Risk,40.15,Month-to-month,3
5919-TMRGD,0.94,High Risk,79.35,Month-to-month,1
8010-EZLOU,0.94,High Risk,80.2,Month-to-month,15
1069-XAIEM,0.94,High Risk,85.05,Month-to-month,1
1740-CSDJP,0.94,High Risk,35.25,Month-to-month,1
1980-KXVPM,0.94,High Risk,75.05,Month-to-month,3
6653-CBBOM,0.94,High Risk,70.3,Month-to-month,1
4581-SSPWD,0.94,High Risk,75.8,Month-to-month,3
7548-SEPYI,0.94,High Risk,96.25,Month-to-month,5
8999-BOHSE,0.94,High Risk,89.7,Month-to-month,11
9828-AOQLM,0.94,High Risk,45.7,Month-to-month,1
4603-JANFB,0.9365,High Risk,69.85,Month-to-month,1
5134-IKDAY,0.935,High Risk,69.8,Month-to-month,1
5583-SXDAG,0.935,High Risk,70.0,Month-to-month,1
7198-GLXTC,0.93,High Risk,79.0,Month-to-month,2
1768-ZAIFU,0.93,High Risk,25.2,Month-to-month,1
2207-NHRJK,0.93,High Risk,50.8,Month-to-month,1
7359-PTSXY,0.93,High Risk,45.75,Month-to-month,1
4228-ZGYUW,0.93,High Risk,90.05,Month-to-month,4
5383-MMTWC,0.93,High Risk,84.0,Month-to-month,8
0011-IGKFF,0.93,High Risk,98.0,Month-to-month,13
4951-UKAAQ,0.93,High Risk,88.95,Month-to-month,4
6023-YEBUP,0.93,High Risk,100.95,Month-to-month,3
5519-NPHVG,0.93,High Risk,94.2,Month-to-month,12
3672-YITQD,0.93,High Risk,84.1,Month-to-month,36
7576-OYWBN,0.93,High Risk,76.05,Month-to-month,3
4844-JJWUY,0.93,High Risk,86.0,Month-to-month,1
4795-KTRTH,0.93,High Risk,81.0,Month-to-month,5
4816-JBHOV,0.93,High Risk,44.7,Month-to-month,2
4706-AXVKM,0.93,High Risk,84.8,Month-to-month,11
5835-BEQEU,0.93,High Risk,76.95,Month-to-month,3
8280-MQRQN,0.93,High Risk,50.45,Month-to-month,1
1374-DMZUI,0.93,High Risk,94.3,Month-to-month,4
4529-CKBCL,0.93,High Risk,80.2,Month-to-month,2
3148-BLQJT,0.93,High Risk,20.1,Month-to-month,1
4501-EQDRN,0.93,High Risk,69.7,Month-to-month,1
8972-HJWNV,0.93,High Risk,84.55,Month-to-month,7
2545-EBUPK,0.93,High Risk,84.05,Month-to-month,2
7854-FOKSF,0.93,High Risk,35.9,Month-to-month,1
9250-WYPLL,0.93,High Risk,75.55,Month-to-month,5
0754-UKWQP,0.93,High Risk,95.85,Month-to-month,2
0196-VULGZ,0.93,High Risk,84.35,Month-to-month,6
8752-STIVR,0.93,High Risk,79.0,Month-to-month,4
0822-GAVAP,0.93,High Risk,34.7,Month-to-month,2
9878-TNQGW,0.92,High Risk,80.95,Month-to-month,2
3727-RJMEO,0.92,High Risk,82.85,Month-to-month,6
5349-IECLD,0.92,High Risk,94.95,Month-to-month,2
1981-INRFU,0.92,High Risk,79.75,Month-to-month,2
6960-HVYXR,0.92,High Risk,76.0,Month-to-month,1
1624-NALOJ,0.92,High Risk,89.8,Month-to-month,5
0235-KGSLC,0.92,High Risk,85.55,Month-to-month,1
7594-RQHXR,0.92,High Risk,79.6,Month-to-month,1
7409-KIUTL,0.92,High Risk,71.0,Month-to-month,1
3834-XUIFC,0.92,High Risk,85.2,Month-to-month,7
5565-FILXA,0.92,High Risk,96.15,Month-to-month,16
1084-UQCHV,0.92,High Risk,69.75,Month-to-month,1
2205-YMZZJ,0.92,High Risk,84.8,Month-to-month,7
1833-VGRUM,0.92,High Risk,74.2,Month-to-month,1
4110-PFEUZ,0.92,High Risk,69.55,Month-to-month,1
8357-EQXFO,0.92,High Risk,95.35,Month-to-month,7
1010-DIAUQ,0.92,High Risk,96.5,Month-to-month,5
5564-NEMQO,0.92,High Risk,75.3,Month-to-month,1
9600-NAXZN,0.92,High Risk,101.4,Month-to-month,43
8161-QYMTT,0.92,High Risk,94.1,Month-to-month,7
6496-SLWHQ,0.92,High Risk,105.0,Month-to-month,3
2737-WFVYW,0.92,High Risk,45.25,Month-to-month,2
0684-AOSIH,0.92,High Risk,95.0,Month-to-month,1
1389-CXMLU,0.92,High Risk,91.05,Month-to-month,3
9221-OTIVJ,0.92,High Risk,104.85,Month-to-month,14
2276-YDAVZ,0.92,High Risk,75.1,Month-to-month,3
6015-VVHHE,0.92,High Risk,83.15,Month-to-month,5
2260-USTRB,0.92,High Risk,70.2,Month-to-month,2
4432-ADRLB,0.92,High Risk,44.65,Month-to-month,2
2660-EMUBI,0.92,High Risk,95.35,Month-to-month,10
1273-MTETI,0.92,High Risk,88.85,Month-to-month,4
4678-DVQEO,0.92,High Risk,52.2,Month-to-month,1
8634-MPHTR,0.92,High Risk,100.05,Month-to-month,47
2027-FECZV,0.92,High Risk,106.7,Month-to-month,12
2265-CYWIV,0.92,High Risk,99.6,Month-to-month,4
8000-REIQB,0.918,High Risk,69.95,Month-to-month,1
4587-VVTOX,0.91,High Risk,105.3,Month-to-month,6
8086-OVPWV,0.91,High Risk,80.2,Month-to-month,2
4229-CZMLL,0.91,High Risk,74.9,Month-to-month,6
7089-IVVAZ,0.91,High Risk,103.35,Month-to-month,8
4060-LDNLU,0.91,High Risk,96.2,Month-to-month,7
0376-YMCJC,0.91,High Risk,90.6,Month-to-month,23
2642-DTVCO,0.91,High Risk,85.05,Month-to-month,9
3318-OSATS,0.91,High Risk,95.45,Month-to-month,35
3643-AHCFP,0.91,High Risk,95.6,Month-to-month,7
2362-IBOOY,0.91,High Risk,84.75,Month-to-month,36
8625-AZYZY,0.91,High Risk,104.65,Month-to-month,24
5519-YLDGW,0.91,High Risk,103.9,Month-to-month,21
2386-LAHRK,0.91,High Risk,53.5,Month-to-month,1
9837-BMCLM,0.91,High Risk,78.5,Month-to-month,3
1195-OIYEJ,0.91,High Risk,91.1,Month-to-month,13
9576-ANLXO,0.91,High Risk,69.55,Month-to-month,3
7615-ESMYF,0.91,High Risk,44.6,Month-to-month,2
4512-ZUIYL,0.91,High Risk,70.0,Month-to-month,2
8168-UQWWF,0.91,High Risk,97.85,Month-to-month,11
4713-LZDRV,0.91,High Risk,79.6,Month-to-month,2
7250-EQKIY,0.91,High Risk,50.45,Month-to-month,1
5095-AESKG,0.91,High Risk,91.5,Month-to-month,3
5445-UTODQ,0.91,High Risk,81.1,Month-to-month,7
0337-CNPZE,0.91,High Risk,106.3,Month-to-month,41
1875-QIVME,0.91,High Risk,104.4,Month-to-month,2
0220-EBGCE,0.91,High Risk,85.85,Month-to-month,2
1448-PWKYE,0.91,High Risk,80.0,Month-to-month,1
1450-GALXR,0.91,High Risk,98.5,Month-to-month,10
6772-KSATR,0.91,High Risk,81.7,Month-to-month,1
1564-NTYXF,0.91,High Risk,82.0,Month-to-month,13
5889-LFOLL,0.91,High Risk,84.6,Month-to-month,13
2612-RRIDN,0.91,High Risk,81.0,Month-to-month,4
9894-EZEWG,0.91,High Risk,74.3,Month-to-month,1
0612-RTZZA,0.91,High Risk,25.25,Month-to-month,1
2956-GGUCQ,0.91,High Risk,78.85,Month-to-month,24
5482-PLVPE,0.91,High Risk,24.35,Month-to-month,2
2446-PLQVO,0.91,High Risk,70.3,Month-to-month,1
4423-YLHDV,0.91,High Risk,104.4,Month-to-month,21
8111-RKSPX,0.9,High Risk,72.2,Month-to-month,4
8443-ZRDBZ,0.9,High Risk,76.05,Month-to-month,4
1496-GGSUK,0.9,High Risk,25.7,Month-to-month,1
0325-XBFAC,0.9,High Risk,94.7,Month-to-month,8
6877-TJMBR,0.9,High Risk,84.8,Month-to-month,1
3703-VAVCL,0.9,High Risk,90.0,Month-to-month,2
2074-GKOWZ,0.9,High Risk,89.55,Month-to-month,2
8593-WHYHV,0.9,High Risk,85.3,Month-to-month,3
8878-HMWBV,0.9,High Risk,49.15,Month-to-month,3
6993-OHLXR,0.9,High Risk,68.95,Month-to-month,2
6457-USBER,0.9,High Risk,80.8,Month-to-month,1
9317-WZPGV,0.9,High Risk,79.75,Month-to-month,2
4547-KQRTM,0.9,High Risk,80.05,Month-to-month,10
4315-MURBD,0.9,High Risk,98.9,Month-to-month,12
7932-WPTDS,0.9,High Risk,24.8,Month-to-month,1
0722-TROQR,0.9,High Risk,74.9,Month-to-month,4
6005-OBZPH,0.9,High Risk,89.15,Month-to-month,26
0812-WUPTB,0.9,High Risk,70.85,Month-to-month,1
5712-PTIWW,0.9,High Risk,79.85,Month-to-month,2
4140-MUHUG,0.9,High Risk,86.85,Month-to-month,3
0661-XEYAN,0.9,High Risk,25.8,Month-to-month,1
0495-ZBNGW,0.9,High Risk,79.9,Month-to-month,5
5649-ANRML,0.9,High Risk,95.1,Month-to-month,2
0727-IWKVK,0.9,High Risk,79.9,Month-to-month,9
7938-OUHIO,0.9,High Risk,98.7,Month-to-month,3
2919-HBCJO,0.9,High Risk,76.65,Month-to-month,4
2454-RPBRZ,0.9,High Risk,98.1,Month-to-month,12
9944-HKVVB,0.9,High Risk,95.1,Month-to-month,3
4826-XTSOH,0.9,High Risk,86.05,Month-to-month,1
5685-IIXLY,0.9,High Risk,83.6,Month-to-month,5
0362-ZBZWJ,0.9,High Risk,84.9,Month-to-month,36
0616-ATFGB,0.9,High Risk,25.05,Month-to-month,1
5494-HECPR,0.9,High Risk,80.25,Month-to-month,1
1363-TXLSL,0.9,High Risk,70.3,Month-to-month,1
3244-DCJWY,0.9,High Risk,70.25,Month-to-month,1
4847-QNOKA,0.9,High Risk,44.9,Month-to-month,1
4285-GYRQC,0.9,High Risk,86.25,Month-to-month,7
6101-IMRMM,0.9,High Risk,94.5,Month-to-month,6
6390-DSAZX,0.9,High Risk,73.6,Month-to-month,1
3988-RQIXO,0.9,High Risk,91.3,Month-to-month,1
7760-OYPDY,0.9,High Risk,80.65,Month-to-month,2
2055-PDADH,0.9,High Risk,70.4,Month-to-month,3
7054-LGEQW,0.9,High Risk,45.95,Month-to-month,1
2612-RANWT,0.9,High Risk,100.15,Month-to-month,12
0302-JOIVN,0.9,High Risk,101.15,Month-to-month,8
8276-MQBYC,0.9,High Risk,97.8,Month-to-month,51
9408-SSNVZ,0.9,High Risk,70.15,Month-to-month,4
7693-LCKZL,0.9,High Risk,80.15,Month-to-month,5
1640-PLFMP,0.9,High Risk,70.25,Month-to-month,1
1268-ASBGA,0.9,High Risk,85.35,Month-to-month,16
3074-GQWYX,0.9,High Risk,75.9,Month-to-month,5
7273-TEFQD,0.9,High Risk,41.15,Month-to-month,3
3606-TWKGI,0.9,High Risk,106.9,Month-to-month,13
1501-SGHBW,0.9,High Risk,45.85,Month-to-month,2
4021-RQSNY,0.89,High Risk,98.5,Month-to-month,29
7314-OXENN,0.89,High Risk,82.0,Month-to-month,2
3045-XETSH,0.89,High Risk,94.85,Month-to-month,10
0231-LXVAP,0.89,High Risk,75.9,Month-to-month,1
0685-MLYYM,0.89,High Risk,70.75,Month-to-month,2
1309-BXVOQ,0.89,High Risk,106.1,Month-to-month,21
5052-PNLOS,0.89,High Risk,105.35,Month-to-month,3
8696-JKZNU,0.89,High Risk,76.25,Month-to-month,37
4289-DTDKW,0.89,High Risk,101.3,Month-to-month,40
0151-ONTOV,0.89,High Risk,70.9,Month-to-month,1
5940-AHUHD,0.89,High Risk,70.6,Month-to-month,1
1400-MMYXY,0.89,High Risk,105.9,Month-to-month,3
0390-DCFDQ,0.89,High Risk,70.45,Month-to-month,1
1184-PJVDB,0.89,High Risk,79.95,Month-to-month,10
6168-WFVVF,0.89,High Risk,70.3,Month-to-month,3
7480-QNVZJ,0.89,High Risk,95.7,Month-to-month,50
4112-LUEIZ,0.89,High Risk,89.5,Month-to-month,10
3750-CKVKH,0.89,High Risk,67.75,Month-to-month,2
9094-AZPHK,0.89,High Risk,100.15,Month-to-month,15
8263-JQAIK,0.89,High Risk,24.45,Month-to-month,2
0702-PGIBZ,0.89,High Risk,101.7,Month-to-month,4
6376-GAHQE,0.89,High Risk,77.85,Month-to-month,4
6432-TWQLB,0.89,High Risk,85.4,Month-to-month,5
9282-IZGQK,0.89,High Risk,85.0,Month-to-month,1
9514-JDSKI,0.89,High Risk,40.2,Month-to-month,1
7005-CCBKV,0.89,High Risk,84.4,Month-to-month,6
3627-FHKBK,0.89,High Risk,75.3,Month-to-month,1
2275-RBYQS,0.89,High Risk,45.4,Month-to-month,1
5692-FPTAH,0.89,High Risk,45.4,Month-to-month,1
5103-MHMHY,0.89,High Risk,45.95,Month-to-month,1
2754-VDLTR,0.89,High Risk,95.2,Month-to-month,10
2516-VQRRV,0.89,High Risk,75.45,Month-to-month,2
4636-QRJKY,0.89,High Risk,80.5,Month-to-month,6
7218-HKQFK,0.89,High Risk,94.2,Month-to-month,2
7079-QRCBC,0.89,High Risk,98.75,Month-to-month,24
7538-GWHML,0.89,High Risk,69.65,Month-to-month,2
7817-BOQPW,0.89,High Risk,75.55,Month-to-month,2
5159-YFPKQ,0.89,High Risk,75.8,Month-to-month,2
3473-XIIIT,0.89,High Risk,100.0,Month-to-month,16
5896-NPFWW,0.89,High Risk,50.15,Month-to-month,3
7890-VYYWG,0.89,High Risk,36.45,Month-to-month,3
3372-KWFBM,0.89,High Risk,86.6,Month-to-month,16
1628-BIZYP,0.89,High Risk,85.0,Month-to-month,1
2408-WITXK,0.89,High Risk,34.7,Month-to-month,10
9601-BRXPO,0.89,High Risk,104.95,Month-to-month,25
4929-XIHVW,0.89,High Risk,95.5,Month-to-month,2
6502-HCJTI,0.89,High Risk,94.7,Month-to-month,7
7270-BDIOA,0.89,High Risk,90.0,Month-to-month,22
6680-WKXRZ,0.89,High Risk,74.4,Month-to-month,3
4514-GFCFI,0.89,High Risk,84.75,Month-to-month,16
3049-SOLAY,0.89,High Risk,95.2,Month-to-month,3
9692-TUSXH,0.89,High Risk,96.05,Month-to-month,18
1213-NGCUN,0.89,High Risk,49.65,Month-to-month,6
5186-SAMNZ,0.89,High Risk,69.5,Month-to-month,1
1122-JWTJW,0.89,High Risk,70.65,Month-to-month,1
0515-YPMCW,0.89,High Risk,70.45,Month-to-month,1
2034-GDRCN,0.89,High Risk,90.4,Month-to-month,2
9763-PDTKK,0.89,High Risk,94.4,Month-to-month,4
9846-GKXAS,0.89,High Risk,90.8,Month-to-month,9
4192-GORJT,0.89,High Risk,94.45,Month-to-month,5
7341-LXCAF,0.89,High Risk,74.65,Month-to-month,4
1066-JKSGK,0.887,High Risk,20.15,Month-to-month,1
1934-SJVJK,0.887,High Risk,20.15,Month-to-month,1
8305-VHZBZ,0.883,High Risk,20.2,Month-to-month,1
5356-RHIPP,0.883,High Risk,20.2,Month-to-month,1
5956-VKDTT,0.88,High Risk,74.35,Month-to-month,5
2091-RFFBA,0.88,High Risk,73.9,Month-to-month,31
9367-WXLCH,0.88,High Risk,84.5,Month-to-month,8
7851-FLGGQ,0.88,High Risk,44.65,Month-to-month,1
2778-OCLGR,0.88,High Risk,39.1,Month-to-month,24
5567-WSELE,0.88,High Risk,94.6,Month-to-month,3
7595-EUIVN,0.88,High Risk,75.8,Month-to-month,1
3946-MHCZW,0.88,High Risk,50.9,Month-to-month,1
2952-QAYZF,0.88,High Risk,85.3,Month-to-month,5
7180-PISOG,0.88,High Risk,74.5,Month-to-month,1
7495-OOKFY,0.88,High Risk,80.65,Month-to-month,8
4846-WHAFZ,0.88,High Risk,76.5,Month-to-month,37
5261-QSHQM,0.88,High Risk,24.45,Month-to-month,4
8063-RJYNF,0.88,High Risk,94.25,Month-to-month,16
7613-LLQFO,0.88,High Risk,84.45,Month-to-month,12
1455-UGQVH,0.88,High Risk,98.5,Month-to-month,10
1660-HSOOQ,0.88,High Risk,49.65,Month-to-month,1
2959-MJHIC,0.88,High Risk,80.35,Month-to-month,4
2951-QOQTK,0.88,High Risk,80.8,Month-to-month,4
1602-IJQQE,0.88,High Risk,75.35,Month-to-month,4
9606-PBKBQ,0.88,High Risk,85.0,Month-to-month,32
0328-GRPMV,0.88,High Risk,70.1,Month-to-month,1
6029-WTIPC,0.88,High Risk,101.1,Month-to-month,37
7249-WBIYX,0.88,High Risk,85.6,Month-to-month,10
8185-UPYBR,0.88,High Risk,75.5,Month-to-month,6
7156-MHUGY,0.88,High Risk,90.5,Month-to-month,13
6198-ZFIOJ,0.88,High Risk,75.6,Month-to-month,5
4910-AQFFX,0.88,High Risk,79.35,Month-to-month,9
5293-WXJAK,0.88,High Risk,104.05,Month-to-month,11
6513-EECDB,0.88,High Risk,73.55,Month-to-month,1
6110-OHIHY,0.88,High Risk,79.25,Month-to-month,3
8267-ZNYVZ,0.88,High Risk,103.75,One year,33
8943-URTMR,0.88,High Risk,79.65,Month-to-month,2
9840-DVNDC,0.88,High Risk,80.5,Month-to-month,6
0947-MUGVO,0.88,High Risk,73.65,Month-to-month,20
0345-HKJVM,0.88,High Risk,89.3,Month-to-month,6
3217-FZDMN,0.88,High Risk,94.45,Month-to-month,8
7508-MYBOG,0.88,High Risk,86.1,Month-to-month,14
7028-DVOIQ,0.88,High Risk,99.05,Month-to-month,35
8473-VUVJN,0.88,High Risk,73.65,Month-to-month,1
8481-YYXWG,0.88,High Risk,89.35,Month-to-month,5
1567-DSCIC,0.88,High Risk,94.0,Month-to-month,8
4702-IOQDC,0.88,High Risk,70.1,Month-to-month,1
7563-BIUPC,0.88,High Risk,80.6,Month-to-month,5
9809-IMGCQ,0.88,High Risk,96.7,Month-to-month,22
6298-QDFNH,0.88,High Risk,79.35,Month-to-month,22
7153-OANIO,0.8792,High Risk,69.95,Month-to-month,1
7839-QRKXN,0.8758,High Risk,20.2,Month-to-month,1
4629-NRXKX,0.87,High Risk,70.4,Month-to-month,2
8382-SHQEH,0.87,High Risk,84.9,Month-to-month,8
6467-CHFZW,0.87,High Risk,99.35,Month-to-month,47
8642-GVWRF,0.87,High Risk,79.7,Month-to-month,2
5655-JSMZM,0.87,High Risk,96.2,Month-to-month,49
7120-RFMVS,0.87,High Risk,84.5,Month-to-month,1
4361-BKAXE,0.87,High Risk,114.5,Month-to-month,41
5204-QZXPU,0.87,High Risk,39.65,Month-to-month,19
0940-OUQEC,0.87,High Risk,80.7,Month-to-month,10
5976-JCJRH,0.87,High Risk,70.3,Month-to-month,10
9734-YWGEX,0.87,High Risk,98.3,Month-to-month,9
5087-SUURX,0.87,High Risk,39.05,Month-to-month,18
3744-ZRRDZ,0.87,High Risk,82.35,Month-to-month,21
4759-TRPLW,0.87,High Risk,70.4,Month-to-month,1
2154-KVJFF,0.87,High Risk,79.75,Month-to-month,15
9190-MFJLN,0.87,High Risk,95.9,Month-to-month,19
3097-NQYSN,0.87,High Risk,86.85,Month-to-month,2
4369-HTUIF,0.87,High Risk,85.15,Month-to-month,6
3841-CONLJ,0.87,High Risk,35.0,Month-to-month,1
7142-HVGBG,0.87,High Risk,103.0,Month-to-month,43
4009-ALQFH,0.87,High Risk,99.5,Month-to-month,25
2982-VPSGI,0.87,High Risk,94.0,Month-to-month,11
2845-HSJCY,0.87,High Risk,87.25,Month-to-month,14
8808-ELEHO,0.87,High Risk,81.25,Month-to-month,8
7056-IMHCC,0.87,High Risk,101.9,Month-to-month,53
8922-LIEGH,0.87,High Risk,89.7,Month-to-month,25
0576-WNXXC,0.87,High Risk,95.55,Month-to-month,27
4817-QRJSX,0.87,High Risk,81.0,Month-to-month,10
2990-HWIML,0.87,High Risk,89.5,Month-to-month,6
9444-JTXHZ,0.87,High Risk,76.2,Month-to-month,1
0611-DFXKO,0.87,High Risk,89.0,Month-to-month,20
4277-PVRAN,0.87,High Risk,80.1,Month-to-month,8
6618-RYATB,0.87,High Risk,79.55,Month-to-month,1
8802-UNOJF,0.87,High Risk,83.8,Month-to-month,12
1415-YFWLT,0.87,High Risk,89.3,Month-to-month,1
3165-HDOEW,0.87,High Risk,45.85,Month-to-month,1
6330-JKLPC,0.87,High Risk,80.5,Month-to-month,11
4929-BSTRX,0.87,High Risk,53.55,Month-to-month,1
3106-ULWFW,0.87,High Risk,85.2,Month-to-month,8
8651-ENBZX,0.87,High Risk,106.0,One year,60
1731-TVIUK,0.87,High Risk,93.5,Month-to-month,4
8868-WOZGU,0.87,High Risk,105.7,Month-to-month,28
1867-BDVFH,0.87,High Risk,74.35,Month-to-month,11
8290-YWKHZ,0.87,High Risk,93.2,Month-to-month,32
8065-YKXKD,0.87,High Risk,74.75,Month-to-month,10
4822-NGOCH,0.87,High Risk,84.45,Month-to-month,13
5318-IXUZF,0.87,High Risk,87.15,Month-to-month,2
1925-TIBLE,0.87,High Risk,86.5,Month-to-month,7
9158-VCTQB,0.87,High Risk,113.6,Month-to-month,41
7394-FKDNK,0.87,High Risk,89.45,Month-to-month,9
3070-DVEYC,0.87,High Risk,73.75,Month-to-month,7
2180-DXNEG,0.87,High Risk,96.0,Month-to-month,12
5747-PMBSQ,0.87,High Risk,92.5,Month-to-month,10
7786-WBJYI,0.87,High Risk,77.95,Month-to-month,4
2359-KMGLI,0.87,High Risk,80.25,Month-to-month,24
2568-OIADY,0.87,High Risk,99.5,Month-to-month,37
3319-DWOEP,0.87,High Risk,95.75,Month-to-month,6
2672-DZUOY,0.87,High Risk,25.15,Month-to-month,1
1853-UDXBW,0.8617,High Risk,70.0,Month-to-month,1
1771-OADNZ,0.86,High Risk,95.9,Month-to-month,29
2718-GAXQD,0.86,High Risk,46.0,Month-to-month,4
0378-TOVMS,0.86,High Risk,85.8,Month-to-month,3
3737-GCSPV,0.86,High Risk,96.2,Month-to-month,11
0872-NXJYS,0.86,High Risk,79.55,Month-to-month,9
2719-BDAQO,0.86,High Risk,93.85,Month-to-month,17
0023-XUOPT,0.86,High Risk,94.1,Month-to-month,13
9961-JBNMK,0.86,High Risk,96.8,Month-to-month,21
3068-OMWZA,0.86,High Risk,88.8,Month-to-month,1
6689-TCZHQ,0.86,High Risk,78.95,Month-to-month,5
4598-XLKNJ,0.86,High Risk,98.5,Month-to-month,25
2026-TGDHM,0.86,High Risk,79.3,Month-to-month,7
6347-DCUIK,0.86,High Risk,74.15,Month-to-month,10
0094-OIFMO,0.86,High Risk,95.0,Month-to-month,11
6646-VRFOL,0.86,High Risk,103.85,Month-to-month,53
3329-WDIOK,0.86,High Risk,50.6,Month-to-month,3
6328-ZPBGN,0.86,High Risk,95.15,Month-to-month,11
9058-CBREO,0.86,High Risk,50.55,Month-to-month,1
3198-VELRD,0.86,High Risk,84.75,Month-to-month,3
3440-JPSCL,0.86,High Risk,99.95,Month-to-month,6
2472-OVKUP,0.86,High Risk,91.0,Month-to-month,6
2506-CLAKW,0.86,High Risk,98.15,Month-to-month,6
0506-LVNGN,0.86,High Risk,75.55,Month-to-month,5
6821-BUXUX,0.86,High Risk,96.65,Month-to-month,13
0322-CHQRU,0.86,High Risk,45.35,Month-to-month,2
1612-EOHDH,0.86,High Risk,45.15,Month-to-month,1
4236-XPXAV,0.86,High Risk,99.15,Month-to-month,5
0067-DKWBL,0.86,High Risk,49.25,Month-to-month,2
7783-YKGDV,0.86,High Risk,99.7,Month-to-month,12
2309-OSFEU,0.86,High Risk,33.9,Month-to-month,10
9689-PTNPG,0.86,High Risk,80.25,Month-to-month,2
9189-JWSHV,0.86,High Risk,93.55,Month-to-month,24
2962-XPMCQ,0.86,High Risk,45.15,Month-to-month,2
9992-RRAMN,0.86,High Risk,85.1,Month-to-month,22
4763-PGDPO,0.86,High Risk,70.4,Month-to-month,4
3926-CUQZX,0.86,High Risk,45.1,Month-to-month,1
5520-FVEWJ,0.86,High Risk,84.5,Month-to-month,12
1976-CFOCS,0.86,High Risk,46.0,Month-to-month,1
1320-HTRDR,0.86,High Risk,75.5,Month-to-month,3
4201-JMNGR,0.86,High Risk,55.8,Month-to-month,1
6876-ADESB,0.86,High Risk,48.95,Month-to-month,1
5028-GZLDO,0.86,High Risk,70.7,Month-to-month,2
5561-NWEVX,0.86,High Risk,79.2,Month-to-month,2
4013-UBXWQ,0.86,High Risk,74.65,Month-to-month,7
5380-WJKOV,0.86,High Risk,106.35,Month-to-month,34
1075-BGWOH,0.86,High Risk,98.75,Month-to-month,16
9957-YODKZ,0.86,High Risk,80.8,Month-to-month,6
8417-FMLZI,0.86,High Risk,83.55,Month-to-month,6
6326-MTTXK,0.86,High Risk,100.85,Month-to-month,8
3754-DXMRT,0.86,High Risk,44.15,Month-to-month,2
5669-SRAIP,0.86,High Risk,39.5,Month-to-month,5
9722-UJOJR,0.86,High Risk,70.75,Month-to-month,29
1704-NRWYE,0.86,High Risk,80.85,Month-to-month,9
3494-JCHRQ,0.8528,High Risk,70.05,Month-to-month,1
1866-RZZQS,0.85,High Risk,98.4,Month-to-month,41
8988-ECPJR,0.85,High Risk,79.6,Month-to-month,34
6702-OHFWR,0.85,High Risk,43.3,Month-to-month,1
6777-TGHTM,0.85,High Risk,106.95,One year,53
7384-GHBPI,0.85,High Risk,35.15,Month-to-month,3
2528-HFYZX,0.85,High Risk,76.45,Month-to-month,17
7242-QZLXF,0.85,High Risk,25.3,Month-to-month,1
1658-BYGOY,0.85,High Risk,95.45,Month-to-month,18
6615-NGGZJ,0.85,High Risk,100.55,Month-to-month,14
8739-WWKDU,0.85,High Risk,89.5,Month-to-month,25
6127-ISGTU,0.85,High Risk,84.95,Month-to-month,16
4184-TJFAN,0.85,High Risk,88.3,Month-to-month,3
6437-UKHMV,0.85,High Risk,79.7,Month-to-month,7
1597-FZREH,0.85,High Risk,76.4,Month-to-month,2
4145-UQXUQ,0.85,High Risk,92.1,Month-to-month,8
9647-ERGBE,0.85,High Risk,100.05,Month-to-month,30
9524-EGPJC,0.85,High Risk,90.1,Month-to-month,18
6000-APYLU,0.85,High Risk,80.8,Month-to-month,9
7831-QGOXH,0.85,High Risk,85.2,Month-to-month,18
9747-DDZOS,0.85,High Risk,73.5,Month-to-month,1
1428-GTBJJ,0.85,High Risk,74.55,Month-to-month,11
5908-QMGOE,0.85,High Risk,74.2,Month-to-month,15
8650-RHRKE,0.85,High Risk,29.65,Month-to-month,4
9191-MYQKX,0.85,High Risk,75.15,Month-to-month,7
3393-FMZPV,0.85,High Risk,100.25,Month-to-month,25
6379-RXJRQ,0.85,High Risk,70.1,Month-to-month,10
5649-TJHOV,0.85,High Risk,36.5,Month-to-month,27
1915-IOFGU,0.85,High Risk,70.5,Month-to-month,1
0407-BDJKB,0.85,High Risk,95.75,Month-to-month,60
9369-XFEHK,0.85,High Risk,80.6,Month-to-month,33
1024-VRZHF,0.85,High Risk,74.95,Month-to-month,11
7587-RZNME,0.85,High Risk,43.3,Month-to-month,3
7503-QQRVF,0.85,High Risk,74.3,Month-to-month,16
4816-LXZYW,0.85,High Risk,79.15,Month-to-month,23
1455-ESIQH,0.85,High Risk,89.1,Month-to-month,1
9124-LHCJQ,0.85,High Risk,85.45,Month-to-month,1
5276-KQWHG,0.85,High Risk,69.6,Month-to-month,2
0742-NXBGR,0.84,High Risk,82.3,Month-to-month,1
3538-WZPHD,0.84,High Risk,29.6,Month-to-month,3
6769-DYBQN,0.84,High Risk,85.0,Month-to-month,46
6892-XPFPU,0.84,High Risk,104.25,Month-to-month,24
4439-JMPMT,0.84,High Risk,85.75,Month-to-month,5
5515-IDEJJ,0.84,High Risk,19.9,Month-to-month,1
5868-YWPDW,0.84,High Risk,84.2,Month-to-month,6
9095-HFAFX,0.84,High Risk,81.0,Month-to-month,5
1254-IZEYF,0.84,High Risk,99.95,Month-to-month,31
9546-CQJSU,0.84,High Risk,91.4,Month-to-month,2
3751-KTZEL,0.84,High Risk,35.05,Month-to-month,1
4391-RESHN,0.84,High Risk,104.05,Month-to-month,23
4735-ASGMA,0.84,High Risk,98.35,Month-to-month,26
2320-JRSDE,0.84,High Risk,19.9,Month-to-month,1
2685-SREOM,0.84,High Risk,89.1,Month-to-month,25
2025-JKFWI,0.84,High Risk,99.0,Month-to-month,13
5923-GXUOC,0.84,High Risk,104.4,Month-to-month,10
4433-JCGCG,0.84,High Risk,101.0,Month-to-month,46
4572-DVCGN,0.84,High Risk,80.25,Month-to-month,10
5376-DEQCP,0.84,High Risk,70.6,Month-to-month,1
8429-XIBUM,0.84,High Risk,101.35,Month-to-month,22
5729-KLZAR,0.84,High Risk,80.85,Month-to-month,4
2842-JTCCU,0.84,High Risk,46.05,Month-to-month,2
8623-TMRBY,0.84,High Risk,84.2,Month-to-month,51
4013-TLDHQ,0.84,High Risk,78.25,Month-to-month,19
4154-AQUGT,0.84,High Risk,89.05,Month-to-month,13
7279-BUYWN,0.84,High Risk,113.2,Month-to-month,41
3891-PUQOD,0.84,High Risk,59.2,Month-to-month,1
4817-VYYWS,0.84,High Risk,100.2,Month-to-month,30
9090-SGQXL,0.84,High Risk,105.3,Month-to-month,68
0886-QGENL,0.84,High Risk,101.25,Month-to-month,27
2108-XWMPY,0.84,High Risk,35.45,Month-to-month,3
0578-SKVMF,0.84,High Risk,83.3,Month-to-month,22
3797-VTIDR,0.84,High Risk,23.45,Month-to-month,1
7321-PKUYW,0.84,High Risk,90.15,Month-to-month,11
4548-SDBKE,0.84,High Risk,85.2,Month-to-month,5
3685-YLCMQ,0.84,High Risk,104.65,One year,58
1907-UBQFC,0.84,High Risk,72.85,Month-to-month,10
9907-SWKKF,0.84,High Risk,25.05,Month-to-month,1
9560-ARGQJ,0.84,High Risk,81.0,Month-to-month,16
4317-VTEOA,0.84,High Risk,50.75,Month-to-month,1
3398-ZOUAA,0.84,High Risk,69.1,Month-to-month,21
5130-IEKQT,0.84,High Risk,105.95,Month-to-month,25
7395-IGJOS,0.84,High Risk,81.5,Month-to-month,17
0415-MOSGF,0.84,High Risk,44.4,Month-to-month,1
7181-BQYBV,0.84,High Risk,102.45,Month-to-month,1
1565-RHDJD,0.84,High Risk,84.05,Month-to-month,4
9430-FRQOC,0.84,High Risk,87.1,Month-to-month,4
9725-SCPZG,0.84,High Risk,90.85,Month-to-month,1
4631-OACRM,0.84,High Risk,79.4,Month-to-month,15
4077-CROMM,0.84,High Risk,104.2,Month-to-month,31
2955-PSXOE,0.835,High Risk,20.2,Month-to-month,1
4585-HETAI,0.83,High Risk,73.75,Month-to-month,4
0979-PHULV,0.83,High Risk,99.45,Month-to-month,69
0621-TWIEM,0.83,High Risk,45.55,Month-to-month,10
1583-IHQZE,0.83,High Risk,112.95,Month-to-month,12
9237-HQITU,0.83,High Risk,70.7,Month-to-month,2
9940-HPQPG,0.83,High Risk,91.75,Month-to-month,9
2873-ZLIWT,0.83,High Risk,84.85,Month-to-month,40
8111-SLLHI,0.83,High Risk,105.65,Month-to-month,39
8565-CLBZW,0.83,High Risk,89.85,Month-to-month,24
3668-QPYBK,0.83,High Risk,53.85,Month-to-month,2
9026-RNUJS,0.83,High Risk,50.35,Month-to-month,5
6961-VCPMC,0.83,High Risk,80.4,Month-to-month,46
7780-OTDSO,0.83,High Risk,99.4,Month-to-month,18
4208-UFFGW,0.83,High Risk,44.95,Month-to-month,2
5027-QPKTE,0.83,High Risk,69.35,Month-to-month,7
9637-EIHEQ,0.83,High Risk,50.8,Month-to-month,1
8640-SDGKB,0.83,High Risk,74.4,Month-to-month,4
6210-KBBPI,0.83,High Risk,99.45,Month-to-month,9
7641-EUYET,0.83,High Risk,100.7,Month-to-month,46
3663-MITLP,0.83,High Risk,101.25,Month-to-month,15
2979-SXESE,0.83,High Risk,94.4,Month-to-month,17
0093-XWZFY,0.83,High Risk,104.5,Month-to-month,40
2357-COQEK,0.83,High Risk,103.3,Month-to-month,28
8519-IMDHU,0.83,High Risk,85.6,Month-to-month,15
6204-IEUXJ,0.83,High Risk,80.1,Month-to-month,3
9436-ZBZCT,0.83,High Risk,89.95,Month-to-month,14
4818-QIUFN,0.83,High Risk,79.15,Month-to-month,20
8225-BTJAU,0.83,High Risk,79.25,Month-to-month,10
5834-ASPWA,0.83,High Risk,75.45,Month-to-month,1
7029-RPUAV,0.83,High Risk,100.45,Month-to-month,17
2691-NZETQ,0.83,High Risk,85.35,Month-to-month,9
5842-POCOP,0.83,High Risk,88.9,Month-to-month,5
8182-BJDSI,0.83,High Risk,89.95,Month-to-month,28
6221-AVQYL,0.83,High Risk,73.25,Month-to-month,2
4918-QLLIW,0.83,High Risk,53.4,Month-to-month,3
9283-LZQOH,0.83,High Risk,74.4,Month-to-month,13
5644-PDMZC,0.83,High Risk,89.5,Month-to-month,2
3096-IZETN,0.83,High Risk,78.1,Month-to-month,12
2344-JMOGN,0.83,High Risk,94.85,Month-to-month,9
6142-VSJQO,0.83,High Risk,44.35,Month-to-month,1
8740-XLHDR,0.83,High Risk,43.25,Month-to-month,5
5277-ZLOOR,0.83,High Risk,85.55,Month-to-month,2
7580-UGXNC,0.83,High Risk,54.85,Month-to-month,2
3957-LXOLK,0.83,High Risk,106.15,Month-to-month,28
1587-FKLZB,0.83,High Risk,99.5,Month-to-month,66
0836-SEYLU,0.83,High Risk,40.65,Month-to-month,9
3801-HMYNL,0.83,High Risk,89.15,Month-to-month,1
1541-ETJZO,0.83,High Risk,62.05,Month-to-month,1
5949-XIKAE,0.83,High Risk,83.55,Month-to-month,8
5609-CEBID,0.83,High Risk,94.1,Month-to-month,20
2984-MIIZL,0.83,High Risk,74.8,Month-to-month,4
6849-WLEYG,0.8207,High Risk,19.75,Month-to-month,1
0939-YAPAF,0.82,High Risk,100.25,Month-to-month,35
7488-MXJIV,0.82,High Risk,85.65,Month-to-month,4
4086-YQSNZ,0.82,High Risk,80.4,Month-to-month,3
7549-MYGPK,0.82,High Risk,100.55,Month-to-month,63
6845-RGTYS,0.82,High Risk,98.75,Month-to-month,47
0877-SDMBN,0.82,High Risk,103.95,One year,54
9269-CQOOL,0.82,High Risk,54.7,Month-to-month,3
2382-BCKQJ,0.82,High Risk,100.15,One year,62
4283-FUTGF,0.82,High Risk,79.85,Month-to-month,19
9415-DPEWS,0.82,High Risk,88.35,Month-to-month,18
5536-RTPWK,0.82,High Risk,99.05,Month-to-month,49
7479-NITWS,0.82,High Risk,89.35,Month-to-month,7
2640-PMGFL,0.82,High Risk,79.5,Month-to-month,27
2672-HUYVI,0.82,High Risk,91.1,Month-to-month,6
8816-VXNZD,0.82,High Risk,75.1,Month-to-month,1
4373-MAVJG,0.82,High Risk,90.9,Month-to-month,14
6311-UEUME,0.82,High Risk,78.9,Month-to-month,29
0709-TVGUR,0.82,High Risk,74.55,Month-to-month,9
4349-GFQHK,0.82,High Risk,54.35,Month-to-month,1
9507-EXLTT,0.82,High Risk,79.35,Month-to-month,1
3755-JBMNH,0.82,High Risk,71.8,Month-to-month,16
8066-POXGX,0.82,High Risk,35.1,Month-to-month,13
4132-KALRO,0.82,High Risk,100.85,Month-to-month,4
6331-EWIEB,0.82,High Risk,85.25,Month-to-month,20
0952-KMEEH,0.82,High Risk,98.15,Month-to-month,13
5949-EBSQK,0.82,High Risk,61.45,Month-to-month,4
7571-YXDAD,0.82,High Risk,74.9,Month-to-month,2
0519-XUZJU,0.82,High Risk,70.75,Month-to-month,1
4958-XCBDQ,0.82,High Risk,101.4,Month-to-month,35
7989-CHGTL,0.82,High Risk,19.6,Month-to-month,1
1264-BYWMS,0.82,High Risk,96.8,Month-to-month,55
8854-CCVSQ,0.82,High Risk,80.65,Month-to-month,18
0334-GDDSO,0.82,High Risk,81.35,Month-to-month,3
0895-DQHEW,0.82,High Risk,104.3,Month-to-month,54
9253-QXKBE,0.82,High Risk,94.45,Month-to-month,29
4927-WWOOZ,0.82,High Risk,91.45,Month-to-month,2
4612-THJBS,0.82,High Risk,104.75,One year,56
6804-GDMOI,0.82,High Risk,106.6,Two year,61
3374-LXDEV,0.82,High Risk,89.4,Month-to-month,13
5804-LEPIM,0.82,High Risk,70.35,Month-to-month,2
8775-LHDJH,0.82,High Risk,90.6,Month-to-month,1
8610-WFCJF,0.82,High Risk,95.6,Month-to-month,49
2239-JALAW,0.82,High Risk,103.25,One year,58
2037-SGXHH,0.82,High Risk,94.65,Month-to-month,38
3669-OYSJI,0.82,High Risk,46.2,Month-to-month,1
0461-CVKMU,0.82,High Risk,83.8,Month-to-month,23
8064-RAVOH,0.82,High Risk,49.85,Month-to-month,1
2725-KXXWT,0.82,High Risk,90.75,Month-to-month,1
5480-HPRRX,0.82,High Risk,25.3,Month-to-month,3
8361-LTMKD,0.82,High Risk,74.4,Month-to-month,4
0818-OCPZO,0.82,High Risk,81.45,Month-to-month,27
5899-MQZZL,0.82,High Risk,75.0,Month-to-month,13
4255-DDUOU,0.82,High Risk,20.5,Month-to-month,1
6906-ANDWJ,0.82,High Risk,74.9,Month-to-month,15
2592-SEIFQ,0.82,High Risk,24.75,Month-to-month,3
5590-BYNII,0.82,High Risk,100.75,Month-to-month,22
8824-RWFXJ,0.82,High Risk,56.15,Month-to-month,3
2082-OJVTK,0.82,High Risk,89.2,Month-to-month,29
6615-ZGEDR,0.8173,High Risk,19.7,Month-to-month,1
4102-OQUPX,0.81,High Risk,74.4,Month-to-month,1
5364-XYIRR,0.81,High Risk,94.65,Month-to-month,51
9239-ZBZZV,0.81,High Risk,47.95,Month-to-month,6
0260-ZDLGK,0.81,High Risk,72.9,Month-to-month,9
0378-NHQXU,0.81,High Risk,88.25,Month-to-month,17
8837-VVWLQ,0.81,High Risk,84.95,Month-to-month,8
4094-NSEDU,0.81,High Risk,94.25,Month-to-month,21
9787-XVQIU,0.81,High Risk,75.3,Month-to-month,1
4902-OHLSK,0.81,High Risk,98.65,Month-to-month,29
2397-BRLOM,0.81,High Risk,80.45,Month-to-month,8
7579-OOPEC,0.81,High Risk,50.15,Month-to-month,2
6402-ZFPPI,0.81,High Risk,102.8,Month-to-month,25
7979-CORPM,0.81,High Risk,90.55,Month-to-month,24
6661-HBGWL,0.81,High Risk,104.75,Month-to-month,42
4325-NFSKC,0.81,High Risk,90.6,Month-to-month,19
1197-BVMVG,0.81,High Risk,74.45,Month-to-month,4
5366-IJEQJ,0.81,High Risk,88.7,Month-to-month,20
3804-RVTGV,0.81,High Risk,103.85,Month-to-month,50
0875-CABNR,0.81,High Risk,84.6,Month-to-month,10
4074-SJFFA,0.81,High Risk,54.75,Month-to-month,1
3348-CFRNX,0.81,High Risk,92.35,Month-to-month,28
5016-ETTFF,0.81,High Risk,29.5,Month-to-month,10
3211-ILJTT,0.81,High Risk,70.4,Month-to-month,17
2911-UREFD,0.81,High Risk,55.9,Month-to-month,39
6413-XKKPU,0.81,High Risk,89.4,Month-to-month,17
6849-OYAMU,0.81,High Risk,100.0,One year,19
6686-YPGHK,0.81,High Risk,85.5,Month-to-month,47
6366-ZGQGL,0.81,High Risk,24.8,Month-to-month,1
3683-QKIUE,0.81,High Risk,50.8,Month-to-month,6
9710-ZUSHQ,0.81,High Risk,106.75,Month-to-month,37
5673-FSSMF,0.81,High Risk,60.15,Month-to-month,1
7379-POKDZ,0.81,High Risk,70.3,Month-to-month,3
0533-BNWKF,0.81,High Risk,85.45,Month-to-month,55
5244-IRFIH,0.81,High Risk,94.5,Month-to-month,33
3565-UNOCC,0.81,High Risk,99.05,Month-to-month,29
1196-AMORA,0.81,High Risk,73.6,Month-to-month,7
6910-HADCM,0.81,High Risk,76.35,Month-to-month,1
1597-LHYNC,0.81,High Risk,95.0,Month-to-month,26
3640-PHQXK,0.81,High Risk,89.9,Month-to-month,31
5931-FLJJF,0.81,High Risk,70.1,Month-to-month,7
8665-UTDHZ,0.81,High Risk,30.2,Month-to-month,1
6689-KXGBO,0.81,High Risk,50.55,Month-to-month,1
8374-XGEJJ,0.81,High Risk,101.0,Month-to-month,43
5442-XSDCW,0.81,High Risk,79.5,Month-to-month,11
9381-NDKME,0.81,High Risk,40.65,Month-to-month,24
2626-URJFX,0.81,High Risk,50.9,Month-to-month,4
0318-QUUOB,0.81,High Risk,80.55,Month-to-month,1
2462-XIIJB,0.81,High Risk,92.5,Month-to-month,5
6979-ZNSFF,0.81,High Risk,87.05,Month-to-month,8
9391-EOYLI,0.81,High Risk,80.45,Month-to-month,12
0004-TLHLJ,0.81,High Risk,73.9,Month-to-month,4
8806-EAGWC,0.81,High Risk,55.15,Month-to-month,3
7625-XCQRH,0.81,High Risk,76.5,Month-to-month,11
7603-USHJS,0.81,High Risk,73.75,Month-to-month,12
0348-SDKOL,0.81,High Risk,102.1,Month-to-month,58
3398-FSHON,0.81,High Risk,91.3,Month-to-month,12
3536-IQCTX,0.81,High Risk,85.3,Month-to-month,32
3247-ZVOUO,0.8,High Risk,85.55,Month-to-month,10
5208-HFSBT,0.8,High Risk,55.05,Month-to-month,2
0723-DRCLG,0.8,High Risk,74.45,Month-to-month,1
5493-SDRDQ,0.8,High Risk,55.1,Month-to-month,2
3317-HRTNN,0.8,High Risk,45.7,Month-to-month,5
8337-MSSXB,0.8,High Risk,86.3,Month-to-month,14
2568-BRGYX,0.8,High Risk,70.2,Month-to-month,4
6275-YDUVO,0.8,High Risk,86.2,Month-to-month,2
4628-CTTLA,0.8,High Risk,39.3,Month-to-month,57
4911-BANWH,0.8,High Risk,86.55,Month-to-month,31
4441-NIHPT,0.8,High Risk,74.3,Month-to-month,13
8861-HGGKB,0.8,High Risk,86.45,Month-to-month,10
2636-OHFMN,0.8,High Risk,48.55,Month-to-month,4
2108-YKQTY,0.8,High Risk,50.7,Month-to-month,4
2983-ZANRP,0.8,High Risk,73.55,Month-to-month,2
2189-WWOEW,0.8,High Risk,85.9,Month-to-month,15
3138-BKYAV,0.8,High Risk,85.35,Month-to-month,6
0032-PGELS,0.8,High Risk,30.5,Month-to-month,1
0637-UBJRP,0.8,High Risk,84.05,Month-to-month,13
5389-FFVKB,0.8,High Risk,80.3,Month-to-month,32
3791-LGQCY,0.8,High Risk,100.65,Month-to-month,56
5233-GEEAX,0.8,High Risk,29.4,Month-to-month,8
8496-EJAUI,0.8,High Risk,73.85,Month-to-month,19
4558-FANTW,0.8,High Risk,91.85,Month-to-month,17
3506-LCJDC,0.8,High Risk,19.95,Month-to-month,1
9330-IJWIO,0.8,High Risk,100.35,Month-to-month,13
8051-HJRLT,0.8,High Risk,70.55,Month-to-month,1
1493-AMTIE,0.8,High Risk,20.2,Month-to-month,1
0224-HJAPT,0.8,High Risk,47.15,Month-to-month,5
3566-HJGPK,0.8,High Risk,45.55,Month-to-month,1
6022-UGGSO,0.8,High Risk,74.4,Month-to-month,32
8914-RBTSB,0.8,High Risk,93.8,Month-to-month,31
4351-QLCSU,0.8,High Risk,55.0,Month-to-month,1
6317-YPKDH,0.8,High Risk,29.95,Month-to-month,1
7511-YMXVQ,0.8,High Risk,45.4,Month-to-month,9
6047-YHPVI,0.8,High Risk,69.7,Month-to-month,5
9574-RKJIF,0.8,High Risk,94.4,Month-to-month,30
4030-VPZBD,0.8,High Risk,30.9,Month-to-month,2
5143-EGQFK,0.8,High Risk,29.65,Month-to-month,10
4248-HCETZ,0.8,High Risk,79.65,Month-to-month,30
6834-NXDCA,0.8,High Risk,23.9,Month-to-month,13
0320-JDNQG,0.8,High Risk,99.85,Month-to-month,23
9851-KIELU,0.8,High Risk,110.1,Month-to-month,10
2845-AFFTX,0.8,High Risk,99.8,Month-to-month,41
0871-URUWO,0.8,High Risk,102.25,Month-to-month,13
3908-BLSYF,0.8,High Risk,83.9,Month-to-month,6
6825-UYPFK,0.8,High Risk,75.6,Month-to-month,23
6857-VWJDT,0.8,High Risk,95.65,Month-to-month,1
3276-HDUEG,0.8,High Risk,75.05,Month-to-month,1
0617-FHSGK,0.8,High Risk,75.2,Month-to-month,49
9057-MSWCO,0.8,High Risk,30.75,Month-to-month,27
3886-CERTZ,0.8,High Risk,109.25,One year,72
7503-ZGUZJ,0.8,High Risk,84.65,Month-to-month,1
2237-ZFSMY,0.8,High Risk,95.55,One year,39
3027-ZTDHO,0.8,High Risk,89.9,Month-to-month,1
8073-IJDCM,0.7958,High Risk,20.3,Month-to-month,1
7486-KSRVI,0.79,High Risk,100.0,One year,43
7599-FKVXZ,0.79,High Risk,106.15,Month-to-month,42
9667-EQRXU,0.79,High Risk,40.3,Month-to-month,30
2195-ZRVAX,0.79,High Risk,85.3,Month-to-month,47
6543-CPZMK,0.79,High Risk,29.95,Month-to-month,9
2632-UCGVD,0.79,High Risk,100.05,Month-to-month,66
1087-UDSIH,0.79,High Risk,19.6,Month-to-month,3
9564-KCLHR,0.79,High Risk,51.25,Month-to-month,1
3235-ETOOB,0.79,High Risk,74.5,Month-to-month,8
5357-TZHPP,0.79,High Risk,84.4,Month-to-month,9
0968-GSIKN,0.79,High Risk,70.8,Month-to-month,1
4566-GOLUK,0.79,High Risk,107.35,Month-to-month,47
5228-EXCET,0.79,High Risk,80.85,Month-to-month,13
4659-NZRUF,0.79,High Risk,95.15,Month-to-month,19
4282-YMKNA,0.79,High Risk,74.75,Month-to-month,9
7774-OJSXI,0.79,High Risk,103.45,One year,31
0133-BMFZO,0.79,High Risk,86.25,Month-to-month,2
1271-SJBGZ,0.79,High Risk,43.65,Month-to-month,12
0925-VYDLG,0.79,High Risk,75.25,Month-to-month,3
5295-PCJOO,0.79,High Risk,49.4,Month-to-month,4
2884-GBPFB,0.79,High Risk,70.3,Month-to-month,35
6633-MPWBS,0.79,High Risk,49.2,Month-to-month,5
5650-VDUDS,0.79,High Risk,24.25,Month-to-month,4
4959-JOSRX,0.79,High Risk,44.6,Month-to-month,2
0259-GBZSH,0.79,High Risk,85.65,Month-to-month,2
2379-ENZGV,0.79,High Risk,84.85,Month-to-month,6
2153-MREFK,0.79,High Risk,99.2,One year,37
7675-OZCZG,0.79,High Risk,45.0,Month-to-month,3
2372-HWUHI,0.79,High Risk,44.35,Month-to-month,2
5180-UCIIQ,0.79,High Risk,40.05,Month-to-month,22
6892-EZDTG,0.79,High Risk,91.65,Month-to-month,4
8780-IXSTS,0.79,High Risk,90.1,Month-to-month,6
0115-TFERT,0.79,High Risk,111.2,Month-to-month,21
4471-KXAUH,0.79,High Risk,84.3,Month-to-month,42
4385-GZQXV,0.79,High Risk,94.45,Month-to-month,16
3656-TKRVZ,0.79,High Risk,55.35,Month-to-month,3
7893-IXHRQ,0.79,High Risk,20.55,Month-to-month,1
9921-ZVRHG,0.79,High Risk,80.45,Month-to-month,14
1846-XWOQN,0.79,High Risk,70.15,Month-to-month,1
5099-BAILX,0.79,High Risk,110.75,Month-to-month,43
0742-MOABM,0.79,High Risk,50.05,Month-to-month,4
4919-MOAVT,0.79,High Risk,69.65,Month-to-month,3
2754-XBHTB,0.79,High Risk,77.65,Month-to-month,9
9249-FXSCK,0.79,High Risk,111.25,One year,52
5909-ECHUI,0.79,High Risk,56.25,Month-to-month,1
9734-UYXQI,0.79,High Risk,49.4,Month-to-month,2
3540-RZJYU,0.79,High Risk,86.2,Month-to-month,15
5449-FIBXJ,0.79,High Risk,103.3,Month-to-month,19
7703-ZEKEF,0.79,High Risk,81.0,Month-to-month,23
0329-GTIAJ,0.79,High Risk,97.9,Month-to-month,3
4690-LLKUA,0.79,High Risk,45.05,Month-to-month,17
6393-WRYZE,0.79,High Risk,97.65,Month-to-month,34
4919-IKATY,0.79,High Risk,84.5,Month-to-month,5
0137-OCGAB,0.79,High Risk,80.2,Month-to-month,1
4554-YGZIH,0.79,High Risk,90.05,Month-to-month,49
7248-VZQLC,0.79,High Risk,85.2,Month-to-month,47
3803-KMQFW,0.7845,High Risk,20.55,Month-to-month,1
0125-LZQXK,0.78,High Risk,101.35,Month-to-month,15
0280-XJGEX,0.78,High Risk,103.7,Month-to-month,49
8019-ENHXU,0.78,High Risk,99.45,Month-to-month,42
3550-SAHFP,0.78,High Risk,83.35,Month-to-month,33
9254-RBFON,0.78,High Risk,98.6,One year,17
9170-CCKOU,0.78,High Risk,90.2,Month-to-month,17
5175-AOBHI,0.78,High Risk,46.0,Month-to-month,4
3023-GFLBR,0.78,High Risk,86.15,Month-to-month,33
0623-IIHUG,0.78,High Risk,41.9,Month-to-month,21
0354-WYROK,0.78,High Risk,98.9,Month-to-month,31
4749-VFKVB,0.78,High Risk,50.1,Month-to-month,1
6599-CEBNN,0.78,High Risk,73.95,Month-to-month,34
4818-DRBQT,0.78,High Risk,80.15,Month-to-month,29
1689-MRZQR,0.78,High Risk,78.3,Month-to-month,34
5980-NOPLP,0.78,High Risk,96.1,Month-to-month,44
0778-NELLA,0.78,High Risk,34.7,Month-to-month,9
3254-YRILK,0.78,High Risk,88.2,Month-to-month,19
9172-JITSM,0.78,High Risk,90.8,Month-to-month,26
0947-IDHRQ,0.78,High Risk,80.3,Month-to-month,7
4855-SNKMY,0.78,High Risk,44.1,Month-to-month,1
7207-RMRDB,0.78,High Risk,105.5,Month-to-month,65
4822-YCXMX,0.78,High Risk,84.8,Month-to-month,25
2034-CGRHZ,0.78,High Risk,102.95,Month-to-month,24
6179-GJPSO,0.78,High Risk,108.15,Month-to-month,43
2311-QYMUQ,0.78,High Risk,89.45,Month-to-month,16
2894-QOJRX,0.78,High Risk,34.0,Month-to-month,25
1113-IUJYX,0.78,High Risk,105.95,One year,14
3934-HXCFZ,0.78,High Risk,99.25,Month-to-month,23
5832-XKAES,0.78,High Risk,69.8,Month-to-month,2
5480-TBGPH,0.78,High Risk,99.3,Month-to-month,24
4652-NNHNY,0.78,High Risk,73.85,Month-to-month,16
9661-MHUMO,0.78,High Risk,49.25,Month-to-month,1
3144-AUDBS,0.78,High Risk,49.15,Month-to-month,6
6356-ELRKD,0.78,High Risk,95.6,Month-to-month,1
9821-POOTN,0.78,High Risk,75.2,Month-to-month,35
7493-TPUWZ,0.78,High Risk,79.15,Month-to-month,1
4803-AXVYP,0.78,High Risk,99.55,Month-to-month,38
8919-FYFQZ,0.78,High Risk,30.35,Month-to-month,44
5998-VVEJY,0.78,High Risk,80.5,Month-to-month,26
4342-HENTK,0.78,High Risk,70.65,Month-to-month,2
1589-AGTLK,0.78,High Risk,45.35,Month-to-month,3
8685-WHQPW,0.78,High Risk,74.4,Month-to-month,22
2722-JMONI,0.78,High Risk,49.55,Month-to-month,1
3237-AJGEH,0.78,High Risk,31.0,Month-to-month,3
1809-DMJHQ,0.78,High Risk,46.0,Month-to-month,5
2860-RANUS,0.78,High Risk,85.8,Month-to-month,20
6987-XQSJT,0.78,High Risk,79.5,Month-to-month,54
6394-MFYNG,0.78,High Risk,107.4,Month-to-month,48
5307-DZCVC,0.78,High Risk,85.95,Month-to-month,32
4139-SUGLD,0.78,High Risk,35.4,Month-to-month,31
6982-UQZLY,0.7767,High Risk,20.85,Month-to-month,1
2249-YPRNG,0.77,High Risk,105.85,Month-to-month,20
0727-BMPLR,0.77,High Risk,100.0,One year,55
4484-GLZOU,0.77,High Risk,105.05,Month-to-month,52
3859-CVCET,0.77,High Risk,45.65,Month-to-month,4
0013-EXCHZ,0.77,High Risk,83.9,Month-to-month,3
3669-LVWZB,0.77,High Risk,51.0,Month-to-month,5
5889-JTMUL,0.77,High Risk,95.05,Month-to-month,50
6776-TLWOI,0.77,High Risk,19.85,Month-to-month,3
3097-NNSPB,0.77,High Risk,49.05,Month-to-month,2
5569-OUICF,0.77,High Risk,101.3,Month-to-month,28
1262-OPMFY,0.77,High Risk,75.75,Month-to-month,9
9565-DJPIB,0.77,High Risk,89.6,Month-to-month,4
6683-VLCTZ,0.77,High Risk,98.55,Month-to-month,20
6352-TWCAU,0.77,High Risk,86.45,Month-to-month,35
9462-MJUAW,0.77,High Risk,50.4,Month-to-month,4
5572-ZDXHY,0.77,High Risk,84.3,Month-to-month,22
8901-HJXTF,0.77,High Risk,29.2,Month-to-month,12
3249-ZPQRG,0.77,High Risk,78.45,Month-to-month,4
9492-TOKRI,0.77,High Risk,90.0,Month-to-month,18
9318-NKNFC,0.77,High Risk,18.85,Month-to-month,1
1894-IGFSG,0.77,High Risk,89.25,Month-to-month,22
6235-VDHOM,0.77,High Risk,28.45,Month-to-month,5
8621-MNIHH,0.77,High Risk,94.25,Month-to-month,34
7730-IUTDZ,0.77,High Risk,75.2,Month-to-month,43
1323-OOEPC,0.77,High Risk,98.4,Month-to-month,53
0927-LCSMG,0.77,High Risk,74.65,Month-to-month,7
9490-DFPMD,0.77,High Risk,84.65,Month-to-month,42
7623-TRNQN,0.77,High Risk,49.9,Month-to-month,1
7547-EKNFS,0.77,High Risk,95.25,Month-to-month,42
1444-VVSGW,0.77,High Risk,115.65,One year,70
8257-RZAHR,0.77,High Risk,64.7,Month-to-month,14
5959-BELXA,0.77,High Risk,96.15,Month-to-month,32
6331-LWDTQ,0.77,High Risk,72.15,Month-to-month,10
7470-MCQTK,0.77,High Risk,48.75,Month-to-month,13
9940-RHLFB,0.77,High Risk,75.3,Month-to-month,1
1240-KNSEZ,0.77,High Risk,20.1,Month-to-month,1
2219-MVUSO,0.77,High Risk,45.15,Month-to-month,8
3677-IYRBF,0.77,High Risk,30.4,Month-to-month,2
5515-AKOAJ,0.77,High Risk,100.1,Month-to-month,54
5883-GTGVD,0.77,High Risk,99.95,Month-to-month,19
6646-QVXLR,0.77,High Risk,103.75,One year,62
8436-BJUMM,0.77,High Risk,83.75,Month-to-month,26
2114-MGINA,0.77,High Risk,89.8,Month-to-month,14
1000-AJSLD,0.77,High Risk,20.1,Month-to-month,1
7459-RRWQZ,0.77,High Risk,64.65,Month-to-month,15
7881-EVUAD,0.77,High Risk,42.6,Month-to-month,2
1792-UXAFY,0.77,High Risk,89.15,Month-to-month,17
1965-DDBWU,0.77,High Risk,89.05,Month-to-month,16
4592-IWTJI,0.77,High Risk,29.7,Month-to-month,3
6664-FPDAC,0.77,High Risk,111.95,One year,56
1450-SKCVI,0.77,High Risk,73.85,Month-to-month,56
8718-PTMEZ,0.77,High Risk,31.05,Month-to-month,13
3285-UCQVC,0.77,High Risk,28.6,Month-to-month,37
7858-GTZSP,0.77,High Risk,86.55,Month-to-month,12
2058-DCJBE,0.77,High Risk,69.75,Month-to-month,5
8614-VGMMV,0.77,High Risk,49.1,Month-to-month,15
0404-SWRVG,0.77,High Risk,74.4,Month-to-month,3
6345-ULYRW,0.77,High Risk,88.4,One year,44
6595-COKXZ,0.77,High Risk,44.45,Month-to-month,1
6770-XUAGN,0.7683,High Risk,21.0,Month-to-month,1
4667-OHGKG,0.76,High Risk,19.3,Month-to-month,1
6407-UTSLV,0.76,High Risk,83.8,Month-to-month,2
2955-BJZHG,0.76,High Risk,80.85,Month-to-month,17
7065-YUNRY,0.76,High Risk,45.3,Month-to-month,1
1644-IRKSF,0.76,High Risk,93.8,One year,33
7767-UXAGJ,0.76,High Risk,50.45,Month-to-month,1
3705-PSNGL,0.76,High Risk,20.4,One year,45
7881-INRLC,0.76,High Risk,100.85,Month-to-month,45
4081-DYXAV,0.76,High Risk,44.85,One year,19
3757-NJYBX,0.76,High Risk,106.35,Month-to-month,32
6711-FLDFB,0.76,High Risk,74.9,Month-to-month,7
8053-WWDRO,0.76,High Risk,19.5,Month-to-month,6
2606-RMDHZ,0.76,High Risk,30.5,Month-to-month,6
4704-ERYFC,0.76,High Risk,69.25,Month-to-month,22
2398-YPMUR,0.76,High Risk,70.15,Month-to-month,13
6907-NZZIJ,0.76,High Risk,99.15,Month-to-month,36
3049-NDXFL,0.76,High Risk,85.8,Month-to-month,1
2886-KEFUM,0.76,High Risk,107.5,One year,63
4237-RLAQD,0.76,High Risk,45.85,Month-to-month,1
4547-LYTDD,0.76,High Risk,72.65,Month-to-month,16
8993-PHFWD,0.76,High Risk,25.25,Month-to-month,3
1228-FZFRV,0.76,High Risk,105.95,Month-to-month,50
7593-JNWRU,0.76,High Risk,44.6,Month-to-month,6
2057-ZBLPD,0.76,High Risk,86.5,Month-to-month,21
8380-PEFPE,0.76,High Risk,71.65,Month-to-month,1
3838-OZURD,0.76,High Risk,105.0,Month-to-month,66
5485-WUYWF,0.76,High Risk,66.4,Month-to-month,2
0207-MDKNV,0.76,High Risk,105.1,Month-to-month,15
8118-LSUEL,0.76,High Risk,106.4,Month-to-month,23
3488-PGMQJ,0.76,High Risk,74.5,Month-to-month,8
7683-CBDKJ,0.76,High Risk,65.45,Month-to-month,14
7716-YTYHG,0.76,High Risk,82.05,One year,48
9661-ACXBS,0.76,High Risk,105.2,Month-to-month,42
8679-JOEVF,0.76,High Risk,59.4,Month-to-month,16
2232-DMLXU,0.76,High Risk,55.2,Month-to-month,1
7055-VKGDA,0.76,High Risk,105.4,One year,54
3768-NLUBH,0.76,High Risk,100.6,Month-to-month,57
1024-GUALD,0.76,High Risk,24.8,Month-to-month,1
6595-YGXIT,0.76,High Risk,88.95,Month-to-month,25
7743-EXURX,0.76,High Risk,51.05,Month-to-month,8
0402-CQAJN,0.76,High Risk,101.9,Month-to-month,37
3583-EKAPL,0.76,High Risk,55.0,Month-to-month,1
8784-CGILN,0.76,High Risk,99.85,Month-to-month,18
1626-ERCMM,0.76,High Risk,94.55,Month-to-month,20
8601-QACRS,0.76,High Risk,50.6,Month-to-month,5
5154-VEKBL,0.76,High Risk,58.5,Month-to-month,9
9820-RMCQV,0.76,High Risk,48.55,Month-to-month,11
0388-EOPEX,0.76,High Risk,74.4,Month-to-month,2
1251-KRREG,0.76,High Risk,54.4,Month-to-month,2
1334-FJSVR,0.76,High Risk,24.25,Month-to-month,1
6240-EURKS,0.75,High Risk,35.0,Month-to-month,18
9412-GHEEC,0.75,High Risk,104.8,Month-to-month,40
8080-DDEMJ,0.75,High Risk,45.1,Month-to-month,1
6032-KRXXO,0.75,High Risk,90.25,Month-to-month,30
0691-JVSYA,0.75,High Risk,94.85,One year,53
0680-DFNNY,0.75,High Risk,101.1,Month-to-month,15
9185-TQCVP,0.75,High Risk,85.15,Month-to-month,14
3799-ISUZQ,0.75,High Risk,69.95,Month-to-month,7
8722-NGNBH,0.75,High Risk,40.0,Month-to-month,5
3943-KDREE,0.75,High Risk,74.95,Month-to-month,26
5590-YRFJT,0.75,High Risk,24.45,Month-to-month,20
2235-ZGKPT,0.75,High Risk,50.85,Month-to-month,4
2157-MXBJS,0.75,High Risk,75.3,One year,13
2037-XJFUP,0.75,High Risk,95.8,One year,33
5828-AVIPD,0.75,High Risk,100.95,One year,19
5073-WXOYN,0.75,High Risk,50.8,Month-to-month,60
1984-FCOWB,0.75,High Risk,109.5,One year,70
1596-BBVTG,0.75,High Risk,75.35,Month-to-month,35
4831-EOBFE,0.75,High Risk,94.65,Month-to-month,29
0587-DMGBH,0.75,High Risk,49.85,Month-to-month,8
6771-XWBDM,0.75,High Risk,104.5,Month-to-month,57
9227-LUNBG,0.75,High Risk,24.6,Month-to-month,1
7067-KSAZT,0.75,High Risk,106.25,One year,65
5047-LHVLY,0.75,High Risk,50.15,Month-to-month,1
0637-KVDLV,0.75,High Risk,76.5,Month-to-month,2
8627-EHGIP,0.75,High Risk,53.95,One year,44
6982-SSHFK,0.75,High Risk,44.4,Month-to-month,1
6682-QJDGB,0.75,High Risk,55.25,Month-to-month,40
4971-PUYQO,0.75,High Risk,94.55,Month-to-month,27
1582-RAFML,0.75,High Risk,60.1,Month-to-month,1
7931-PXHFC,0.75,High Risk,62.3,One year,38
2815-CPTUL,0.75,High Risk,70.25,Month-to-month,5
3090-HAWSU,0.75,High Risk,111.6,Two year,61
1236-WFCDV,0.75,High Risk,90.45,Month-to-month,14
4210-QFJMF,0.75,High Risk,79.15,Month-to-month,4
5192-EBGOV,0.75,High Risk,85.7,Month-to-month,1
5442-BHQNG,0.75,High Risk,70.35,Month-to-month,2
9685-WKZGT,0.75,High Risk,74.95,Month-to-month,14
3858-VOBET,0.75,High Risk,74.95,Month-to-month,23
0748-RDGGM,0.75,High Risk,109.5,One year,70
0504-HHAPI,0.75,High Risk,88.3,Month-to-month,27
0786-VSSUD,0.75,High Risk,39.0,Month-to-month,16
4160-AMJTL,0.75,High Risk,19.65,Month-to-month,8
2774-LVQUS,0.75,High Risk,83.05,Month-to-month,15
7762-URZQH,0.74,High Risk,106.05,Two year,66
7619-ODSGN,0.74,High Risk,54.75,Month-to-month,24
3223-WZWJM,0.74,High Risk,83.95,Month-to-month,26
0265-EDXBD,0.74,High Risk,74.9,Month-to-month,32
8182-PNAGI,0.74,High Risk,50.25,Month-to-month,12
3580-REOAC,0.74,High Risk,44.85,Month-to-month,10
6304-IJFSQ,0.74,High Risk,49.9,Month-to-month,3
1432-FPAXX,0.74,High Risk,30.6,Month-to-month,29
4588-YBNIB,0.74,High Risk,19.6,Month-to-month,1
5482-NUPNA,0.74,High Risk,60.4,Month-to-month,4
2575-GFSOE,0.74,High Risk,69.0,Month-to-month,7
3164-AALRN,0.74,High Risk,70.0,One year,5
9378-FXTIZ,0.74,High Risk,70.15,One year,54
1891-FZYSA,0.74,High Risk,89.95,Month-to-month,69
8180-AKMJV,0.74,High Risk,44.55,Month-to-month,1
5281-BUZGT,0.74,High Risk,90.85,Month-to-month,36
4248-QPAVC,0.74,High Risk,85.35,Month-to-month,17
5028-HTLJB,0.74,High Risk,20.05,Month-to-month,1
0475-RIJEP,0.74,High Risk,77.85,Month-to-month,43
3132-TVFDZ,0.74,High Risk,44.85,Month-to-month,57
0137-UDEUO,0.74,High Risk,19.85,Month-to-month,3
8433-WXGNA,0.74,High Risk,75.7,Month-to-month,2
7541-YLXCL,0.74,High Risk,65.4,One year,36
9136-ALYBR,0.74,High Risk,24.45,Month-to-month,1
4800-CZMPC,0.74,High Risk,103.25,One year,48
1625-JAIIY,0.74,High Risk,83.0,One year,68
8443-WVPSS,0.74,High Risk,99.85,Month-to-month,10
5236-PERKL,0.74,High Risk,112.95,Two year,57
8773-HHUOZ,0.74,High Risk,64.7,Month-to-month,17
1750-CSKKM,0.74,High Risk,55.35,Month-to-month,9
4658-HCOHW,0.74,High Risk,102.8,Month-to-month,21
3096-JRDSO,0.74,High Risk,104.3,Month-to-month,27
4745-LSPLO,0.7385,High Risk,20.5,Month-to-month,1
5143-WMWOG,0.7375,High Risk,19.95,Month-to-month,1
5624-BQSSA,0.7367,High Risk,20.95,Month-to-month,1
4291-HPAXL,0.7327,High Risk,19.85,Month-to-month,1
9206-GVPEQ,0.73,High Risk,54.45,Month-to-month,13
0420-BWTPW,0.73,High Risk,25.5,Month-to-month,8
7993-PYKOF,0.73,High Risk,75.0,Month-to-month,8
3058-HJCUY,0.73,High Risk,102.6,One year,41
0156-FVPTA,0.73,High Risk,54.2,Month-to-month,22
4323-SADQS,0.73,High Risk,34.5,Month-to-month,7
4895-TMWIR,0.73,High Risk,19.95,Month-to-month,11
3945-GFWQL,0.73,High Risk,44.55,Month-to-month,12
6397-JNZZG,0.73,High Risk,55.55,Month-to-month,43
0691-IFBQW,0.73,High Risk,110.0,One year,46
2165-VOEGB,0.73,High Risk,105.2,One year,46
9776-CLUJA,0.73,High Risk,77.5,Month-to-month,51
8714-EUHJO,0.73,High Risk,91.15,Month-to-month,31
4903-UYAVB,0.73,High Risk,19.35,Month-to-month,5
1842-EZJMK,0.73,High Risk,103.7,Month-to-month,50
9448-REEVD,0.73,High Risk,44.7,Month-to-month,1
4088-YLDSU,0.73,High Risk,104.15,One year,55
1304-NECVQ,0.73,High Risk,78.55,Month-to-month,2
5536-SLHPM,0.73,High Risk,77.75,Month-to-month,55
6715-OFDBP,0.73,High Risk,70.05,Month-to-month,5
7957-RYHQD,0.73,High Risk,79.2,Month-to-month,40
5373-SFODM,0.73,High Risk,85.25,Month-to-month,36
9488-HGMJH,0.73,High Risk,71.15,Month-to-month,1
0568-ONFPC,0.73,High Risk,25.9,Month-to-month,5
3814-MLAXC,0.73,High Risk,79.85,Month-to-month,31
5301-GAUUY,0.73,High Risk,80.35,Month-to-month,32
0991-BRRFB,0.73,High Risk,49.4,Month-to-month,18
9866-QEVEE,0.73,High Risk,86.0,Month-to-month,19
1989-PRJHP,0.73,High Risk,75.5,Month-to-month,27
6581-NQCBA,0.73,High Risk,49.95,Month-to-month,16
7016-BPGEU,0.73,High Risk,25.1,Month-to-month,29
2657-ALMWY,0.73,High Risk,84.95,Month-to-month,26
5089-IFSDP,0.73,High Risk,109.45,Two year,58
1862-SKORY,0.73,High Risk,39.3,Month-to-month,40
2403-BCASL,0.73,High Risk,111.95,One year,41
3647-GMGDH,0.73,High Risk,94.7,Month-to-month,22
3753-TSEMP,0.73,High Risk,88.15,Month-to-month,15
9360-AHGNL,0.73,High Risk,109.55,One year,43
0236-HFWSV,0.73,High Risk,93.35,Month-to-month,15
5981-ITEMU,0.73,High Risk,97.1,Month-to-month,40
2929-QNSRW,0.73,High Risk,98.25,One year,56
4883-QICIH,0.73,High Risk,69.75,Month-to-month,32
7598-UAASY,0.73,High Risk,76.4,Month-to-month,2
2141-RRYGO,0.73,High Risk,68.65,Month-to-month,4
3677-TNKIO,0.72,High Risk,71.0,Month-to-month,14
5027-XWQHA,0.72,High Risk,44.75,Month-to-month,6
5914-DVBWJ,0.72,High Risk,85.45,Month-to-month,18
7209-JCUDS,0.72,High Risk,94.9,Month-to-month,10
8387-MOJJT,0.72,High Risk,77.95,Month-to-month,42
1041-RXHRA,0.72,High Risk,70.25,Month-to-month,41
2792-LSHWX,0.72,High Risk,83.4,Month-to-month,1
2482-CZGBB,0.72,High Risk,70.0,Month-to-month,10
0201-OAMXR,0.72,High Risk,115.55,One year,70
6680-NENYN,0.72,High Risk,104.6,Two year,43
1579-KLYDT,0.72,High Risk,90.45,Month-to-month,7
0867-MKZVY,0.72,High Risk,82.4,Month-to-month,20
4905-JEFDW,0.72,High Risk,41.6,One year,11
4412-YLTKF,0.72,High Risk,78.05,Month-to-month,27
9831-BPFRI,0.72,High Risk,89.55,One year,39
6959-UWKHF,0.72,High Risk,42.9,Month-to-month,1
4913-EHYUI,0.72,High Risk,104.55,One year,56
6032-IGALN,0.72,High Risk,25.1,Month-to-month,1
8749-JMNKX,0.72,High Risk,93.8,Month-to-month,51
0431-APWVY,0.72,High Risk,90.1,One year,28
1591-NFNLQ,0.72,High Risk,80.0,Month-to-month,51
2898-LSJGD,0.72,High Risk,55.95,One year,21
4430-UZIPO,0.72,High Risk,36.85,Month-to-month,3
9306-CPCBC,0.72,High Risk,74.25,Month-to-month,3
3331-HQDTW,0.72,High Risk,109.8,Month-to-month,34
6941-PMGEP,0.72,High Risk,80.0,Month-to-month,5
2683-BPJSO,0.72,High Risk,84.45,Month-to-month,29
6946-LMSQS,0.72,High Risk,89.05,One year,25
1977-STDKI,0.72,High Risk,73.0,Month-to-month,1
9578-VRMNM,0.72,High Risk,65.2,Month-to-month,16
6313-GIDIT,0.72,High Risk,54.45,Month-to-month,53
8559-CIZFV,0.72,High Risk,77.5,One year,21
2856-NNASM,0.72,High Risk,89.55,Month-to-month,43
6365-MTGZX,0.72,High Risk,96.0,Month-to-month,24
9445-SZLCH,0.72,High Risk,97.35,Month-to-month,36
2408-TZMJL,0.72,High Risk,110.15,One year,59
5167-GBFRE,0.72,High Risk,25.2,Month-to-month,4
1670-SVOWZ,0.72,High Risk,89.65,Month-to-month,14
6038-GCYEC,0.72,High Risk,54.15,Month-to-month,24
1142-WACZW,0.72,High Risk,29.85,Month-to-month,2
1396-QWFBJ,0.71,High Risk,74.05,Month-to-month,21
5708-EVONK,0.71,High Risk,93.4,Month-to-month,58
9801-GDWGV,0.71,High Risk,103.45,Month-to-month,39
2003-CKLOR,0.71,High Risk,99.5,Month-to-month,66
3334-CTHOL,0.71,High Risk,49.95,Month-to-month,1
1114-CENIM,0.71,High Risk,55.0,Month-to-month,54
9638-JIQYA,0.71,High Risk,24.9,Month-to-month,2
5136-KCKGI,0.71,High Risk,103.7,One year,33
6305-YLBMM,0.71,High Risk,104.05,One year,69
9053-JZFKV,0.71,High Risk,116.2,Two year,67
5385-SUIRI,0.71,High Risk,104.2,Month-to-month,52
3190-XFANI,0.71,High Risk,100.6,One year,49
7632-MNYOY,0.71,High Risk,110.9,One year,66
6629-CZTTH,0.71,High Risk,55.7,Month-to-month,1
2834-SPCJV,0.71,High Risk,84.1,Month-to-month,52
6172-FECYY,0.71,High Risk,84.5,Month-to-month,49
8337-UPOAQ,0.71,High Risk,89.8,Month-to-month,10
9210-IAHGH,0.71,High Risk,70.75,Month-to-month,7
3521-SYVOR,0.71,High Risk,64.75,Month-to-month,37
1585-MQSSU,0.71,High Risk,51.5,Month-to-month,17
9101-BWFSS,0.71,High Risk,108.55,One year,50
3923-CSIHK,0.71,High Risk,71.05,Month-to-month,50
6173-ITPWD,0.71,High Risk,83.35,Month-to-month,47
7240-ETPTR,0.71,High Risk,48.75,Month-to-month,9
7481-ATQQS,0.71,High Risk,90.85,Month-to-month,49
3842-IYKUE,0.71,High Risk,85.3,Month-to-month,35
9912-GVSEQ,0.71,High Risk,93.85,Month-to-month,26
9048-JVYVF,0.71,High Risk,69.35,Month-to-month,3
4695-VADHF,0.71,High Risk,57.45,Month-to-month,18
6927-WTFIV,0.71,High Risk,71.3,Month-to-month,20
1120-BMWUB,0.71,High Risk,53.9,Month-to-month,16
4140-WJAWW,0.71,High Risk,19.85,Month-to-month,5
5995-OIGLP,0.71,High Risk,56.65,Month-to-month,12
4523-WXCEF,0.71,High Risk,101.1,Month-to-month,59
7927-AUXBZ,0.71,High Risk,85.15,Month-to-month,30
8634-CILSZ,0.71,High Risk,104.7,One year,69
6207-WIOLX,0.71,High Risk,58.6,Month-to-month,25
1447-PJGGA,0.71,High Risk,95.25,Two year,57
5117-IFGPS,0.71,High Risk,84.3,Month-to-month,29
3336-JORSO,0.71,High Risk,110.45,Month-to-month,33
7845-URHJN,0.71,High Risk,20.15,Month-to-month,8
2833-SLKDQ,0.71,High Risk,45.05,Month-to-month,1
5013-SBUIH,0.71,High Risk,109.65,Two year,50
1449-XQEMT,0.71,High Risk,19.8,Month-to-month,3
4083-EUGRJ,0.71,High Risk,20.25,Month-to-month,9
7112-OPOTK,0.71,High Risk,68.25,Month-to-month,33
7627-JKIAZ,0.71,High Risk,78.95,Month-to-month,37
5445-PZWGX,0.71,High Risk,102.0,One year,62
4398-HSCJH,0.71,High Risk,63.6,Month-to-month,3
8178-EYZUO,0.71,High Risk,93.7,Month-to-month,46
8444-WRIDW,0.71,High Risk,80.45,Month-to-month,66
1226-UDFZR,0.71,High Risk,49.6,Month-to-month,2
1699-HPSBG,0.71,High Risk,59.8,One year,12
8327-LZKAS,0.71,High Risk,107.55,One year,43
9732-KPKBW,0.71,High Risk,53.95,Month-to-month,1
3424-NMNBO,0.71,High Risk,108.85,One year,58
3927-NLNRY,0.71,High Risk,94.25,One year,53
7145-FEJWU,0.71,High Risk,105.3,Month-to-month,12
0363-QJVFX,0.71,High Risk,108.15,Month-to-month,32
3807-XHCJH,0.7087,High Risk,20.0,Month-to-month,1
3785-NRHYR,0.7033,High Risk,19.65,Month-to-month,1
6141-OOXUQ,0.7033,High Risk,19.65,Month-to-month,1
3034-ZBEQN,0.7,High Risk,34.7,One year,48
2359-QWQUL,0.7,High Risk,104.7,One year,39
4946-EDSEW,0.7,High Risk,19.25,Month-to-month,11
1513-XNPPH,0.7,High Risk,89.4,Month-to-month,12
0596-BQCEQ,0.7,High Risk,100.15,Month-to-month,62
9651-GTSAQ,0.7,High Risk,106.1,One year,53
3192-NQECA,0.7,High Risk,110.0,Two year,68
6635-MYYYZ,0.7,High Risk,85.35,One year,30
2187-LZGPL,0.7,High Risk,40.1,Month-to-month,7
0628-CNQRM,0.7,High Risk,67.5,One year,22
0761-AETCS,0.7,High Risk,19.3,Month-to-month,1
3001-UNBTL,0.7,High Risk,103.95,Month-to-month,29
3571-RFHAR,0.7,High Risk,109.15,Month-to-month,65
5294-CDGWY,0.7,High Risk,59.3,One year,51
1342-JPNKI,0.7,High Risk,86.05,Month-to-month,10
9898-KZQDZ,0.7,High Risk,94.55,Month-to-month,40
4505-EXZHB,0.7,High Risk,74.4,Month-to-month,6
8775-CEBBJ,0.7,High Risk,44.2,Month-to-month,9
2433-KMEAS,0.7,High Risk,54.45,Month-to-month,22
5569-KGJHX,0.7,High Risk,85.35,Month-to-month,9
9572-MTILT,0.7,High Risk,106.75,Month-to-month,59
2391-SOORI,0.7,High Risk,49.35,Month-to-month,4
6712-OAWRH,0.7,High Risk,91.25,Month-to-month,26
6599-RCLCJ,0.7,High Risk,109.55,Month-to-month,47
5020-ZSTTY,0.7,High Risk,82.45,One year,54
9063-ZGTUY,0.7,High Risk,19.4,Month-to-month,61
2957-LOLHO,0.7,High Risk,45.4,Month-to-month,12
2533-QVMSK,0.7,High Risk,94.1,Two year,61
2460-FPSYH,0.7,High Risk,55.8,Month-to-month,40
6289-CPNLD,0.7,High Risk,73.9,One year,33
9134-CEQMF,0.7,High Risk,89.5,Month-to-month,7
9633-XQABV,0.7,High Risk,70.25,Month-to-month,3
6956-SMUCM,0.7,High Risk,99.0,Month-to-month,3
3009-JWMPU,0.7,High Risk,96.75,One year,62
0618-XWMSS,0.7,High Risk,74.9,Month-to-month,28
9512-UIBFX,0.7,High Risk,95.15,Month-to-month,18
2325-ZUSFD,0.7,High Risk,70.1,One year,57
0843-WTBXE,0.7,High Risk,85.45,Month-to-month,53
3400-ESFUW,0.7,High Risk,57.55,Two year,55
9804-ICWBG,0.6921,Medium Risk,69.9,Month-to-month,1
5875-YPQFJ,0.6921,Medium Risk,69.9,Month-to-month,1
5542-TBBWB,0.6921,Medium Risk,69.9,Month-to-month,1
2474-BRUCM,0.69,Medium Risk,101.85,Month-to-month,40
4662-EKDPQ,0.69,Medium Risk,62.05,Month-to-month,2
9033-EOXWV,0.69,Medium Risk,74.05,One year,12
4710-FDUIZ,0.69,Medium Risk,100.3,One year,56
6319-IEJWJ,0.69,Medium Risk,90.2,Month-to-month,20
3707-LRWZD,0.69,Medium Risk,84.05,One year,32
4760-XOHVN,0.69,Medium Risk,19.45,Month-to-month,1
2880-FPNAE,0.69,Medium Risk,74.2,Month-to-month,2
6034-ZRYCV,0.69,Medium Risk,54.2,Two year,72
0876-WDUUZ,0.69,Medium Risk,85.4,Month-to-month,5
0268-QKIWO,0.69,Medium Risk,19.75,Month-to-month,3
7317-GGVPB,0.69,Medium Risk,108.6,Two year,71
3085-QUOZK,0.69,Medium Risk,43.95,Month-to-month,1
5138-WVKYJ,0.69,Medium Risk,98.55,Month-to-month,10
2011-TRQYE,0.69,Medium Risk,33.5,Month-to-month,18
9658-WYUFB,0.69,Medium Risk,94.4,Month-to-month,17
7854-EDSSA,0.69,Medium Risk,59.0,Month-to-month,22
7657-DYEPJ,0.69,Medium Risk,70.15,One year,38
0447-BEMNG,0.69,Medium Risk,45.3,Month-to-month,48
6178-KFNHS,0.69,Medium Risk,78.3,Month-to-month,12
4566-QVRRW,0.69,Medium Risk,44.05,Month-to-month,11
6087-MVHJH,0.69,Medium Risk,88.45,Month-to-month,16
9526-JAWYF,0.69,Medium Risk,89.8,Month-to-month,26
1009-IRMNA,0.69,Medium Risk,20.0,Month-to-month,7
6839-ITVZJ,0.69,Medium Risk,60.05,Month-to-month,26
4925-LMHOK,0.69,Medium Risk,58.6,Month-to-month,15
9986-BONCE,0.69,Medium Risk,20.95,Month-to-month,4
8818-XYFCQ,0.69,Medium Risk,99.55,Month-to-month,32
7517-SAWMO,0.69,Medium Risk,73.2,Month-to-month,19
5057-LCOUI,0.69,Medium Risk,50.75,Month-to-month,39
9259-PACGQ,0.69,Medium Risk,62.65,Month-to-month,34
3030-YZADT,0.69,Medium Risk,44.95,Month-to-month,9
7663-RGWBC,0.69,Medium Risk,44.15,Month-to-month,1
3577-AMVUX,0.68,Medium Risk,55.05,Month-to-month,1
9614-RMGHA,0.68,Medium Risk,91.85,Month-to-month,65
0256-LTHVJ,0.68,Medium Risk,81.05,Month-to-month,28
7410-KTVFV,0.68,Medium Risk,49.55,Month-to-month,18
7752-XUSCI,0.68,Medium Risk,105.9,Month-to-month,60
0634-SZPQA,0.68,Medium Risk,90.05,Month-to-month,23
4829-AUOAX,0.68,Medium Risk,96.05,Month-to-month,46
2079-FBMZK,0.68,Medium Risk,69.25,Month-to-month,6
9526-BIHHD,0.68,Medium Risk,29.7,Month-to-month,1
3746-EUBYR,0.68,Medium Risk,74.6,Month-to-month,1
2321-OMBXY,0.68,Medium Risk,80.3,One year,38
9314-IJWSQ,0.68,Medium Risk,84.8,Month-to-month,14
1322-AGOQM,0.68,Medium Risk,30.3,Month-to-month,46
3982-XWFZQ,0.68,Medium Risk,50.25,Month-to-month,42
1725-MIMXW,0.68,Medium Risk,19.45,Month-to-month,1
3999-QGRJH,0.68,Medium Risk,69.7,Month-to-month,8
0193-ESZXP,0.68,Medium Risk,105.5,One year,58
1725-IQNIY,0.68,Medium Risk,109.75,Two year,54
0733-VUNUW,0.68,Medium Risk,55.65,Month-to-month,24
2519-FAKOD,0.68,Medium Risk,99.25,Month-to-month,38
0406-BPDVR,0.68,Medium Risk,101.5,One year,54
8155-IBNHG,0.68,Medium Risk,75.4,Month-to-month,24
4106-HADHQ,0.68,Medium Risk,80.0,One year,39
8624-GIOUT,0.68,Medium Risk,59.75,Month-to-month,49
3863-IUBJR,0.68,Medium Risk,53.65,One year,12
4510-PYUSH,0.68,Medium Risk,57.15,Month-to-month,38
1373-ORVIZ,0.68,Medium Risk,66.35,Month-to-month,11
9025-ZRPVR,0.68,Medium Risk,18.95,Month-to-month,9
8356-WUAOJ,0.68,Medium Risk,45.0,Month-to-month,1
6899-PPEEA,0.68,Medium Risk,96.55,Month-to-month,37
8205-OTCHB,0.68,Medium Risk,43.75,One year,22
1193-RTSLK,0.68,Medium Risk,83.9,Month-to-month,38
7124-UGSUR,0.68,Medium Risk,104.4,One year,61
2115-BFTIW,0.68,Medium Risk,70.95,Month-to-month,25
8761-NSOBC,0.68,Medium Risk,100.55,Month-to-month,44
0306-JAELE,0.68,Medium Risk,96.1,Month-to-month,5
5122-CYFXA,0.68,Medium Risk,75.3,Month-to-month,3
5673-TIYIB,0.68,Medium Risk,40.4,Month-to-month,2
9863-JZAIC,0.68,Medium Risk,55.0,Month-to-month,35
5502-RLUYV,0.68,Medium Risk,103.95,Month-to-month,69
8976-OQHGT,0.68,Medium Risk,56.5,Month-to-month,4
3143-ILDAL,0.67,Medium Risk,94.45,Month-to-month,56
7551-JOHTI,0.67,Medium Risk,19.5,Month-to-month,1
6986-IJDHX,0.67,Medium Risk,86.3,Month-to-month,39
4190-MFLUW,0.67,Medium Risk,55.2,Month-to-month,10
8083-YTZES,0.67,Medium Risk,74.35,Month-to-month,4
2947-DOMLJ,0.67,Medium Risk,50.6,Month-to-month,1
4488-PSYCG,0.67,Medium Risk,20.25,Month-to-month,16
3870-MQAMG,0.67,Medium Risk,110.35,One year,54
1218-VKFPE,0.67,Medium Risk,19.0,Month-to-month,12
7638-QVMVY,0.67,Medium Risk,79.0,Month-to-month,7
8515-OCTJS,0.67,Medium Risk,24.75,Two year,25
3313-QKNKB,0.67,Medium Risk,85.55,One year,59
2530-ENDWQ,0.67,Medium Risk,93.7,Two year,71
4367-NHWMM,0.67,Medium Risk,24.9,Month-to-month,1
1905-OEILC,0.67,Medium Risk,19.5,Month-to-month,1
4791-QRGMF,0.67,Medium Risk,99.5,One year,59
6158-DWPZT,0.67,Medium Risk,24.1,One year,9
4580-TMHJU,0.67,Medium Risk,56.15,Month-to-month,43
0324-BRPCJ,0.67,Medium Risk,100.2,Month-to-month,68
8714-CTZJW,0.67,Medium Risk,82.85,Month-to-month,4
1871-MOWRM,0.67,Medium Risk,80.85,Month-to-month,12
7639-SUPCW,0.67,Medium Risk,48.8,Month-to-month,22
7083-YNSKY,0.67,Medium Risk,25.4,Month-to-month,15
0203-HHYIJ,0.67,Medium Risk,25.3,One year,25
6161-UUUTA,0.67,Medium Risk,79.9,Month-to-month,3
7854-EKTJL,0.66,Medium Risk,19.6,Month-to-month,2
9474-PHLYD,0.66,Medium Risk,59.45,Month-to-month,15
5687-DKDTV,0.66,Medium Risk,20.35,Month-to-month,4
1855-AGAWH,0.66,Medium Risk,93.8,One year,31
7951-QKZPL,0.66,Medium Risk,24.5,Two year,33
6261-RCVNS,0.66,Medium Risk,73.9,One year,42
1577-HKTFG,0.66,Medium Risk,19.65,Month-to-month,30
1518-VOWAV,0.66,Medium Risk,74.65,Month-to-month,9
2484-DGXPZ,0.66,Medium Risk,19.55,Month-to-month,31
1349-WXNGG,0.66,Medium Risk,20.05,Month-to-month,1
6097-EQISJ,0.66,Medium Risk,102.45,One year,66
6532-YLWSI,0.66,Medium Risk,20.8,One year,53
3426-NIYYL,0.66,Medium Risk,51.55,Month-to-month,15
8809-RIHDD,0.66,Medium Risk,103.4,Two year,72
4307-KTUMW,0.66,Medium Risk,93.9,Month-to-month,53
6711-VTNRE,0.66,Medium Risk,87.55,Month-to-month,36
8785-EPNCG,0.66,Medium Risk,23.15,Month-to-month,11
0486-HECZI,0.66,Medium Risk,96.75,Month-to-month,55
5202-IVJNU,0.66,Medium Risk,30.1,Month-to-month,39
6797-LNAQX,0.66,Medium Risk,98.3,Two year,70
8676-TRMJS,0.66,Medium Risk,75.0,Month-to-month,3
9565-JSNFM,0.66,Medium Risk,70.45,One year,38
1150-WFARN,0.66,Medium Risk,108.75,Two year,67
0719-SYFRB,0.66,Medium Risk,61.65,Month-to-month,12
5108-ADXWO,0.66,Medium Risk,73.5,Month-to-month,11
4464-JCOLN,0.66,Medium Risk,19.85,One year,2
3419-SNJJD,0.66,Medium Risk,105.25,Month-to-month,65
3259-FDWOY,0.66,Medium Risk,106.0,Two year,71
1208-DNHLN,0.66,Medium Risk,48.35,One year,23
7359-SSBJK,0.66,Medium Risk,70.2,Two year,64
6900-PXRMS,0.65,Medium Risk,105.75,Month-to-month,26
9412-ARGBX,0.65,Medium Risk,95.5,Two year,48
4290-BSXUX,0.65,Medium Risk,79.65,Month-to-month,3
5458-CQJTA,0.65,Medium Risk,74.8,Two year,65
4187-CINZD,0.65,Medium Risk,95.25,One year,46
1550-LOAHA,0.65,Medium Risk,84.15,Month-to-month,32
4897-QSUYC,0.65,Medium Risk,20.15,Month-to-month,1
3714-JTVOV,0.65,Medium Risk,74.15,Month-to-month,42
1732-VHUBQ,0.65,Medium Risk,70.55,Month-to-month,47
5906-CVLHP,0.65,Medium Risk,54.15,One year,45
3325-FUYCG,0.65,Medium Risk,106.1,One year,28
3763-GCZHZ,0.65,Medium Risk,104.05,One year,66
5989-PGKJB,0.65,Medium Risk,86.25,Month-to-month,16
9039-RBEEE,0.65,Medium Risk,48.95,Month-to-month,39
2150-UWTFY,0.65,Medium Risk,61.15,Month-to-month,22
5419-KLXBN,0.65,Medium Risk,89.15,Month-to-month,25
0807-ZABDG,0.65,Medium Risk,55.1,Month-to-month,3
3884-HCSWG,0.65,Medium Risk,70.0,Month-to-month,17
0823-HSCDJ,0.65,Medium Risk,49.15,Month-to-month,52
4785-QRJHC,0.65,Medium Risk,59.9,One year,46
3877-JRJIP,0.65,Medium Risk,59.85,Month-to-month,1
5616-PRTNT,0.65,Medium Risk,19.4,Month-to-month,20
6121-VZNQB,0.65,Medium Risk,19.1,Month-to-month,1
4250-ZBWLV,0.65,Medium Risk,108.45,One year,68
2565-JSLRY,0.645,Medium Risk,24.05,Month-to-month,1
3976-BWUCK,0.64,Medium Risk,94.1,Month-to-month,30
3092-IGHWF,0.64,Medium Risk,87.4,One year,67
0117-LFRMW,0.64,Medium Risk,40.2,Month-to-month,37
1265-XTECC,0.64,Medium Risk,96.55,One year,68
4597-NUCQV,0.64,Medium Risk,101.25,Month-to-month,24
4080-OGPJL,0.64,Medium Risk,71.15,Month-to-month,8
2027-OAQQC,0.64,Medium Risk,49.05,Month-to-month,43
9061-TIHDA,0.64,Medium Risk,95.25,Month-to-month,13
5174-RNGBH,0.64,Medium Risk,66.25,Month-to-month,9
5766-XQXMQ,0.64,Medium Risk,68.85,Month-to-month,29
1481-ZUWZA,0.64,Medium Risk,94.5,Month-to-month,28
3230-WYKIR,0.64,Medium Risk,82.0,One year,18
3162-KKZXO,0.64,Medium Risk,100.15,One year,55
0866-QLSIR,0.64,Medium Risk,64.4,One year,34
7812-FZHPE,0.63,Medium Risk,24.1,Month-to-month,17
4701-AHWMW,0.63,Medium Risk,54.55,Month-to-month,55
0520-FDVVT,0.63,Medium Risk,102.35,One year,35
0278-YXOOG,0.63,Medium Risk,21.05,Month-to-month,5
4390-KYULV,0.63,Medium Risk,20.55,Month-to-month,3
8364-TRMMK,0.63,Medium Risk,50.65,Month-to-month,3
9947-OTFQU,0.63,Medium Risk,74.4,Month-to-month,15
1666-JXLKU,0.63,Medium Risk,100.05,Month-to-month,37
9274-CNFMO,0.63,Medium Risk,74.95,Month-to-month,4
5394-SVGJV,0.63,Medium Risk,98.8,Month-to-month,37
1502-XFCVR,0.63,Medium Risk,106.45,One year,58
6905-NIQIN,0.63,Medium Risk,50.65,Month-to-month,1
7534-BFESC,0.63,Medium Risk,76.1,Month-to-month,24
5748-RNCJT,0.63,Medium Risk,106.5,Two year,69
4958-GZWIY,0.63,Medium Risk,48.7,Month-to-month,7
2684-EIWEO,0.63,Medium Risk,91.7,Month-to-month,30
3629-ZNKXA,0.63,Medium Risk,101.8,Month-to-month,17
7963-GQRMY,0.63,Medium Risk,44.3,Month-to-month,3
0031-PVLZI,0.63,Medium Risk,20.35,Month-to-month,4
3351-NQLDI,0.63,Medium Risk,94.35,One year,67
2868-SNELZ,0.63,Medium Risk,80.6,Month-to-month,2
0397-GZBBC,0.63,Medium Risk,93.85,Month-to-month,59
7694-VLBWQ,0.63,Medium Risk,104.1,One year,67
9962-BFPDU,0.6253,Medium Risk,20.05,Month-to-month,1
8035-BUYVG,0.62,Medium Risk,42.35,One year,40
2302-ANTDP,0.62,Medium Risk,117.45,Month-to-month,48
2905-KFQUV,0.62,Medium Risk,70.4,Month-to-month,2
2495-INZWQ,0.62,Medium Risk,44.55,Month-to-month,4
4541-RMRLG,0.62,Medium Risk,19.25,Month-to-month,7
9824-BEMCV,0.62,Medium Risk,69.0,Month-to-month,17
8869-TORSS,0.62,Medium Risk,60.35,One year,48
4193-ORFCL,0.62,Medium Risk,45.1,Month-to-month,1
5577-OTWWW,0.62,Medium Risk,19.75,Month-to-month,15
5876-HZVZM,0.62,Medium Risk,55.9,Month-to-month,6
2834-JRTUA,0.62,Medium Risk,108.05,Two year,71
2634-HCZGT,0.62,Medium Risk,60.05,One year,53
7136-RVDTZ,0.62,Medium Risk,45.25,One year,70
4273-MBHYA,0.62,Medium Risk,89.35,Month-to-month,1
7721-JXEAW,0.62,Medium Risk,41.05,Month-to-month,59
8945-MUQUF,0.62,Medium Risk,94.8,One year,51
4355-HBJHH,0.62,Medium Risk,79.7,Two year,67
0607-DAAHE,0.62,Medium Risk,19.75,Two year,53
5510-BOIUJ,0.62,Medium Risk,19.25,Month-to-month,1
0471-LVHGK,0.62,Medium Risk,73.0,One year,41
3512-IZIKN,0.62,Medium Risk,65.3,Two year,70
7614-QVWQL,0.62,Medium Risk,51.8,One year,49
7739-LAXOG,0.62,Medium Risk,91.05,Month-to-month,32
7235-NXZCP,0.62,Medium Risk,74.85,Month-to-month,2
7377-DMMRI,0.62,Medium Risk,47.8,Month-to-month,2
2332-EFBJY,0.62,Medium Risk,19.7,Month-to-month,16
0565-IYCGT,0.62,Medium Risk,78.6,One year,69
1527-SXDPN,0.61,Medium Risk,96.25,Two year,52
9170-GYZJC,0.61,Medium Risk,79.9,Month-to-month,41
9714-EDSUC,0.61,Medium Risk,94.9,Month-to-month,4
2277-VWCNI,0.61,Medium Risk,48.75,Month-to-month,4
5442-UTCVD,0.61,Medium Risk,91.85,Month-to-month,3
4062-HBMOS,0.61,Medium Risk,103.05,Month-to-month,52
7969-AULMZ,0.61,Medium Risk,97.35,Month-to-month,21
1226-IENZN,0.61,Medium Risk,78.75,Month-to-month,16
9874-QLCLH,0.61,Medium Risk,104.2,Month-to-month,17
7181-OQCUT,0.61,Medium Risk,103.85,Month-to-month,21
2889-FPWRM,0.61,Medium Risk,117.8,One year,72
1918-ZBFQJ,0.61,Medium Risk,79.25,Month-to-month,13
8063-GBATB,0.61,Medium Risk,85.25,Month-to-month,27
0135-NMXAP,0.61,Medium Risk,89.75,Month-to-month,12
7074-IEVOJ,0.61,Medium Risk,79.4,Month-to-month,3
3990-QYKBE,0.61,Medium Risk,92.5,Month-to-month,37
0112-QWPNC,0.61,Medium Risk,84.35,One year,49
2667-WYLWJ,0.61,Medium Risk,19.75,One year,8
9279-CJEOJ,0.61,Medium Risk,95.4,Month-to-month,21
2468-SJFLM,0.61,Medium Risk,74.3,Month-to-month,1
1555-DJEQW,0.61,Medium Risk,114.2,Two year,70
9139-WQQDY,0.6,Medium Risk,100.45,One year,49
3992-YWPKO,0.6,Medium Risk,109.9,Month-to-month,6
0687-ZVTHB,0.6,Medium Risk,72.45,One year,65
9402-ORRAH,0.6,Medium Risk,91.5,Month-to-month,15
1043-YCUTE,0.6,Medium Risk,25.15,Two year,56
6598-RFFVI,0.6,Medium Risk,19.3,One year,2
4671-LXRDQ,0.6,Medium Risk,45.0,Month-to-month,2
7892-POOKP,0.6,Medium Risk,104.8,Month-to-month,28
8450-UYIBU,0.6,Medium Risk,39.85,Month-to-month,35
3496-LFSZU,0.6,Medium Risk,70.5,Month-to-month,4
6270-OMFIW,0.6,Medium Risk,94.4,One year,60
5868-CZJDR,0.6,Medium Risk,31.35,Month-to-month,1
9420-LOJKX,0.6,Medium Risk,99.1,Month-to-month,15
5271-YNWVR,0.6,Medium Risk,113.15,Two year,68
8844-TONUD,0.6,Medium Risk,96.65,Month-to-month,13
7176-WIONM,0.6,Medium Risk,49.85,Month-to-month,12
2225-ZRGSG,0.6,Medium Risk,93.9,Two year,70
8199-ZLLSA,0.6,Medium Risk,118.35,One year,67
4404-HIBDJ,0.6,Medium Risk,74.3,One year,25
6302-JGYRJ,0.6,Medium Risk,79.45,One year,31
9102-IAYHT,0.59,Medium Risk,85.45,Month-to-month,17
5119-NZPTV,0.59,Medium Risk,70.1,Month-to-month,2
5688-KZTSN,0.59,Medium Risk,20.0,Month-to-month,15
4686-UXDML,0.59,Medium Risk,99.85,Month-to-month,21
4322-RCYMT,0.59,Medium Risk,75.8,One year,68
9611-CTWIH,0.59,Medium Risk,89.45,Month-to-month,3
6022-KOUQO,0.59,Medium Risk,29.05,Month-to-month,2
8708-XPXHZ,0.59,Medium Risk,94.2,Month-to-month,42
7228-OMTPN,0.59,Medium Risk,88.45,Month-to-month,4
0378-XSZPU,0.59,Medium Risk,60.3,One year,58
1522-VVDMG,0.59,Medium Risk,89.75,Month-to-month,7
6425-YQLLO,0.59,Medium Risk,105.95,One year,66
2659-VXMWZ,0.58,Medium Risk,111.3,One year,67
6323-AYBRX,0.58,Medium Risk,19.35,Two year,59
0022-TCJCI,0.58,Medium Risk,62.7,One year,45
4597-ELFTS,0.58,Medium Risk,24.9,One year,56
9133-AYJZG,0.58,Medium Risk,98.7,Month-to-month,23
4174-LPGTI,0.58,Medium Risk,66.5,One year,41
3349-ANQNH,0.58,Medium Risk,99.5,One year,59
0426-TIRNE,0.5756,Medium Risk,20.9,Month-to-month,1
7243-LCGGZ,0.5756,Medium Risk,20.9,Month-to-month,1
7434-SHXLS,0.5756,Medium Risk,20.9,Month-to-month,1
6175-IRFIT,0.57,Medium Risk,78.75,Month-to-month,5
1618-CFHME,0.57,Medium Risk,75.9,Month-to-month,2
9625-QSTYE,0.57,Medium Risk,81.15,Month-to-month,13
7252-NTGSS,0.57,Medium Risk,45.15,Month-to-month,1
3679-XASPY,0.57,Medium Risk,19.45,Month-to-month,1
4806-KEXQR,0.57,Medium Risk,79.9,Month-to-month,4
3001-CBHLQ,0.57,Medium Risk,104.9,Month-to-month,32
6386-SZZKH,0.57,Medium Risk,107.95,Two year,49
7253-UVNDW,0.56,Medium Risk,54.35,Two year,46
9518-RWHZL,0.56,Medium Risk,100.05,One year,64
8981-FJGLA,0.56,Medium Risk,78.0,Month-to-month,11
8938-UMKPI,0.56,Medium Risk,106.4,Month-to-month,47
8485-GJCDN,0.56,Medium Risk,69.05,Month-to-month,5
2430-USGXP,0.56,Medium Risk,101.05,Month-to-month,24
6214-EDAKZ,0.56,Medium Risk,55.15,Month-to-month,22
3714-NTNFO,0.56,Medium Risk,84.5,Month-to-month,49
1724-BQUHA,0.56,Medium Risk,89.5,Month-to-month,5
3721-CNEYS,0.55,Medium Risk,70.95,Month-to-month,2
0970-ETWGE,0.55,Medium Risk,89.55,Month-to-month,1
8413-VONUO,0.55,Medium Risk,95.65,Month-to-month,2
4741-WWJQZ,0.55,Medium Risk,80.15,Month-to-month,2
7240-FQLHE,0.55,Medium Risk,99.75,Month-to-month,18
6651-AZVTJ,0.55,Medium Risk,99.8,Month-to-month,49
0670-KDOMA,0.5427,Medium Risk,20.25,Month-to-month,1
2876-VBBBL,0.5427,Medium Risk,20.25,Month-to-month,1
8414-MYSHR,0.54,Medium Risk,91.4,Month-to-month,5
0330-IVZHA,0.54,Medium Risk,69.95,Month-to-month,5
7593-XFKDI,0.54,Medium Risk,46.3,Month-to-month,1
9889-TMAHG,0.54,Medium Risk,100.3,Month-to-month,8
2921-XWDJH,0.54,Medium Risk,83.45,Month-to-month,38
7861-UVUFT,0.54,Medium Risk,84.3,Month-to-month,15
8800-JOOCF,0.54,Medium Risk,84.05,Month-to-month,12
8949-JTMAY,0.54,Medium Risk,98.6,Month-to-month,29
9753-OYLBX,0.5368,Medium Risk,20.5,Month-to-month,1
2002-MZHWP,0.5368,Medium Risk,20.5,Month-to-month,1
7734-DBOAI,0.53,Medium Risk,40.1,Month-to-month,1
2761-OCIAX,0.53,Medium Risk,74.7,Month-to-month,2
9168-INPSZ,0.53,Medium Risk,104.15,Month-to-month,44
8699-ASUFO,0.53,Medium Risk,74.4,Month-to-month,7
3346-BRMIS,0.53,Medium Risk,48.35,Month-to-month,18
5600-KTXFM,0.53,Medium Risk,69.95,Month-to-month,2
3130-ICDUP,0.53,Medium Risk,80.55,Month-to-month,2
7130-VTEWQ,0.53,Medium Risk,75.75,Month-to-month,8
0524-IAVZO,0.53,Medium Risk,85.0,Month-to-month,30
9897-KXHCM,0.53,Medium Risk,80.3,Month-to-month,3
7055-HNEOJ,0.53,Medium Risk,55.8,Month-to-month,3
0516-VRYBW,0.53,Medium Risk,20.15,One year,18
3671-SHRSP,0.53,Medium Risk,80.6,Month-to-month,4
3930-ZGWVE,0.5233,Medium Risk,19.75,Month-to-month,1
7239-HZZCX,0.5233,Medium Risk,19.75,Month-to-month,1
6923-EFPNL,0.52,Medium Risk,51.75,Month-to-month,4
5144-TVGLP,0.52,Medium Risk,94.75,Month-to-month,38
3466-RITXD,0.52,Medium Risk,92.4,Month-to-month,26
9667-TKTVZ,0.52,Medium Risk,54.35,Month-to-month,2
8229-TNIQA,0.52,Medium Risk,45.3,Month-to-month,4
2452-KDRRH,0.52,Medium Risk,101.4,Month-to-month,67
1260-TTRXI,0.52,Medium Risk,54.3,Month-to-month,4
7354-OIJLX,0.52,Medium Risk,75.85,Month-to-month,9
4892-VLANZ,0.515,Medium Risk,19.8,Month-to-month,1
3365-SAIGS,0.51,Medium Risk,83.55,Month-to-month,17
5364-EVNIB,0.51,Medium Risk,79.8,Month-to-month,13
5445-GLVOT,0.51,Medium Risk,49.8,Month-to-month,22
1335-NTIUC,0.51,Medium Risk,24.95,Month-to-month,9
3315-TOTBP,0.51,Medium Risk,76.0,Month-to-month,15
3387-PLKUI,0.51,Medium Risk,18.8,Month-to-month,13
6017-PPLPX,0.51,Medium Risk,70.45,Month-to-month,20
8835-VSDSE,0.51,Medium Risk,70.7,Month-to-month,2
4826-DXMUP,0.51,Medium Risk,72.1,One year,35
1465-VINDH,0.51,Medium Risk,102.1,Month-to-month,10
1866-OBPNR,0.51,Medium Risk,74.6,Month-to-month,1
8042-JVNFH,0.51,Medium Risk,71.35,Month-to-month,1
9732-EQMWY,0.51,Medium Risk,99.4,Month-to-month,49
6100-QQHEB,0.51,Medium Risk,92.55,Month-to-month,17
6140-QNRQQ,0.51,Medium Risk,71.55,Month-to-month,1
9500-LTVBP,0.51,Medium Risk,80.05,Month-to-month,35
6339-YPSAH,0.51,Medium Risk,73.8,Month-to-month,9
9103-CXVOK,0.5067,Medium Risk,19.75,Month-to-month,1
4634-JLRJT,0.5017,Medium Risk,20.35,Month-to-month,1
0529-ONKER,0.5,Medium Risk,75.65,Month-to-month,15
4361-JEIVL,0.5,Medium Risk,44.4,Month-to-month,1
6692-UDPJC,0.5,Medium Risk,91.65,Month-to-month,14
5928-QLDHB,0.5,Medium Risk,76.25,Month-to-month,9
1112-CUNAO,0.5,Medium Risk,89.85,Month-to-month,15
5696-QURRL,0.5,Medium Risk,45.05,Month-to-month,1
3658-KIBGF,0.49,Medium Risk,54.9,Month-to-month,1
4098-NAUKP,0.49,Medium Risk,84.65,Month-to-month,68
3177-LASXD,0.49,Medium Risk,71.35,Month-to-month,1
7410-YTJIK,0.49,Medium Risk,75.45,Month-to-month,7
0147-ESWWR,0.49,Medium Risk,101.25,Month-to-month,39
5940-NFXKV,0.49,Medium Risk,83.65,Month-to-month,19
3143-JQEGI,0.49,Medium Risk,88.35,Month-to-month,13
4128-ETESU,0.49,Medium Risk,99.7,Month-to-month,47
2933-FILNV,0.48,Medium Risk,24.4,Month-to-month,2
9129-UXERG,0.48,Medium Risk,103.6,Month-to-month,18
2840-XANRC,0.48,Medium Risk,93.15,Month-to-month,24
8270-RKSAP,0.48,Medium Risk,70.5,Month-to-month,9
5906-BFOZT,0.48,Medium Risk,19.5,Month-to-month,1
4550-VBOFE,0.48,Medium Risk,102.95,Month-to-month,70
7404-JLKQG,0.48,Medium Risk,57.55,Month-to-month,3
6778-YSNIH,0.47,Medium Risk,59.0,Month-to-month,2
1624-WOIWJ,0.47,Medium Risk,84.7,Month-to-month,10
7126-RBHSD,0.47,Medium Risk,78.9,Month-to-month,17
3192-LNKRK,0.47,Medium Risk,84.05,Month-to-month,34
8079-XRJRS,0.47,Medium Risk,89.75,One year,65
9796-BPKIW,0.47,Medium Risk,69.95,Month-to-month,8
7245-NIIWQ,0.47,Medium Risk,69.85,Month-to-month,3
4124-MMETB,0.47,Medium Risk,94.65,Month-to-month,22
3500-RMZLT,0.47,Medium Risk,96.3,Month-to-month,15
5348-CAGXB,0.47,Medium Risk,89.55,Month-to-month,12
8637-XJIVR,0.46,Medium Risk,78.95,Month-to-month,12
1100-DDVRV,0.46,Medium Risk,49.8,Month-to-month,17
5960-MVTUK,0.46,Medium Risk,29.75,Month-to-month,3
3317-VLGQT,0.46,Medium Risk,78.1,Month-to-month,14
9522-BNTHX,0.46,Medium Risk,56.25,Month-to-month,34
6060-DRTNL,0.46,Medium Risk,84.85,Month-to-month,5
9208-OLGAQ,0.46,Medium Risk,84.95,Month-to-month,18
6877-LGWXO,0.46,Medium Risk,78.55,Month-to-month,18
0080-OROZO,0.46,Medium Risk,99.25,One year,35
5219-YIPTK,0.46,Medium Risk,104.4,Month-to-month,33
4853-OITSN,0.46,Medium Risk,89.15,Month-to-month,5
8203-XJZRC,0.4573,Medium Risk,20.25,Month-to-month,1
4211-MMAZN,0.4573,Medium Risk,20.25,Month-to-month,1
3269-ATYWD,0.45,Medium Risk,95.65,Month-to-month,39
8963-JLGJT,0.45,Medium Risk,55.9,Month-to-month,3
7137-RYLPP,0.45,Medium Risk,85.7,Month-to-month,37
5605-IYGFG,0.45,Medium Risk,69.85,Month-to-month,7
2139-FQHLM,0.45,Medium Risk,89.95,Month-to-month,19
4257-GAESD,0.45,Medium Risk,45.0,Month-to-month,6
6583-QGCSI,0.45,Medium Risk,88.05,Month-to-month,50
1219-NNDDO,0.45,Medium Risk,76.85,Month-to-month,9
6286-SUUWT,0.4402,Medium Risk,19.95,Month-to-month,1
3055-MJDSB,0.44,Medium Risk,24.6,Month-to-month,9
8849-GYOKR,0.44,Medium Risk,106.55,One year,54
7802-EFKNY,0.44,Medium Risk,24.95,Month-to-month,5
2293-IJWPS,0.44,Medium Risk,100.75,One year,57
6542-LWGXJ,0.44,Medium Risk,25.0,Month-to-month,3
5916-QEWPT,0.44,Medium Risk,69.0,Month-to-month,2
0455-XFASS,0.44,Medium Risk,69.55,Month-to-month,3
2603-HVKCG,0.44,Medium Risk,101.4,Month-to-month,31
0637-YLETY,0.44,Medium Risk,95.6,Month-to-month,16
8242-SOQUO,0.44,Medium Risk,84.7,Month-to-month,5
3096-GKWEB,0.44,Medium Risk,94.75,Month-to-month,18
7225-CBZPL,0.44,Medium Risk,94.8,Month-to-month,17
2985-FMWYF,0.44,Medium Risk,93.5,Month-to-month,23
0122-OAHPZ,0.44,Medium Risk,73.85,Month-to-month,7
9099-FTUHS,0.44,Medium Risk,54.4,Month-to-month,23
2018-PZKMU,0.43,Medium Risk,103.1,Month-to-month,9
4143-HHPMK,0.43,Medium Risk,85.35,Month-to-month,52
8644-XLFBW,0.43,Medium Risk,71.65,Month-to-month,1
4039-HEUNW,0.43,Medium Risk,96.5,Month-to-month,36
5955-ERIHD,0.43,Medium Risk,94.7,Month-to-month,18
6968-GMKPR,0.43,Medium Risk,81.55,Month-to-month,55
5046-NUHWD,0.43,Medium Risk,45.0,Month-to-month,29
4873-ILOLJ,0.43,Medium Risk,90.35,Month-to-month,24
0643-OKLRP,0.43,Medium Risk,80.35,Month-to-month,47
7159-FVYPK,0.43,Medium Risk,69.15,Month-to-month,3
4183-MYFRB,0.43,Medium Risk,90.05,Month-to-month,21
3806-DXQOM,0.43,Medium Risk,33.65,Month-to-month,4
0689-NKYLF,0.43,Medium Risk,83.2,Month-to-month,13
0512-FLFDW,0.43,Medium Risk,100.5,One year,60
5043-TRZWM,0.43,Medium Risk,75.55,Month-to-month,1
6339-DKLMK,0.43,Medium Risk,31.65,Month-to-month,13
8486-AYEQH,0.43,Medium Risk,76.05,Month-to-month,31
4130-MZLCC,0.43,Medium Risk,50.55,Month-to-month,5
9286-DOJGF,0.43,Medium Risk,74.95,Month-to-month,38
6654-QGBZZ,0.4288,Medium Risk,19.9,Month-to-month,1
3900-AQPHZ,0.4288,Medium Risk,19.9,Month-to-month,1
7878-RTCZG,0.4288,Medium Risk,19.9,Month-to-month,1
4800-VHZKI,0.4283,Medium Risk,19.9,Month-to-month,1
4137-BTIKL,0.42,Medium Risk,90.75,Month-to-month,2
6518-LGAOV,0.42,Medium Risk,105.0,Month-to-month,38
1902-XBTFB,0.42,Medium Risk,89.4,Month-to-month,22
8017-LXHFA,0.42,Medium Risk,94.75,Month-to-month,23
4067-HLYQI,0.42,Medium Risk,70.4,Month-to-month,33
6582-OIVSP,0.42,Medium Risk,45.3,Month-to-month,1
4234-XTNEA,0.42,Medium Risk,79.95,Month-to-month,2
9779-DPNEJ,0.42,Medium Risk,80.15,Month-to-month,22
3966-HRMZA,0.42,Medium Risk,75.05,Month-to-month,3
9128-CPXKI,0.42,Medium Risk,95.8,Two year,59
9050-IKDZA,0.42,Medium Risk,81.5,Month-to-month,2
9576-SYUHJ,0.42,Medium Risk,91.15,Month-to-month,37
5071-FBJFS,0.42,Medium Risk,50.3,Month-to-month,4
7912-SYRQT,0.42,Medium Risk,75.1,Month-to-month,7
2181-UAESM,0.41,Medium Risk,53.45,Month-to-month,2
6538-POCHL,0.41,Medium Risk,79.0,Month-to-month,33
1304-BCCFO,0.41,Medium Risk,70.05,Month-to-month,9
8739-XNIKG,0.41,Medium Risk,84.0,Month-to-month,5
5129-JLPIS,0.41,Medium Risk,105.5,Month-to-month,25
8020-BWHYL,0.41,Medium Risk,75.3,Month-to-month,15
8445-DNBAE,0.41,Medium Risk,50.05,Month-to-month,1
5392-AKEMH,0.41,Medium Risk,45.05,Month-to-month,12
4537-DKTAL,0.41,Medium Risk,45.55,Month-to-month,2
9281-OFDMF,0.41,Medium Risk,90.7,Month-to-month,39
5133-POWUA,0.41,Medium Risk,45.8,Month-to-month,1
3415-TAILE,0.41,Medium Risk,65.7,Month-to-month,2
7422-WNBTY,0.41,Medium Risk,93.35,Month-to-month,33
7551-DACSP,0.4,Medium Risk,55.3,Month-to-month,6
7296-PIXQY,0.4,Medium Risk,70.2,Month-to-month,14
2495-KZNFB,0.4,Medium Risk,90.65,Month-to-month,33
3866-MDTUB,0.4,Medium Risk,70.75,Month-to-month,2
9508-ILZDG,0.4,Medium Risk,96.35,Month-to-month,34
8648-PFRMP,0.4,Medium Risk,46.35,Month-to-month,14
7077-XJMET,0.4,Medium Risk,74.15,Month-to-month,12
0923-PNFUB,0.4,Medium Risk,83.75,Month-to-month,3
2858-EIMXH,0.4,Medium Risk,95.85,One year,53
0654-HMSHN,0.4,Medium Risk,104.4,Month-to-month,21
5405-ZMYXQ,0.4,Medium Risk,74.6,Month-to-month,8
0581-MDMPW,0.4,Medium Risk,88.95,Month-to-month,24
9605-WGJVW,0.4,Medium Risk,70.2,Month-to-month,1
4729-XKASR,0.4,Medium Risk,24.75,Month-to-month,1
7825-ECJRF,0.4,Medium Risk,106.6,Month-to-month,19
9603-OAIHC,0.398,Low Risk,70.05,Month-to-month,1
3621-CHYVB,0.39,Low Risk,49.9,Month-to-month,57
0018-NYROU,0.39,Low Risk,68.95,Month-to-month,5
9050-QLROH,0.39,Low Risk,90.7,Month-to-month,18
3167-SNQPL,0.39,Low Risk,101.15,Month-to-month,38
8450-JOVAH,0.39,Low Risk,56.7,Month-to-month,2
8008-HAWED,0.39,Low Risk,50.75,Month-to-month,14
0601-WZHJF,0.39,Low Risk,46.35,Month-to-month,14
9465-RWMXL,0.39,Low Risk,78.9,Month-to-month,32
2111-DWYHN,0.3803,Low Risk,21.1,Month-to-month,1
0804-XBFBV,0.38,Low Risk,25.2,Month-to-month,11
7439-DKZTW,0.38,Low Risk,80.55,Month-to-month,1
7544-ZVIKX,0.38,Low Risk,105.05,One year,58
6284-AHOOQ,0.38,Low Risk,90.5,Month-to-month,22
6133-OZILE,0.38,Low Risk,35.2,Month-to-month,18
2929-ERCFZ,0.38,Low Risk,94.2,Month-to-month,8
7924-GJZFI,0.38,Low Risk,69.3,Month-to-month,25
9174-FKWZE,0.38,Low Risk,19.45,Month-to-month,1
0410-IPFTY,0.38,Low Risk,83.85,Month-to-month,31
3003-CMDUU,0.38,Low Risk,95.15,Month-to-month,25
4797-AXPXK,0.38,Low Risk,60.0,Month-to-month,1
2081-VEYEH,0.38,Low Risk,107.95,Month-to-month,3
3627-FCRDW,0.38,Low Risk,71.0,Month-to-month,9
2424-WVHPL,0.38,Low Risk,74.7,Month-to-month,1
4720-VSTSI,0.38,Low Risk,84.8,Month-to-month,44
5016-IBERQ,0.38,Low Risk,84.25,Month-to-month,23
9795-VOWON,0.38,Low Risk,24.35,One year,7
1891-UAWWU,0.38,Low Risk,90.8,Month-to-month,20
9167-APMXZ,0.38,Low Risk,84.15,Month-to-month,22
2215-ZAFGX,0.38,Low Risk,85.5,Month-to-month,9
6229-LSCKB,0.37,Low Risk,79.7,Month-to-month,6
4186-ZBUEW,0.37,Low Risk,70.7,One year,36
5307-UVGNB,0.37,Low Risk,48.7,Month-to-month,53
8818-DOPVL,0.37,Low Risk,104.45,Month-to-month,46
2369-UAPKZ,0.37,Low Risk,104.1,Month-to-month,5
6641-XRPSU,0.37,Low Risk,70.0,Month-to-month,34
1095-JUDTC,0.37,Low Risk,95.05,Month-to-month,47
3320-VEOYC,0.37,Low Risk,95.6,Month-to-month,14
3005-NFMTA,0.37,Low Risk,98.8,Month-to-month,55
2651-ZCBXV,0.37,Low Risk,108.0,Two year,54
6769-DCQLI,0.37,Low Risk,105.0,One year,52
6630-UJZMY,0.37,Low Risk,83.25,Month-to-month,4
7909-FIOIY,0.37,Low Risk,24.85,Month-to-month,19
7841-TZDMQ,0.37,Low Risk,46.0,Month-to-month,2
1208-NBVFH,0.37,Low Risk,49.6,Month-to-month,20
7176-WRTNX,0.37,Low Risk,114.95,Two year,70
0118-JPNOY,0.37,Low Risk,85.8,Month-to-month,26
0963-ZBDRN,0.37,Low Risk,96.2,Month-to-month,32
8259-NFJTV,0.37,Low Risk,34.65,Month-to-month,7
2773-OVBPK,0.37,Low Risk,111.3,Two year,67
4710-NKCAW,0.37,Low Risk,64.4,Month-to-month,5
1393-IMKZG,0.37,Low Risk,95.85,Month-to-month,1
8404-FYDIB,0.36,Low Risk,86.65,Month-to-month,26
9800-ONTFE,0.36,Low Risk,75.8,Month-to-month,22
4445-ZJNMU,0.36,Low Risk,99.3,Month-to-month,9
0409-WTMPL,0.36,Low Risk,110.65,One year,58
2223-KAGMX,0.36,Low Risk,19.4,Month-to-month,15
3370-HXOPH,0.36,Low Risk,76.1,Month-to-month,3
8887-IPQNC,0.36,Low Risk,44.25,Month-to-month,7
1092-GANHU,0.36,Low Risk,76.65,Month-to-month,17
1698-XFZCI,0.36,Low Risk,107.75,One year,61
4607-CHPCA,0.36,Low Risk,90.4,One year,25
2696-NARTR,0.36,Low Risk,73.85,Month-to-month,11
2984-AFWNC,0.36,Low Risk,95.4,Month-to-month,3
7853-GVUDZ,0.36,Low Risk,20.15,Month-to-month,1
4657-FWVFY,0.36,Low Risk,96.35,Month-to-month,40
8120-JDCAM,0.36,Low Risk,69.55,Month-to-month,4
9617-INGJY,0.36,Low Risk,70.6,Month-to-month,1
6357-JJPQT,0.36,Low Risk,80.5,Month-to-month,3
4446-BZKHU,0.35,Low Risk,105.55,Month-to-month,61
7994-UYIVZ,0.35,Low Risk,85.65,Month-to-month,8
8393-DLHGA,0.35,Low Risk,95.9,Month-to-month,25
3878-AVSOQ,0.35,Low Risk,71.25,Month-to-month,1
2014-MKGMH,0.35,Low Risk,101.1,One year,46
7590-VHVEG,0.35,Low Risk,29.85,Month-to-month,1
2018-QKYGT,0.35,Low Risk,81.05,Month-to-month,1
1173-NOEYG,0.35,Low Risk,90.15,Month-to-month,27
1215-FIGMP,0.35,Low Risk,89.9,Month-to-month,60
3462-BJQQA,0.35,Low Risk,89.75,Month-to-month,6
3445-HXXGF,0.35,Low Risk,45.3,Month-to-month,58
3338-CVVEH,0.35,Low Risk,94.55,Month-to-month,12
5027-YOCXN,0.35,Low Risk,110.05,One year,51
4877-EVATK,0.345,Low Risk,20.0,Month-to-month,1
7698-YFGEZ,0.345,Low Risk,20.0,Month-to-month,1
5035-PGZXH,0.34,Low Risk,106.8,One year,56
3969-GYXEL,0.34,Low Risk,76.4,Month-to-month,11
0817-HSUSE,0.34,Low Risk,75.5,Month-to-month,1
8012-SOUDQ,0.34,Low Risk,90.25,Month-to-month,43
6077-BDPXA,0.34,Low Risk,70.15,Month-to-month,3
3528-HFRIQ,0.34,Low Risk,52.3,Month-to-month,71
1212-GLHMD,0.34,Low Risk,86.05,Month-to-month,3
8519-QJGJD,0.34,Low Risk,75.35,Month-to-month,14
1935-IMVBB,0.34,Low Risk,89.7,Month-to-month,56
0511-JTEOY,0.34,Low Risk,71.1,Month-to-month,1
7577-SWIFR,0.34,Low Risk,89.25,Month-to-month,1
6583-KQJLK,0.34,Low Risk,94.65,Month-to-month,15
4640-UHDOS,0.34,Low Risk,55.95,Month-to-month,13
9244-ZVAPM,0.34,Low Risk,45.6,Month-to-month,1
4183-WCSEP,0.34,Low Risk,78.45,Month-to-month,31
0247-SLUJI,0.34,Low Risk,19.7,Month-to-month,1
8040-MNRTF,0.34,Low Risk,71.1,Month-to-month,1
4706-DGAHW,0.33,Low Risk,45.2,Month-to-month,1
8800-ZKRFW,0.33,Low Risk,107.5,Month-to-month,30
6705-LNMDD,0.33,Low Risk,50.0,Month-to-month,20
4881-JVQOD,0.33,Low Risk,34.55,Month-to-month,10
5216-WASFJ,0.33,Low Risk,84.85,Month-to-month,31
2826-DXLQO,0.33,Low Risk,29.8,Month-to-month,7
0330-BGYZE,0.33,Low Risk,102.5,One year,60
5349-AZPEW,0.33,Low Risk,25.05,Month-to-month,5
2959-FENLU,0.33,Low Risk,85.3,Month-to-month,9
8840-DQLGN,0.33,Low Risk,100.5,Month-to-month,35
8705-DWKTI,0.33,Low Risk,83.8,Month-to-month,52
6078-VESFR,0.33,Low Risk,70.45,Month-to-month,13
0674-DGMAQ,0.33,Low Risk,93.5,Month-to-month,32
2277-DJJDL,0.33,Low Risk,99.0,Month-to-month,60
7993-NQLJE,0.33,Low Risk,75.1,Month-to-month,15
5429-LWCMV,0.33,Low Risk,89.15,Month-to-month,12
2262-SLNVK,0.33,Low Risk,70.1,Month-to-month,1
4912-PIGUY,0.33,Low Risk,84.6,Month-to-month,1
4847-TAJYI,0.33,Low Risk,89.35,Month-to-month,6
0946-CLJTI,0.33,Low Risk,98.7,Month-to-month,58
5813-UECBU,0.33,Low Risk,83.85,Month-to-month,33
2688-BHGOG,0.33,Low Risk,79.55,Month-to-month,9
9475-NNDGC,0.33,Low Risk,113.15,One year,71
4282-MSACW,0.33,Low Risk,117.2,One year,68
2100-BDNSN,0.33,Low Risk,67.95,Month-to-month,5
1452-VOQCH,0.33,Low Risk,75.1,Month-to-month,1
7398-SKNQZ,0.33,Low Risk,94.9,Month-to-month,3
8049-WJCLQ,0.33,Low Risk,60.2,Month-to-month,10
6127-IYJOZ,0.33,Low Risk,45.85,Month-to-month,1
6212-ATMLK,0.33,Low Risk,95.7,Month-to-month,50
0419-YAAPX,0.32,Low Risk,85.3,Month-to-month,49
4854-CIDCF,0.32,Low Risk,73.85,Month-to-month,3
4298-OYIFC,0.32,Low Risk,103.45,Month-to-month,15
8695-ARGXZ,0.32,Low Risk,75.55,Month-to-month,34
8930-XOTDP,0.32,Low Risk,55.95,Month-to-month,18
6128-AQBMT,0.32,Low Risk,53.95,Month-to-month,41
9840-EFJQB,0.32,Low Risk,74.35,Month-to-month,1
0479-HMSWA,0.32,Low Risk,105.45,Two year,26
7530-HDYDS,0.32,Low Risk,84.25,Month-to-month,38
0257-ZESQC,0.32,Low Risk,75.2,Month-to-month,27
3384-CTMSF,0.32,Low Risk,104.1,Month-to-month,47
9793-WECQC,0.32,Low Risk,95.3,Month-to-month,23
8785-CJSHH,0.32,Low Risk,99.8,Month-to-month,60
0829-XXPLX,0.32,Low Risk,89.4,Month-to-month,20
7278-CKDNC,0.32,Low Risk,80.5,Month-to-month,24
4465-VDKIQ,0.32,Low Risk,77.8,Month-to-month,18
4628-WQCQQ,0.32,Low Risk,85.15,One year,35
3318-NMQXL,0.32,Low Risk,92.0,Month-to-month,3
7929-DMBCV,0.32,Low Risk,81.0,Month-to-month,20
7346-MEDWM,0.32,Low Risk,83.25,Month-to-month,59
7326-RIGQZ,0.32,Low Risk,69.8,Month-to-month,6
4503-BDXBD,0.31,Low Risk,74.95,Month-to-month,11
4813-HQMGZ,0.31,Low Risk,90.25,Month-to-month,8
1941-HOSAM,0.31,Low Risk,90.1,Month-to-month,1
6260-ONULR,0.31,Low Risk,62.8,Month-to-month,1
8201-AAXCB,0.31,Low Risk,60.35,Month-to-month,25
7742-MYPGI,0.31,Low Risk,48.8,Month-to-month,6
1746-TGTWV,0.31,Low Risk,75.35,Month-to-month,1
7465-ZZRVX,0.31,Low Risk,70.35,Month-to-month,1
6128-DAFVY,0.31,Low Risk,44.85,Month-to-month,56
7576-JMYWV,0.31,Low Risk,110.2,Month-to-month,46
9481-IEBZY,0.31,Low Risk,112.9,Month-to-month,72
9948-YPTDG,0.31,Low Risk,79.45,Month-to-month,38
3292-PBZEJ,0.31,Low Risk,111.4,Month-to-month,11
2070-FNEXE,0.31,Low Risk,76.45,Month-to-month,7
7442-YGZFK,0.31,Low Risk,49.8,Month-to-month,1
9540-JYROE,0.31,Low Risk,70.1,Month-to-month,8
0916-QOFDP,0.31,Low Risk,95.8,Month-to-month,14
2823-LKABH,0.31,Low Risk,95.05,Month-to-month,18
2683-JXWQQ,0.31,Low Risk,33.6,Month-to-month,61
1360-JYXKQ,0.31,Low Risk,99.1,One year,54
7722-CVFXN,0.31,Low Risk,105.2,One year,54
8216-AZUUZ,0.31,Low Risk,100.4,Two year,42
5921-NGYRH,0.31,Low Risk,73.55,Month-to-month,64
2061-VVFST,0.31,Low Risk,19.5,Month-to-month,37
5759-RCVCB,0.31,Low Risk,35.2,Month-to-month,3
3898-GUYTS,0.31,Low Risk,97.05,Month-to-month,45
7402-EYFXX,0.31,Low Risk,93.6,Month-to-month,26
6267-DCFFZ,0.31,Low Risk,90.05,Month-to-month,30
0523-VNGTF,0.31,Low Risk,50.5,Month-to-month,52
3323-CPBWR,0.31,Low Risk,96.9,Month-to-month,23
2754-SDJRD,0.31,Low Risk,100.15,Month-to-month,8
0772-GYEQQ,0.31,Low Risk,88.35,Month-to-month,3
4983-CLMLV,0.31,Low Risk,102.7,Month-to-month,52
4559-UWIHT,0.31,Low Risk,82.65,Month-to-month,14
6480-YAGIY,0.31,Low Risk,112.2,One year,45
2920-RNCEZ,0.31,Low Risk,69.95,Month-to-month,1
5630-IXDXV,0.31,Low Risk,106.35,Month-to-month,47
5868-YTYKS,0.3082,Low Risk,20.25,Month-to-month,1
8048-DSDFQ,0.302,Low Risk,20.2,Month-to-month,1
6380-ARCEH,0.302,Low Risk,20.2,Month-to-month,1
3247-MHJKM,0.302,Low Risk,20.2,Month-to-month,1
4786-UKSNZ,0.302,Low Risk,20.2,Month-to-month,1
7905-NJMXS,0.3,Low Risk,64.2,Month-to-month,7
8250-ZNGGW,0.3,Low Risk,59.9,Month-to-month,5
5922-ABDVO,0.3,Low Risk,89.65,Month-to-month,19
4749-OJKQU,0.3,Low Risk,75.65,Month-to-month,4
6923-JHPMP,0.3,Low Risk,80.45,Month-to-month,2
6350-XFYGW,0.3,Low Risk,94.75,Month-to-month,4
6847-KJLTS,0.3,Low Risk,100.4,Month-to-month,58
2876-GZYZC,0.3,Low Risk,85.95,Month-to-month,13
0248-IPDFW,0.3,Low Risk,50.1,Month-to-month,1
8849-AYPTR,0.3,Low Risk,91.25,Month-to-month,33
6215-NQCPY,0.3,Low Risk,99.7,Month-to-month,15
9332-GYWLO,0.3,Low Risk,54.85,Month-to-month,6
4570-QHXHL,0.3,Low Risk,43.75,Month-to-month,9
2669-OIDSD,0.3,Low Risk,100.05,Month-to-month,48
6137-NICCO,0.3,Low Risk,94.05,Month-to-month,6
3062-ICYZQ,0.3,Low Risk,93.8,Month-to-month,51
1077-HUUJM,0.3,Low Risk,71.05,Month-to-month,7
5527-ACHSO,0.3,Low Risk,70.5,Month-to-month,11
2789-HQBOU,0.3,Low Risk,80.35,Month-to-month,3
9741-YLNTD,0.3,Low Risk,87.95,Month-to-month,6
5766-ZJYBB,0.3,Low Risk,19.4,Month-to-month,1
0997-YTLNY,0.3,Low Risk,48.8,Month-to-month,19
7075-BNDVQ,0.3,Low Risk,35.0,Month-to-month,4
1174-FGIFN,0.3,Low Risk,90.45,One year,28
5044-LRQAQ,0.3,Low Risk,69.2,Month-to-month,7
4373-VVHQL,0.3,Low Risk,44.75,Month-to-month,1
5150-ITWWB,0.3,Low Risk,94.85,Month-to-month,3
8705-WZCYL,0.3,Low Risk,44.8,Month-to-month,1
0311-UNPFF,0.3,Low Risk,88.8,Month-to-month,26
9626-VFRGG,0.29,Low Risk,88.5,Month-to-month,41
3211-AAPKX,0.29,Low Risk,98.55,Month-to-month,20
6710-HSJRD,0.29,Low Risk,114.1,Month-to-month,61
8622-ZLFKO,0.29,Low Risk,90.75,Month-to-month,6
7758-XKCBS,0.29,Low Risk,29.7,Month-to-month,15
1833-TCXKK,0.29,Low Risk,107.75,Month-to-month,45
6969-MVBAI,0.29,Low Risk,90.1,Month-to-month,9
0674-EYYZV,0.29,Low Risk,54.65,Month-to-month,1
3208-YPIOE,0.29,Low Risk,75.25,Month-to-month,39
5060-TQUQN,0.29,Low Risk,83.55,Month-to-month,30
3932-CMDTD,0.29,Low Risk,105.65,One year,4
2195-VVRJF,0.29,Low Risk,59.1,Month-to-month,18
3761-FLYZI,0.29,Low Risk,108.8,Month-to-month,65
4482-EWFMI,0.29,Low Risk,69.7,Month-to-month,2
0222-CNVPT,0.29,Low Risk,48.8,Month-to-month,52
8952-WCVCD,0.29,Low Risk,104.45,One year,41
0106-GHRQR,0.29,Low Risk,71.4,Month-to-month,16
8734-DKSTZ,0.29,Low Risk,85.95,Month-to-month,10
9643-AVVWI,0.29,Low Risk,80.0,Month-to-month,3
7483-IQWIB,0.29,Low Risk,92.95,Month-to-month,37
9547-ITEFG,0.29,Low Risk,102.6,Month-to-month,9
7562-GSUHK,0.29,Low Risk,93.2,Month-to-month,16
1324-NLTJE,0.29,Low Risk,55.0,Month-to-month,15
8775-ERLNB,0.29,Low Risk,74.3,Month-to-month,1
8087-LGYHQ,0.29,Low Risk,94.05,Month-to-month,9
1564-HJUVY,0.29,Low Risk,63.75,Month-to-month,4
7517-LDMPS,0.29,Low Risk,84.6,Month-to-month,12
0369-ZGOVK,0.29,Low Risk,70.4,One year,28
8128-YVJRG,0.29,Low Risk,79.65,Month-to-month,7
9799-CAYJJ,0.29,Low Risk,69.3,Month-to-month,2
9835-ZIITK,0.29,Low Risk,110.85,One year,66
4625-EWPTF,0.29,Low Risk,30.45,Month-to-month,8
7823-JSOAG,0.29,Low Risk,74.5,Month-to-month,3
2254-DLXRI,0.29,Low Risk,79.15,Month-to-month,1
8974-OVACP,0.2812,Low Risk,20.15,Month-to-month,1
7754-IXRMC,0.28,Low Risk,45.35,Month-to-month,1
7044-YAACC,0.28,Low Risk,70.2,Month-to-month,4
2123-AGEEN,0.28,Low Risk,84.35,Month-to-month,7
8124-NZVGJ,0.28,Low Risk,49.25,One year,6
7446-KQISO,0.28,Low Risk,109.75,Two year,45
1766-GKNMI,0.28,Low Risk,84.9,Month-to-month,29
8016-NCFVO,0.28,Low Risk,116.5,Month-to-month,55
9281-PKKZE,0.28,Low Risk,43.95,Month-to-month,46
1078-TDCRN,0.28,Low Risk,30.75,Month-to-month,3
2988-PLAHS,0.28,Low Risk,69.95,One year,3
5140-FOMCQ,0.28,Low Risk,109.15,One year,59
8212-DJRCH,0.28,Low Risk,90.35,Month-to-month,5
9469-WEJBT,0.28,Low Risk,90.35,Month-to-month,37
6496-JDSSB,0.28,Low Risk,80.0,Month-to-month,8
1200-TUZHR,0.28,Low Risk,85.2,Month-to-month,8
6475-VHUIZ,0.28,Low Risk,54.25,Month-to-month,23
9631-XEYKE,0.28,Low Risk,50.4,Month-to-month,3
7343-EOBEU,0.28,Low Risk,23.6,Month-to-month,3
5288-AHOUP,0.28,Low Risk,78.5,Month-to-month,11
8695-WDYEA,0.28,Low Risk,51.25,Month-to-month,1
1685-VAYJF,0.28,Low Risk,45.2,Month-to-month,11
8710-YGLWG,0.28,Low Risk,44.9,Month-to-month,1
3088-LHEFH,0.28,Low Risk,79.0,Month-to-month,11
3766-EJLFL,0.28,Low Risk,109.05,Two year,68
8393-JMVMB,0.28,Low Risk,19.45,Month-to-month,1
2817-NTQDO,0.28,Low Risk,45.55,Month-to-month,13
0148-DCDOS,0.28,Low Risk,94.7,Month-to-month,25
5697-GOMBF,0.28,Low Risk,35.9,Month-to-month,28
3295-YVUSR,0.27,Low Risk,72.6,Month-to-month,2
0082-LDZUE,0.27,Low Risk,44.3,Month-to-month,1
6439-GTPCA,0.27,Low Risk,87.25,Month-to-month,45
8158-WPEZG,0.27,Low Risk,35.65,Month-to-month,11
6986-IXNDM,0.27,Low Risk,92.9,Month-to-month,14
4090-KPJIP,0.27,Low Risk,74.95,Month-to-month,3
9600-UDOPK,0.27,Low Risk,94.05,Month-to-month,30
8535-SFUTN,0.27,Low Risk,106.45,Month-to-month,61
2207-QPJED,0.27,Low Risk,90.0,Month-to-month,37
7537-RBWEA,0.27,Low Risk,25.15,Month-to-month,1
1410-RSCMR,0.27,Low Risk,71.35,Month-to-month,7
9121-PHQSR,0.27,Low Risk,85.05,Month-to-month,16
1689-YQBYY,0.27,Low Risk,76.6,Month-to-month,12
2869-ADAWR,0.27,Low Risk,89.3,Month-to-month,45
4884-ZTHVF,0.27,Low Risk,87.1,Month-to-month,8
0928-JMXNP,0.27,Low Risk,29.9,Month-to-month,4
1384-RCUXW,0.27,Low Risk,80.55,Month-to-month,16
8950-MTZNV,0.27,Low Risk,44.95,Month-to-month,1
1173-XZPYF,0.27,Low Risk,89.2,Month-to-month,11
0021-IKXGC,0.27,Low Risk,72.1,Month-to-month,1
9895-VFOXH,0.27,Low Risk,24.4,Month-to-month,1
6844-DZKRF,0.27,Low Risk,50.2,Month-to-month,2
4633-MKHYU,0.27,Low Risk,88.4,Month-to-month,9
0840-DFEZH,0.27,Low Risk,75.35,Month-to-month,7
2103-ZRXFN,0.27,Low Risk,50.75,Month-to-month,1
8313-NDOIA,0.27,Low Risk,104.15,Month-to-month,24
7206-PQBBZ,0.27,Low Risk,70.2,Month-to-month,11
4683-WYDOU,0.27,Low Risk,107.6,Two year,62
3411-WLRSQ,0.27,Low Risk,74.6,Month-to-month,3
3541-ZNUHK,0.27,Low Risk,85.1,Month-to-month,55
4869-EPIUS,0.27,Low Risk,80.9,One year,56
7365-BVCJH,0.27,Low Risk,24.4,Month-to-month,1
9975-SKRNR,0.27,Low Risk,18.9,Month-to-month,1
4123-FCVCB,0.27,Low Risk,75.85,One year,12
0870-VEMYL,0.27,Low Risk,53.85,Month-to-month,5
2957-JIRMN,0.27,Low Risk,84.45,One year,62
2235-DWLJU,0.26,Low Risk,44.4,Month-to-month,6
6400-BWQKW,0.26,Low Risk,79.05,Month-to-month,6
2810-FTLEM,0.26,Low Risk,50.15,Month-to-month,16
7852-LECYP,0.26,Low Risk,93.8,Month-to-month,13
6143-JQKEA,0.26,Low Risk,45.8,Month-to-month,10
1816-FLZDK,0.26,Low Risk,29.15,Month-to-month,1
7321-VGNKU,0.26,Low Risk,70.35,Month-to-month,2
2674-MIAHT,0.26,Low Risk,80.3,Month-to-month,4
6918-UMQCG,0.26,Low Risk,80.2,Month-to-month,5
3005-TYFRD,0.26,Low Risk,103.65,Month-to-month,55
3194-ORPIK,0.26,Low Risk,84.4,Month-to-month,50
6242-MBHPK,0.26,Low Risk,95.1,Month-to-month,23
4765-OXPPD,0.26,Low Risk,65.0,Month-to-month,9
2233-FAGXV,0.26,Low Risk,24.3,Month-to-month,5
7363-QTBIW,0.26,Low Risk,79.75,Month-to-month,9
5935-FCCNB,0.26,Low Risk,94.2,Month-to-month,17
2038-OEQZH,0.26,Low Risk,86.05,Month-to-month,4
4815-GBTCD,0.26,Low Risk,25.15,Month-to-month,4
8709-KRDVL,0.26,Low Risk,100.0,Month-to-month,33
4236-UJPWO,0.26,Low Risk,24.5,Month-to-month,2
4450-DLLMH,0.26,Low Risk,71.3,Month-to-month,2
4546-FOKWR,0.26,Low Risk,74.75,Month-to-month,16
4660-IRIBM,0.26,Low Risk,87.9,Month-to-month,18
2806-MLNTI,0.26,Low Risk,105.1,One year,52
3815-SLMEF,0.26,Low Risk,34.25,Month-to-month,3
7241-AJHFS,0.26,Low Risk,87.65,Month-to-month,32
0516-WJVXC,0.26,Low Risk,54.2,Month-to-month,5
2460-NGXBJ,0.26,Low Risk,75.2,Month-to-month,11
5649-VUKMC,0.26,Low Risk,95.5,One year,12
4059-IIEBK,0.26,Low Risk,78.55,Month-to-month,7
9919-KNPOO,0.25,Low Risk,94.3,Month-to-month,21
7000-WCEVQ,0.25,Low Risk,61.6,Month-to-month,20
3050-GBUSH,0.25,Low Risk,34.8,Month-to-month,3
9058-MJLZC,0.25,Low Risk,94.6,Month-to-month,24
2832-SCUCO,0.25,Low Risk,19.9,Month-to-month,2
6907-FLBER,0.25,Low Risk,54.3,Month-to-month,1
5032-MIYKT,0.25,Low Risk,70.7,Month-to-month,1
7133-VBDCG,0.25,Low Risk,79.85,Month-to-month,25
0786-IVLAW,0.25,Low Risk,108.1,One year,66
8903-WMRNW,0.25,Low Risk,101.75,Month-to-month,15
5334-JLAXU,0.25,Low Risk,94.1,Month-to-month,60
6572-ADKRS,0.25,Low Risk,74.8,Month-to-month,46
5091-HFAZW,0.25,Low Risk,91.15,Month-to-month,2
3422-GALYP,0.25,Low Risk,79.45,Month-to-month,2
4727-MCYZG,0.25,Low Risk,55.55,Month-to-month,1
5294-DMSFH,0.25,Low Risk,87.8,Month-to-month,29
4223-WOZCM,0.25,Low Risk,49.95,Month-to-month,2
4781-ZXYGU,0.25,Low Risk,20.15,Month-to-month,1
4879-GZLFH,0.25,Low Risk,92.15,Month-to-month,42
0639-TSIQW,0.25,Low Risk,102.95,Month-to-month,67
6860-YRJZP,0.25,Low Risk,74.05,Month-to-month,9
4238-JSSWH,0.25,Low Risk,102.05,Month-to-month,35
9754-CLVZW,0.25,Low Risk,38.85,Month-to-month,26
9572-WUKSB,0.25,Low Risk,29.9,Month-to-month,3
4816-OKWNX,0.25,Low Risk,103.4,One year,50
5136-GFPMB,0.25,Low Risk,89.4,Month-to-month,54
1428-IEDPR,0.25,Low Risk,109.3,Two year,52
5498-TXHLF,0.25,Low Risk,87.45,Month-to-month,34
4001-TSBTV,0.25,Low Risk,91.55,Month-to-month,58
3588-WSTTJ,0.25,Low Risk,99.05,Month-to-month,35
2209-XADXF,0.25,Low Risk,25.25,Month-to-month,1
2800-QQUSO,0.25,Low Risk,100.3,Month-to-month,42
0141-YEAYS,0.25,Low Risk,86.45,Month-to-month,27
5161-XEUVX,0.25,Low Risk,94.3,Two year,37
2186-QZEYA,0.25,Low Risk,58.55,Month-to-month,29
0722-SVSFK,0.25,Low Risk,100.4,Month-to-month,7
5399-ZIMKF,0.25,Low Risk,74.65,Month-to-month,5
0988-JRWWP,0.25,Low Risk,54.2,Month-to-month,3
5553-AOINX,0.25,Low Risk,104.9,One year,66
4395-PZMSN,0.25,Low Risk,85.55,Month-to-month,5
2831-EBWRN,0.25,Low Risk,45.9,Month-to-month,4
4566-NECEV,0.25,Low Risk,96.55,Month-to-month,5
5339-PXDVH,0.25,Low Risk,90.65,Month-to-month,4
7516-GMHUV,0.25,Low Risk,105.05,Two year,50
2862-PFNIK,0.25,Low Risk,24.7,Month-to-month,1
5947-SGKCL,0.25,Low Risk,105.35,Month-to-month,15
8617-ENBDS,0.25,Low Risk,73.6,Month-to-month,3
6633-SYEUS,0.25,Low Risk,83.2,Month-to-month,23
7310-EGVHZ,0.2413,Low Risk,20.2,Month-to-month,1
7569-NMZYQ,0.24,Low Risk,118.75,Two year,72
0365-BZUWY,0.24,Low Risk,102.55,Month-to-month,17
2187-PKZAY,0.24,Low Risk,79.95,Month-to-month,12
1552-AAGRX,0.24,Low Risk,106.4,Month-to-month,30
5302-BDJNT,0.24,Low Risk,95.5,Month-to-month,35
0927-CNGRH,0.24,Low Risk,19.55,Month-to-month,1
3374-TTZTK,0.24,Low Risk,106.3,Two year,52
0310-MVLET,0.24,Low Risk,99.15,Month-to-month,61
1751-NCDLI,0.24,Low Risk,98.85,Month-to-month,46
0644-OQMDK,0.24,Low Risk,70.65,Month-to-month,4
1728-CXQBE,0.24,Low Risk,94.25,Month-to-month,64
7682-AZNDK,0.24,Low Risk,89.85,Month-to-month,34
4075-WKNIU,0.24,Low Risk,73.35,Two year,0
0396-YCHWO,0.24,Low Risk,95.4,Month-to-month,36
4374-YMUSQ,0.24,Low Risk,116.25,One year,34
2479-BRAMR,0.24,Low Risk,83.75,Month-to-month,41
0929-PECLO,0.24,Low Risk,89.6,Month-to-month,63
9290-SHCMB,0.24,Low Risk,96.85,Month-to-month,13
0096-BXERS,0.24,Low Risk,50.35,Month-to-month,6
4468-YDOVK,0.24,Low Risk,48.65,Month-to-month,5
0958-YHXGP,0.24,Low Risk,69.9,Month-to-month,7
7821-DPRQE,0.24,Low Risk,107.7,Month-to-month,68
9036-CSKBW,0.24,Low Risk,107.45,One year,51
5692-ICXLW,0.24,Low Risk,90.7,Month-to-month,31
0530-IJVDB,0.24,Low Risk,114.6,Two year,70
5626-MGTUK,0.24,Low Risk,89.1,Month-to-month,20
0928-XUTSN,0.24,Low Risk,80.5,Month-to-month,13
6773-LQTVT,0.24,Low Risk,35.65,Month-to-month,29
2000-MPKCA,0.24,Low Risk,107.75,One year,58
5663-QBGIS,0.24,Low Risk,98.35,Two year,72
0899-LIIBW,0.24,Low Risk,100.85,Month-to-month,34
3688-FTHLT,0.24,Low Risk,63.05,Month-to-month,16
1355-KUSBG,0.24,Low Risk,48.8,Month-to-month,7
7808-DVWEP,0.24,Low Risk,20.0,Month-to-month,3
6559-PDZLR,0.24,Low Risk,98.65,Month-to-month,26
4195-NZGTA,0.24,Low Risk,25.25,Month-to-month,1
2107-FBPTK,0.24,Low Risk,104.1,Month-to-month,30
0187-WZNAB,0.24,Low Risk,74.4,Month-to-month,27
2081-KJSQF,0.2362,Low Risk,20.25,Month-to-month,1
5066-GFJMM,0.2333,Low Risk,19.9,Month-to-month,3
3413-BMNZE,0.23,Low Risk,45.25,Month-to-month,1
8309-IEYJD,0.23,Low Risk,70.6,Month-to-month,1
7018-WBJNK,0.23,Low Risk,78.3,Month-to-month,13
1202-KKGFU,0.23,Low Risk,54.2,Month-to-month,12
5999-LCXAO,0.23,Low Risk,29.9,Month-to-month,1
9708-HPXWZ,0.23,Low Risk,45.4,Month-to-month,5
0999-QXNSA,0.23,Low Risk,45.75,Month-to-month,7
7878-JGDKK,0.23,Low Risk,44.55,Month-to-month,4
8150-QUDFX,0.23,Low Risk,19.85,Month-to-month,2
3665-JATSN,0.23,Low Risk,39.7,Month-to-month,19
5956-YHHRX,0.23,Low Risk,104.35,Month-to-month,21
6576-FBXOJ,0.23,Low Risk,54.6,One year,17
7392-YYPYJ,0.23,Low Risk,100.65,Month-to-month,22
6410-LEFEN,0.23,Low Risk,45.15,Month-to-month,9
0420-HLGXF,0.23,Low Risk,99.75,Month-to-month,39
2665-NPTGL,0.23,Low Risk,98.1,Month-to-month,26
2122-YWVYA,0.23,Low Risk,75.4,Month-to-month,18
0212-ISBBF,0.23,Low Risk,50.35,Month-to-month,22
6158-HDPXZ,0.23,Low Risk,25.35,Month-to-month,1
4811-JBUVU,0.23,Low Risk,89.9,Month-to-month,30
4536-PLEQY,0.23,Low Risk,85.05,Month-to-month,12
8118-TJAFG,0.23,Low Risk,101.5,Month-to-month,9
0282-NVSJS,0.23,Low Risk,29.3,Month-to-month,12
6048-QBXKL,0.23,Low Risk,56.55,Month-to-month,2
8388-FYNPZ,0.23,Low Risk,56.75,Month-to-month,4
4778-IZARL,0.23,Low Risk,110.1,Two year,63
7718-RXDGG,0.23,Low Risk,68.6,Month-to-month,15
1016-DJTSV,0.23,Low Risk,69.7,Month-to-month,8
9995-HOTOH,0.23,Low Risk,59.0,Two year,63
4115-NZRKS,0.23,Low Risk,89.15,Month-to-month,7
5382-SOYZL,0.23,Low Risk,95.1,Month-to-month,22
9093-FPDLG,0.23,Low Risk,94.2,Month-to-month,11
0537-QYZZN,0.23,Low Risk,79.85,Month-to-month,24
5233-AOZUF,0.23,Low Risk,74.95,Month-to-month,29
2720-FVBQP,0.23,Low Risk,48.95,Month-to-month,6
5175-WLYXL,0.23,Low Risk,78.85,Month-to-month,22
2937-FTHUR,0.23,Low Risk,64.8,Month-to-month,18
6745-JEFZB,0.23,Low Risk,91.5,Month-to-month,35
1452-KIOVK,0.23,Low Risk,89.1,Month-to-month,22
5168-MSWXT,0.23,Low Risk,94.75,Month-to-month,8
9705-IOVQQ,0.23,Low Risk,99.0,One year,61
3723-BFBGR,0.23,Low Risk,54.8,Month-to-month,24
1074-AMIOH,0.23,Low Risk,108.25,Month-to-month,53
5287-QWLKY,0.23,Low Risk,105.1,Month-to-month,71
4789-KWMXN,0.23,Low Risk,110.85,One year,47
2812-SFXMJ,0.23,Low Risk,20.05,Month-to-month,1
5968-VXZLG,0.23,Low Risk,46.6,Month-to-month,2
1261-FWTTE,0.23,Low Risk,34.65,Month-to-month,23
5215-LNLDJ,0.23,Low Risk,24.7,Month-to-month,7
6705-LXORM,0.23,Low Risk,70.05,Month-to-month,5
6185-TASNN,0.23,Low Risk,46.3,Month-to-month,1
1724-IQWNM,0.23,Low Risk,19.3,Month-to-month,1
2542-HYGIQ,0.2233,Low Risk,19.95,Month-to-month,1
0887-WBJVH,0.22,Low Risk,93.45,One year,53
3808-HFKDE,0.22,Low Risk,44.35,Month-to-month,20
6284-KMNUF,0.22,Low Risk,98.0,One year,56
3620-MWJNE,0.22,Low Risk,54.45,Month-to-month,2
2080-CAZNM,0.22,Low Risk,104.4,Month-to-month,41
0668-OGMHD,0.22,Low Risk,28.5,Month-to-month,21
6818-WOBHJ,0.22,Low Risk,89.6,Month-to-month,68
8378-LKJAF,0.22,Low Risk,101.15,Month-to-month,38
8980-WQFWL,0.22,Low Risk,62.1,Month-to-month,35
3018-TFTSU,0.22,Low Risk,81.7,Month-to-month,12
1910-FMXJM,0.22,Low Risk,80.4,Month-to-month,36
4690-PKDQG,0.22,Low Risk,95.55,Month-to-month,42
5195-KPUNQ,0.22,Low Risk,96.75,One year,53
2731-GJRDG,0.22,Low Risk,109.55,One year,32
5652-MSDEY,0.22,Low Risk,75.75,Month-to-month,10
4116-TZAQJ,0.22,Low Risk,74.25,Month-to-month,9
2371-JQHZZ,0.22,Low Risk,93.0,Month-to-month,24
8325-QRPZR,0.22,Low Risk,75.15,Month-to-month,7
0491-KAPQG,0.22,Low Risk,73.7,Month-to-month,21
4488-KQFDT,0.22,Low Risk,103.95,One year,61
7460-ITWWP,0.22,Low Risk,86.1,Month-to-month,45
6990-YNRIO,0.22,Low Risk,108.65,Two year,65
6817-WTYHE,0.22,Low Risk,44.9,Month-to-month,2
7394-LWLYN,0.22,Low Risk,70.15,Month-to-month,2
0856-NAOES,0.22,Low Risk,60.9,Month-to-month,6
7036-TYDEC,0.22,Low Risk,104.0,Two year,69
8819-IMISP,0.22,Low Risk,80.45,Month-to-month,31
8623-ULFNQ,0.22,Low Risk,66.05,Month-to-month,26
4828-FAZPK,0.22,Low Risk,79.95,Month-to-month,16
4301-VVZKA,0.22,Low Risk,75.4,Month-to-month,16
7315-WYOAW,0.22,Low Risk,100.75,Month-to-month,13
0356-ERHVT,0.22,Low Risk,45.9,Month-to-month,11
8970-ANWXO,0.22,Low Risk,73.75,One year,23
6234-PFPXL,0.22,Low Risk,95.9,Month-to-month,22
0187-QSXOE,0.22,Low Risk,89.0,Month-to-month,7
0221-WMXNQ,0.22,Low Risk,75.35,Month-to-month,4
5760-IFJOZ,0.22,Low Risk,107.95,Month-to-month,3
3466-WAESX,0.22,Low Risk,69.1,Month-to-month,16
7923-IYJWY,0.22,Low Risk,116.1,Two year,67
6734-GMPVK,0.22,Low Risk,105.3,Month-to-month,5
5371-VYLSX,0.22,Low Risk,83.4,Month-to-month,50
8645-KWHJO,0.22,Low Risk,55.0,Month-to-month,14
3694-DELSO,0.22,Low Risk,38.55,Month-to-month,4
2439-LYPMQ,0.22,Low Risk,102.6,Month-to-month,38
1960-UYCNN,0.22,Low Risk,95.25,Month-to-month,10
9374-YOLBJ,0.22,Low Risk,19.25,Month-to-month,1
1899-VXWXM,0.22,Low Risk,106.1,One year,48
2480-JZOSN,0.2133,Low Risk,20.65,Month-to-month,1
0114-PEGZZ,0.21,Low Risk,107.55,Month-to-month,33
2519-LBNQL,0.21,Low Risk,104.35,One year,60
8905-IAZPF,0.21,Low Risk,95.65,One year,69
9743-DQKQW,0.21,Low Risk,25.1,Month-to-month,3
6435-SRWBJ,0.21,Low Risk,82.75,Month-to-month,5
8082-GHXOP,0.21,Low Risk,44.0,Month-to-month,13
7356-IWLFW,0.21,Low Risk,80.0,Month-to-month,46
6080-TCMYC,0.21,Low Risk,81.2,Month-to-month,40
9214-EKVXR,0.21,Low Risk,44.0,Month-to-month,1
6180-YBIQI,0.21,Low Risk,24.3,Month-to-month,5
2637-FKFSY,0.21,Low Risk,46.1,Month-to-month,3
2573-GYRUU,0.21,Low Risk,91.05,Month-to-month,48
5995-SNNEW,0.21,Low Risk,104.45,Month-to-month,23
3427-GGZZI,0.21,Low Risk,89.1,Month-to-month,19
8875-AKBYH,0.21,Low Risk,84.35,Month-to-month,20
9773-PEQBZ,0.21,Low Risk,79.85,Month-to-month,10
3453-RTHJQ,0.21,Low Risk,69.1,Month-to-month,6
0052-DCKON,0.21,Low Risk,115.8,One year,66
4948-WBBKL,0.21,Low Risk,74.9,Month-to-month,36
6519-CFDBX,0.21,Low Risk,45.4,Month-to-month,2
2070-XYMFH,0.21,Low Risk,79.35,Month-to-month,23
3452-GWUIN,0.21,Low Risk,94.95,Month-to-month,19
7748-UMTRK,0.21,Low Risk,101.3,Month-to-month,30
3995-WFCSM,0.21,Low Risk,60.85,Month-to-month,2
4826-TZEVA,0.21,Low Risk,74.8,Month-to-month,40
5937-EORGB,0.21,Low Risk,96.5,Month-to-month,15
0374-IOEGQ,0.21,Low Risk,44.6,Month-to-month,3
3278-FSIXX,0.21,Low Risk,45.25,Month-to-month,2
2903-YYTBW,0.21,Low Risk,44.55,Month-to-month,1
6856-RAURS,0.21,Low Risk,74.9,Month-to-month,2
3234-VKACU,0.21,Low Risk,70.3,Month-to-month,2
9912-OMZDS,0.21,Low Risk,106.15,One year,59
6563-VNPMN,0.21,Low Risk,85.7,Month-to-month,45
9529-OFXHY,0.21,Low Risk,87.75,Month-to-month,15
3420-ZDBMA,0.21,Low Risk,71.45,Month-to-month,5
3316-UWXUY,0.21,Low Risk,93.5,Month-to-month,50
9659-QEQSY,0.21,Low Risk,115.65,Month-to-month,45
1360-RCYRT,0.21,Low Risk,30.35,Month-to-month,23
2750-BJLSB,0.21,Low Risk,103.7,One year,47
7901-TBKJX,0.21,Low Risk,101.05,Month-to-month,56
8189-HBVRW,0.21,Low Risk,90.8,Month-to-month,53
3717-OEAUQ,0.21,Low Risk,70.7,Month-to-month,2
2585-KTFRE,0.21,Low Risk,70.45,Month-to-month,1
7554-AKDQF,0.21,Low Risk,45.65,Month-to-month,6
5325-UWTWJ,0.21,Low Risk,90.55,Month-to-month,31
6439-LAJXL,0.21,Low Risk,68.95,Month-to-month,9
5982-FPVQN,0.21,Low Risk,95.15,Month-to-month,37
7562-UXTPG,0.21,Low Risk,70.15,Month-to-month,13
2308-STERM,0.21,Low Risk,19.4,Month-to-month,2
8035-PWSEV,0.21,Low Risk,89.25,Month-to-month,6
6362-QHAFM,0.21,Low Risk,108.3,One year,42
6537-QLGEX,0.2,Low Risk,38.9,Month-to-month,16
9927-DSWDF,0.2,Low Risk,104.6,Month-to-month,22
4840-ORQXB,0.2,Low Risk,104.75,Month-to-month,56
0670-ANMUU,0.2,Low Risk,97.65,One year,71
3748-FVMZZ,0.2,Low Risk,40.05,Month-to-month,4
6173-GOLSU,0.2,Low Risk,94.65,Month-to-month,67
2476-YGEFM,0.2,Low Risk,76.0,Month-to-month,29
6851-WEFYX,0.2,Low Risk,100.8,Month-to-month,35
9530-EHPOH,0.2,Low Risk,53.75,Month-to-month,11
7951-VRDVK,0.2,Low Risk,85.85,One year,36
2623-DRYAM,0.2,Low Risk,101.75,One year,70
9505-SQFSW,0.2,Low Risk,40.3,Month-to-month,3
2761-XECQW,0.2,Low Risk,43.35,Month-to-month,8
9054-FOWNV,0.2,Low Risk,88.75,Month-to-month,22
7148-XZPHA,0.2,Low Risk,79.4,Month-to-month,55
6507-ZJSUR,0.2,Low Risk,90.45,Month-to-month,23
1803-BGNBD,0.2,Low Risk,54.3,Month-to-month,12
7855-DIWPO,0.2,Low Risk,68.65,Month-to-month,21
2077-MPJQO,0.2,Low Risk,75.4,Month-to-month,7
3352-ALMCK,0.2,Low Risk,102.65,Month-to-month,40
5193-QLVZB,0.2,Low Risk,104.75,Two year,63
7707-PYBBH,0.2,Low Risk,61.9,Month-to-month,40
7339-POGZN,0.2,Low Risk,50.7,Month-to-month,4
3744-ZBHON,0.2,Low Risk,20.2,Month-to-month,3
4795-WRNVT,0.2,Low Risk,65.1,Month-to-month,40
2694-CIUMO,0.2,Low Risk,79.55,Month-to-month,12
1215-VFYVK,0.2,Low Risk,48.25,Month-to-month,4
9402-ROUMJ,0.2,Low Risk,100.25,One year,67
3256-EZDBI,0.2,Low Risk,29.45,Month-to-month,51
9837-FWLCH,0.2,Low Risk,19.2,Month-to-month,12
5056-FIMPT,0.2,Low Risk,106.0,One year,43
4661-NJEUX,0.2,Low Risk,20.05,Month-to-month,1
3845-JHAMY,0.2,Low Risk,35.5,Month-to-month,16
8266-VBFQL,0.2,Low Risk,90.4,Month-to-month,4
6645-MXQJT,0.2,Low Risk,97.1,Month-to-month,2
5628-FCGYG,0.2,Low Risk,84.1,Month-to-month,21
7952-OBOYL,0.2,Low Risk,89.85,Month-to-month,3
9103-TCIHJ,0.2,Low Risk,55.7,Month-to-month,15
7251-LJBQN,0.2,Low Risk,103.75,One year,40
3030-YDNRM,0.2,Low Risk,74.85,Month-to-month,8
3703-KBKZP,0.2,Low Risk,74.45,Month-to-month,16
5858-EAFCZ,0.2,Low Risk,44.45,Month-to-month,1
0265-PSUAE,0.2,Low Risk,100.7,Month-to-month,16
7880-XSOJX,0.2,Low Risk,42.4,Month-to-month,4
5035-BVCXS,0.2,Low Risk,75.9,Month-to-month,11
9629-NHXFW,0.2,Low Risk,19.4,Month-to-month,1
6145-NNPNO,0.2,Low Risk,44.15,Month-to-month,1
3370-GQEAL,0.2,Low Risk,85.45,Month-to-month,30
0224-RLWWD,0.2,Low Risk,44.3,Month-to-month,2
2824-MYYBN,0.2,Low Risk,95.25,Month-to-month,37
3223-DWFIO,0.2,Low Risk,69.35,Month-to-month,4
4291-HYEBC,0.2,Low Risk,39.1,One year,28
9426-SXNHE,0.2,Low Risk,18.75,Month-to-month,2
0689-DSXGL,0.2,Low Risk,85.8,Month-to-month,52
0430-IHCDJ,0.2,Low Risk,49.0,Month-to-month,15
0480-BIXDE,0.2,Low Risk,96.8,Month-to-month,19
5886-VLQVU,0.2,Low Risk,89.85,Month-to-month,35
6116-RFVHN,0.2,Low Risk,100.45,Month-to-month,34
3951-NJCVI,0.2,Low Risk,95.05,Month-to-month,42
3956-MGXOG,0.2,Low Risk,80.6,Month-to-month,28
4280-DLSHD,0.2,Low Risk,54.75,Month-to-month,8
9432-VOFYX,0.2,Low Risk,70.8,Month-to-month,17
1580-BMCMR,0.2,Low Risk,87.3,Month-to-month,19
1794-HBQTJ,0.2,Low Risk,48.6,Month-to-month,1
2692-BUCFV,0.2,Low Risk,101.45,Month-to-month,29
9274-UARKJ,0.2,Low Risk,83.2,Month-to-month,15
9688-YGXVR,0.2,Low Risk,88.15,Month-to-month,44
1266-NZYUI,0.2,Low Risk,66.85,Two year,72
7072-MBHEV,0.2,Low Risk,78.1,Month-to-month,11
5701-YVSVF,0.19,Low Risk,82.9,Month-to-month,11
9903-LYSAB,0.19,Low Risk,73.15,Month-to-month,18
9873-MNDKV,0.19,Low Risk,44.65,Month-to-month,11
0315-LVCRK,0.19,Low Risk,84.8,Month-to-month,11
2740-TVLFN,0.19,Low Risk,50.15,Month-to-month,1
2625-TRCZQ,0.19,Low Risk,49.65,Month-to-month,51
2178-PMGCJ,0.19,Low Risk,69.7,Month-to-month,22
1264-FUHCX,0.19,Low Risk,56.3,One year,49
3523-QRQLL,0.19,Low Risk,69.5,One year,22
4521-YEEHE,0.19,Low Risk,88.85,Month-to-month,18
1379-FRVEB,0.19,Low Risk,91.0,Month-to-month,15
2074-GUHPQ,0.19,Low Risk,92.7,Month-to-month,17
2722-VOJQL,0.19,Low Risk,105.65,One year,64
0064-YIJGF,0.19,Low Risk,75.75,Month-to-month,27
3771-PZOBW,0.19,Low Risk,90.7,Month-to-month,20
3797-FKOGQ,0.19,Low Risk,86.2,Month-to-month,11
8260-NGFNY,0.19,Low Risk,25.2,Month-to-month,1
2931-SVLTV,0.19,Low Risk,110.1,Month-to-month,40
3307-TLCUD,0.19,Low Risk,34.4,Month-to-month,17
5879-SESNB,0.19,Low Risk,75.25,Month-to-month,11
3446-QDSZF,0.19,Low Risk,55.5,Month-to-month,4
8778-LMWTJ,0.19,Low Risk,74.85,Month-to-month,9
0929-HYQEW,0.19,Low Risk,50.15,Month-to-month,3
7426-RHZGU,0.19,Low Risk,95.9,Month-to-month,9
6366-XIVKZ,0.19,Low Risk,63.15,Month-to-month,13
2101-RANCD,0.19,Low Risk,73.1,Month-to-month,55
4029-HPFVY,0.19,Low Risk,70.3,Month-to-month,3
6661-EIPZC,0.19,Low Risk,29.5,Month-to-month,48
8058-DMYRU,0.19,Low Risk,90.05,Month-to-month,54
3082-VQXNH,0.19,Low Risk,29.8,Month-to-month,3
1575-KRZZE,0.19,Low Risk,55.2,Month-to-month,4
7504-UWHNB,0.19,Low Risk,69.75,Month-to-month,25
5954-BDFSG,0.19,Low Risk,107.5,Two year,72
1814-DKOLC,0.19,Low Risk,25.45,Month-to-month,5
5141-ZUVBH,0.19,Low Risk,93.0,Month-to-month,9
7502-BNYGS,0.19,Low Risk,69.1,Month-to-month,46
2908-ZTPNF,0.19,Low Risk,34.85,Month-to-month,36
0749-IRGQE,0.19,Low Risk,45.3,Month-to-month,13
9696-RMYBA,0.19,Low Risk,80.1,Month-to-month,5
6917-IAYHD,0.19,Low Risk,33.6,Month-to-month,1
8878-RYUKI,0.19,Low Risk,59.45,Month-to-month,52
3604-WLABM,0.19,Low Risk,54.25,Month-to-month,10
1028-FFNJK,0.19,Low Risk,101.5,Month-to-month,30
8544-GOQSH,0.19,Low Risk,80.05,Month-to-month,14
5651-YLPRD,0.19,Low Risk,86.1,Month-to-month,32
0319-QZTCO,0.19,Low Risk,58.7,Month-to-month,3
5707-ORNDZ,0.19,Low Risk,54.55,Month-to-month,9
4468-KAZHE,0.19,Low Risk,60.0,Month-to-month,20
7521-AFHAB,0.19,Low Risk,44.8,Month-to-month,5
3196-NVXLZ,0.19,Low Risk,84.6,Month-to-month,25
4583-PARNH,0.19,Low Risk,91.55,Month-to-month,16
2294-DMMUS,0.19,Low Risk,70.45,Month-to-month,62
0577-WHMEV,0.19,Low Risk,90.7,Month-to-month,16
1608-GMEWB,0.19,Low Risk,93.9,Month-to-month,45
3916-NRPAP,0.19,Low Risk,85.7,Month-to-month,3
6088-BXMRG,0.19,Low Risk,98.85,Month-to-month,32
1600-DILPE,0.19,Low Risk,45.0,Month-to-month,12
8033-VCZGH,0.19,Low Risk,103.95,One year,50
4063-EIKNQ,0.19,Low Risk,20.95,Month-to-month,11
4525-VZCZG,0.19,Low Risk,105.85,One year,54
5419-JKZNQ,0.19,Low Risk,77.9,Month-to-month,30
9992-UJOEL,0.19,Low Risk,50.3,Month-to-month,2
7272-QDCKA,0.19,Low Risk,100.2,One year,28
7617-EYGLW,0.19,Low Risk,19.45,Month-to-month,1
4718-DHSMV,0.19,Low Risk,35.8,Month-to-month,11
0107-WESLM,0.185,Low Risk,19.85,Month-to-month,1
1135-LMECX,0.1802,Low Risk,19.85,Month-to-month,1
1409-PHXTF,0.18,Low Risk,110.45,Two year,54
5666-CYCYZ,0.18,Low Risk,89.55,Month-to-month,24
5599-HVLTW,0.18,Low Risk,80.35,Month-to-month,14
9396-ZSFLL,0.18,Low Risk,48.85,Month-to-month,15
4480-QQRHC,0.18,Low Risk,74.05,Month-to-month,8
2478-EEWWM,0.18,Low Risk,44.3,Month-to-month,59
2049-BAFNW,0.18,Low Risk,35.9,Month-to-month,1
2504-DSHIH,0.18,Low Risk,86.8,Month-to-month,23
5606-AMZBO,0.18,Low Risk,78.15,Month-to-month,10
1928-BXYIV,0.18,Low Risk,61.15,Month-to-month,1
2325-NBPZG,0.18,Low Risk,74.55,Month-to-month,3
8242-JSVBO,0.18,Low Risk,44.65,Month-to-month,7
4250-FDVOU,0.18,Low Risk,56.25,Month-to-month,6
9633-DENPU,0.18,Low Risk,58.6,Month-to-month,47
3481-JHUZH,0.18,Low Risk,80.25,Month-to-month,41
6818-DJXAA,0.18,Low Risk,91.1,Month-to-month,10
3955-JBZZM,0.18,Low Risk,78.8,Month-to-month,20
1169-WCVAK,0.18,Low Risk,88.8,Month-to-month,19
4670-TABXH,0.18,Low Risk,109.75,Two year,72
0297-RBCSG,0.18,Low Risk,65.35,One year,19
3518-PZXZQ,0.18,Low Risk,55.3,Month-to-month,1
1728-BQDMA,0.18,Low Risk,44.45,Month-to-month,2
0380-NEAVX,0.18,Low Risk,99.85,One year,34
8812-ZRHFP,0.18,Low Risk,86.45,One year,30
8123-QBNAZ,0.18,Low Risk,104.5,Month-to-month,36
3489-HHPFY,0.18,Low Risk,84.05,Month-to-month,2
8757-TFHHJ,0.18,Low Risk,49.8,Month-to-month,1
7501-VTYLJ,0.18,Low Risk,51.55,Month-to-month,2
1636-NTNCO,0.18,Low Risk,50.95,Month-to-month,4
9142-KZXOP,0.18,Low Risk,68.85,Month-to-month,44
3629-WEAAM,0.18,Low Risk,64.1,Month-to-month,8
3472-OAOOR,0.18,Low Risk,34.95,Month-to-month,19
9079-YEXQJ,0.18,Low Risk,111.1,Month-to-month,54
2974-GGUXS,0.18,Low Risk,91.95,Month-to-month,36
9334-GWGOW,0.18,Low Risk,74.85,Month-to-month,7
4026-SKKHW,0.18,Low Risk,50.25,Month-to-month,3
7284-BUYEC,0.18,Low Risk,50.95,Month-to-month,5
4061-UKJWL,0.18,Low Risk,45.45,Month-to-month,3
1346-UFHAX,0.18,Low Risk,80.0,Month-to-month,13
0322-YINQP,0.18,Low Risk,48.55,Month-to-month,1
1205-WNWPJ,0.18,Low Risk,59.5,Month-to-month,7
9402-CXWPL,0.18,Low Risk,98.9,One year,70
4983-CCWMC,0.18,Low Risk,69.6,Month-to-month,3
0701-RFGFI,0.18,Low Risk,95.4,Month-to-month,49
2507-QZPQS,0.18,Low Risk,95.7,Month-to-month,15
2782-JEEBU,0.18,Low Risk,36.0,Month-to-month,21
2560-PPCHE,0.18,Low Risk,105.05,One year,65
5433-KYGHE,0.18,Low Risk,86.0,Month-to-month,14
7733-UDMTP,0.18,Low Risk,55.0,Month-to-month,57
5365-LLFYV,0.18,Low Risk,45.85,Month-to-month,2
0015-UOCOJ,0.18,Low Risk,48.2,Month-to-month,7
5469-CTCWN,0.18,Low Risk,106.0,One year,61
3404-JNXAX,0.18,Low Risk,80.75,Month-to-month,51
5311-IHLEI,0.18,Low Risk,50.95,Month-to-month,12
1353-LJWEM,0.18,Low Risk,60.9,Month-to-month,11
4937-QPZPO,0.18,Low Risk,99.9,One year,61
0168-XZKBB,0.18,Low Risk,86.85,Month-to-month,19
5226-NOZFC,0.18,Low Risk,85.75,Month-to-month,26
0201-MIBOL,0.18,Low Risk,102.4,Two year,66
9108-EJFJP,0.18,Low Risk,53.55,Month-to-month,1
8399-YNDCH,0.18,Low Risk,60.05,Month-to-month,21
6556-DBKZF,0.18,Low Risk,76.05,Two year,71
4587-NUKOX,0.18,Low Risk,79.1,Month-to-month,3
2672-TGEFF,0.18,Low Risk,88.8,Month-to-month,37
9360-OMDZZ,0.18,Low Risk,94.1,Month-to-month,24
9786-IJYDL,0.18,Low Risk,113.2,Two year,35
0939-EREMR,0.18,Low Risk,53.45,Month-to-month,13
3853-LYGAM,0.18,Low Risk,95.65,Month-to-month,17
8944-AILEF,0.18,Low Risk,19.45,Month-to-month,15
3675-YDUPJ,0.18,Low Risk,19.85,Month-to-month,10
8224-DWCKX,0.18,Low Risk,73.3,Month-to-month,12
6506-EYCNH,0.18,Low Risk,19.55,Month-to-month,28
5022-JNQEQ,0.18,Low Risk,75.85,Month-to-month,9
2085-BOJKI,0.18,Low Risk,96.65,One year,17
2995-UPRYS,0.18,Low Risk,99.2,One year,40
5453-AXEPF,0.18,Low Risk,80.5,Month-to-month,17
7964-VEXDG,0.18,Low Risk,80.35,Month-to-month,21
5716-LIBJC,0.18,Low Risk,104.15,One year,13
0917-EZOLA,0.18,Low Risk,104.15,Two year,72
0673-IGUQO,0.175,Low Risk,20.45,Month-to-month,1
2668-TZSPS,0.175,Low Risk,20.45,Month-to-month,1
6728-WYQBC,0.1749,Low Risk,20.95,Month-to-month,1
4360-QRAVE,0.17,Low Risk,36.65,Month-to-month,37
0531-ZZJWQ,0.17,Low Risk,74.0,Month-to-month,55
5440-FLBQG,0.17,Low Risk,108.4,Two year,69
5183-SNMJQ,0.17,Low Risk,95.1,Month-to-month,10
4226-KKDON,0.17,Low Risk,66.65,Month-to-month,8
7826-VVKWT,0.17,Low Risk,96.55,Two year,24
2189-UXTKY,0.17,Low Risk,79.2,Month-to-month,22
6704-UTUKK,0.17,Low Risk,45.9,Month-to-month,29
7246-ZGQDF,0.17,Low Risk,54.5,Month-to-month,1
0060-FUALY,0.17,Low Risk,94.75,Month-to-month,59
1098-TDVUQ,0.17,Low Risk,19.25,Month-to-month,1
9739-JLPQJ,0.17,Low Risk,117.5,Two year,72
2378-HTWFW,0.17,Low Risk,91.0,Month-to-month,35
4484-CGXFK,0.17,Low Risk,55.3,Month-to-month,3
3737-XBQDD,0.17,Low Risk,84.85,Month-to-month,24
1035-IPQPU,0.17,Low Risk,103.5,Month-to-month,63
7572-KPVKK,0.17,Low Risk,104.05,Two year,62
2538-OIMXF,0.17,Low Risk,24.7,Month-to-month,1
5331-RGMTT,0.17,Low Risk,99.05,Month-to-month,54
9821-BESNZ,0.17,Low Risk,104.25,One year,66
3197-ARFOY,0.17,Low Risk,105.0,Month-to-month,19
6652-YFFJO,0.17,Low Risk,64.9,Month-to-month,11
4716-HHKQH,0.17,Low Risk,107.05,Month-to-month,20
5019-GQVCR,0.17,Low Risk,84.85,Month-to-month,43
8563-OYMQY,0.17,Low Risk,90.95,Month-to-month,17
6103-BOCOU,0.17,Low Risk,80.7,Month-to-month,26
7587-AOVVU,0.17,Low Risk,100.75,Month-to-month,27
5981-ZVXOT,0.17,Low Risk,108.35,One year,35
2800-VEQXM,0.17,Low Risk,74.75,Month-to-month,3
2853-CWQFQ,0.17,Low Risk,59.55,Month-to-month,1
5857-TYBCJ,0.17,Low Risk,89.2,Month-to-month,44
8069-YQQAJ,0.17,Low Risk,31.1,Month-to-month,14
5222-IMUKT,0.17,Low Risk,91.05,Month-to-month,32
9154-QDGTH,0.17,Low Risk,104.3,One year,43
3055-OYMSE,0.17,Low Risk,73.8,Month-to-month,53
0508-OOLTO,0.17,Low Risk,71.65,Month-to-month,2
3489-VSFRD,0.17,Low Risk,60.25,One year,56
7389-KBFIT,0.17,Low Risk,30.25,Month-to-month,2
5647-FXOTP,0.17,Low Risk,105.9,Month-to-month,60
9323-HGFWY,0.17,Low Risk,101.9,One year,27
6692-YQHXC,0.17,Low Risk,69.95,Month-to-month,16
6897-UUBNU,0.17,Low Risk,89.65,Month-to-month,29
4329-YPDDQ,0.17,Low Risk,108.2,Month-to-month,20
0585-EGDDA,0.17,Low Risk,80.0,Month-to-month,40
7147-AYBAA,0.17,Low Risk,70.35,Month-to-month,37
1777-JYQPJ,0.17,Low Risk,24.3,Month-to-month,2
5207-PLSTK,0.17,Low Risk,48.75,Month-to-month,1
1427-VERSM,0.17,Low Risk,98.7,Month-to-month,56
4647-MUZON,0.17,Low Risk,95.95,Month-to-month,18
9919-YLNNG,0.17,Low Risk,103.8,Month-to-month,42
1307-ATKGB,0.17,Low Risk,89.55,Month-to-month,24
5271-DBYSJ,0.17,Low Risk,79.15,Month-to-month,11
5651-CPDND,0.17,Low Risk,46.0,Month-to-month,10
2969-QWUBZ,0.17,Low Risk,51.4,Month-to-month,2
3914-FDRHP,0.17,Low Risk,86.25,Month-to-month,9
7080-TNUWP,0.17,Low Risk,95.0,One year,70
2669-QVCRG,0.17,Low Risk,81.3,Month-to-month,41
7928-VJYAB,0.17,Low Risk,90.6,Month-to-month,11
6635-CPNUN,0.17,Low Risk,96.6,Month-to-month,28
1470-PSXNM,0.17,Low Risk,93.65,One year,49
9432-RUVSL,0.17,Low Risk,102.5,Two year,48
2501-XWWTZ,0.17,Low Risk,70.2,Month-to-month,11
5816-QVHRX,0.17,Low Risk,100.3,Month-to-month,37
6402-SSEJG,0.17,Low Risk,61.05,One year,25
7402-PWYJJ,0.17,Low Risk,91.15,One year,53
5336-UFNZP,0.17,Low Risk,107.45,One year,65
5298-GSTLM,0.17,Low Risk,101.4,One year,60
3339-EAQNV,0.17,Low Risk,97.25,One year,72
1548-ARAGG,0.17,Low Risk,58.5,Month-to-month,4
2832-KJCRD,0.17,Low Risk,103.65,Month-to-month,38
0082-OQIQY,0.17,Low Risk,94.2,Month-to-month,29
9445-ZUEQE,0.17,Low Risk,85.2,Month-to-month,27
1818-ESQMW,0.17,Low Risk,89.2,Month-to-month,27
1996-DBMUS,0.17,Low Risk,70.65,Month-to-month,48
7636-OWBPG,0.17,Low Risk,29.35,Month-to-month,12
3644-QXEHN,0.17,Low Risk,97.0,Month-to-month,13
3645-DEYGF,0.165,Low Risk,20.75,Month-to-month,1
0111-KLBQG,0.16,Low Risk,93.95,Month-to-month,32
3413-DHLPB,0.16,Low Risk,103.75,Month-to-month,60
1319-YLZJG,0.16,Low Risk,84.6,Month-to-month,12
9398-MMQTO,0.16,Low Risk,74.45,Month-to-month,3
3617-XLSGQ,0.16,Low Risk,109.25,Two year,66
0411-EZJZE,0.16,Low Risk,60.25,Month-to-month,3
5501-TVMGM,0.16,Low Risk,55.25,Month-to-month,1
6257-RJOHI,0.16,Low Risk,50.8,Month-to-month,4
5600-PDUJF,0.16,Low Risk,49.5,Month-to-month,6
1482-OXZSY,0.16,Low Risk,100.4,Month-to-month,30
8267-KFGYD,0.16,Low Risk,21.05,Month-to-month,1
9552-TGUZV,0.16,Low Risk,75.0,Month-to-month,8
7233-IOQNP,0.16,Low Risk,34.0,Month-to-month,43
1552-CZCLL,0.16,Low Risk,20.0,Month-to-month,55
2307-FYNNL,0.16,Low Risk,109.05,Two year,65
8059-UDZFY,0.16,Low Risk,105.35,Month-to-month,33
1194-HVAIF,0.16,Low Risk,95.0,Month-to-month,27
0872-JCPIB,0.16,Low Risk,65.75,Month-to-month,17
2927-CVULT,0.16,Low Risk,104.05,Two year,53
3873-NFTGI,0.16,Low Risk,55.5,Month-to-month,14
9933-QRGTX,0.16,Low Risk,97.2,Two year,60
9137-NOQKA,0.16,Low Risk,19.2,Month-to-month,2
0953-LGOVU,0.16,Low Risk,35.5,Month-to-month,12
6693-FRIRW,0.16,Low Risk,101.3,Month-to-month,18
0623-GDISB,0.16,Low Risk,48.45,Month-to-month,1
3207-OYBWH,0.16,Low Risk,95.25,Month-to-month,57
3689-MOZGR,0.16,Low Risk,31.2,Month-to-month,29
8687-BAFGU,0.16,Low Risk,74.0,Month-to-month,1
7729-JTEEC,0.16,Low Risk,44.5,Month-to-month,2
2830-LEWOA,0.16,Low Risk,103.9,One year,61
6507-DTJZV,0.16,Low Risk,66.4,Month-to-month,13
6227-HWPWX,0.16,Low Risk,69.0,Month-to-month,15
5730-RIITO,0.16,Low Risk,33.45,Month-to-month,43
4402-FTBXC,0.16,Low Risk,89.8,Month-to-month,54
0447-RXSGD,0.16,Low Risk,99.65,Month-to-month,24
6617-WLBQC,0.16,Low Risk,81.85,One year,23
5846-QFDFI,0.16,Low Risk,88.6,Month-to-month,33
2672-OJQZP,0.16,Low Risk,44.75,Month-to-month,1
5802-ADBRC,0.16,Low Risk,104.4,One year,50
7814-LEEVE,0.16,Low Risk,20.3,Month-to-month,1
0076-LVEPS,0.16,Low Risk,45.0,Month-to-month,29
2055-SIFSS,0.16,Low Risk,51.65,Month-to-month,55
1508-DFXCU,0.16,Low Risk,81.45,Month-to-month,12
3780-DDGSE,0.16,Low Risk,76.05,Month-to-month,35
5574-NXZIU,0.16,Low Risk,109.2,Two year,63
4232-JGKIY,0.16,Low Risk,19.2,Month-to-month,1
9896-UYMIE,0.16,Low Risk,114.3,One year,66
4693-VWVBO,0.16,Low Risk,19.55,Month-to-month,3
0434-CSFON,0.16,Low Risk,100.5,Month-to-month,47
6030-REHUX,0.16,Low Risk,110.85,Month-to-month,28
3524-WQDSG,0.16,Low Risk,99.3,Month-to-month,43
9620-ENEJV,0.16,Low Risk,70.55,Month-to-month,6
5482-VXSXJ,0.16,Low Risk,93.2,Month-to-month,22
2809-ZMYOQ,0.16,Low Risk,101.35,Month-to-month,32
5533-RJFTJ,0.16,Low Risk,30.2,Month-to-month,49
7049-GKVZY,0.16,Low Risk,79.85,One year,17
5312-UXESG,0.16,Low Risk,98.05,Month-to-month,41
7868-TMWMZ,0.16,Low Risk,110.0,Two year,60
4450-YOOHP,0.16,Low Risk,50.65,Month-to-month,39
5533-NHFRF,0.16,Low Risk,44.4,Month-to-month,7
0326-VDYXE,0.16,Low Risk,97.65,One year,70
0303-WMMRN,0.16,Low Risk,19.25,Month-to-month,5
0730-KOAVE,0.16,Low Risk,94.3,Month-to-month,30
9929-PLVPA,0.16,Low Risk,20.4,Month-to-month,4
3932-IJWDZ,0.16,Low Risk,103.65,Month-to-month,45
6896-SRVYQ,0.16,Low Risk,73.85,Month-to-month,44
6353-BRMMA,0.16,Low Risk,104.1,Month-to-month,54
6360-SVNWV,0.16,Low Risk,73.55,Month-to-month,31
1049-FYSYG,0.16,Low Risk,35.65,Month-to-month,17
4524-QCSSM,0.16,Low Risk,44.65,Month-to-month,26
2378-VTKDH,0.16,Low Risk,104.35,Month-to-month,65
2673-CXQEU,0.16,Low Risk,110.5,One year,56
4851-BQDNX,0.16,Low Risk,85.05,One year,40
0191-ZHSKZ,0.16,Low Risk,74.75,Month-to-month,30
5002-GCQFH,0.16,Low Risk,93.85,Month-to-month,49
5153-RTHKF,0.16,Low Risk,85.35,Month-to-month,34
1536-HBSWP,0.16,Low Risk,49.9,Month-to-month,1
7508-SMHXL,0.16,Low Risk,89.0,Month-to-month,15
8782-LKFPK,0.16,Low Risk,90.4,Month-to-month,44
9971-ZWPBF,0.16,Low Risk,108.9,Month-to-month,34
3312-UUMZW,0.16,Low Risk,98.85,Month-to-month,32
2075-RMJIK,0.16,Low Risk,49.4,Month-to-month,5
1845-ZLLIG,0.16,Low Risk,50.15,Month-to-month,1
3391-JSQEW,0.16,Low Risk,50.15,Month-to-month,40
6161-ERDGD,0.16,Low Risk,85.45,One year,71
5236-XMZJY,0.16,Low Risk,59.65,Month-to-month,42
4712-AUQZO,0.16,Low Risk,33.6,Month-to-month,18
5156-UMKOW,0.16,Low Risk,29.65,Month-to-month,3
5542-DHSXL,0.16,Low Risk,54.7,Month-to-month,4
2592-YKDIF,0.1545,Low Risk,20.35,Month-to-month,1
3174-RKMOW,0.15,Low Risk,109.95,Month-to-month,35
7673-LPRNY,0.15,Low Risk,78.55,One year,23
6786-OBWQR,0.15,Low Risk,80.85,Month-to-month,5
2273-QCKXA,0.15,Low Risk,49.05,Month-to-month,1
5649-RXQTV,0.15,Low Risk,99.0,Month-to-month,51
0650-BWOZN,0.15,Low Risk,73.55,Month-to-month,18
1456-TWCGB,0.15,Low Risk,49.25,Month-to-month,4
7255-SSFBC,0.15,Low Risk,112.25,Two year,72
6464-KEXXH,0.15,Low Risk,25.25,Month-to-month,8
2799-ARNLO,0.15,Low Risk,69.35,Month-to-month,5
8566-YPRGL,0.15,Low Risk,19.5,Month-to-month,1
2259-OUUSZ,0.15,Low Risk,35.5,One year,7
9450-TRJUU,0.15,Low Risk,83.15,Month-to-month,35
0048-PIHNL,0.15,Low Risk,20.45,One year,49
3692-JHONH,0.15,Low Risk,106.5,One year,52
9278-VZKCD,0.15,Low Risk,109.1,Month-to-month,52
7047-FWEYA,0.15,Low Risk,103.15,One year,46
9546-KDTRB,0.15,Low Risk,24.7,Month-to-month,19
9053-EJUNL,0.15,Low Risk,89.2,Month-to-month,41
7964-YESJC,0.15,Low Risk,66.3,Month-to-month,24
4931-TRZWN,0.15,Low Risk,71.95,Month-to-month,13
5924-IFQTT,0.15,Low Risk,72.8,Month-to-month,13
1730-ZMAME,0.15,Low Risk,79.5,Month-to-month,32
7801-KICAO,0.15,Low Risk,74.15,Month-to-month,18
1754-GKYPY,0.15,Low Risk,89.75,Month-to-month,22
0177-PXBAT,0.15,Low Risk,109.9,Month-to-month,33
4360-PNRQB,0.15,Low Risk,75.6,Month-to-month,18
1357-BIJKI,0.15,Low Risk,98.25,One year,50
5973-EJGDP,0.15,Low Risk,87.35,Month-to-month,51
4615-PIVVU,0.15,Low Risk,66.5,Two year,42
1307-TVUFB,0.15,Low Risk,79.35,Month-to-month,42
8873-GLDMH,0.15,Low Risk,73.85,Month-to-month,6
4355-CVPVS,0.15,Low Risk,88.9,One year,56
0956-ACVZC,0.15,Low Risk,94.1,One year,54
9752-ZNQUT,0.15,Low Risk,48.6,Month-to-month,1
1810-MVMAI,0.15,Low Risk,67.6,Month-to-month,30
1047-NNCBF,0.15,Low Risk,70.55,Month-to-month,20
1356-MKYSK,0.15,Low Risk,78.65,Month-to-month,6
6921-OZMFH,0.15,Low Risk,55.7,Month-to-month,5
7629-WIXZF,0.15,Low Risk,59.1,One year,7
3420-YJLQT,0.15,Low Risk,79.55,Month-to-month,2
4581-LNWUM,0.15,Low Risk,49.15,Month-to-month,13
2324-EFHVG,0.15,Low Risk,104.4,Two year,64
9356-AXGMP,0.15,Low Risk,110.7,One year,38
8295-FHIVV,0.15,Low Risk,19.4,Month-to-month,7
8008-ESFLK,0.15,Low Risk,110.5,One year,53
9375-MHRRS,0.15,Low Risk,50.05,Month-to-month,6
0799-DDIHE,0.15,Low Risk,46.3,Month-to-month,15
6034-YMTOB,0.15,Low Risk,75.65,Month-to-month,5
2303-PJYHN,0.15,Low Risk,19.85,Month-to-month,2
8543-MSDMF,0.15,Low Risk,77.4,Month-to-month,3
4016-BJKTZ,0.15,Low Risk,108.9,Two year,25
5285-MVEHD,0.15,Low Risk,105.6,One year,56
7268-IGMFD,0.15,Low Risk,93.9,Month-to-month,18
8541-QVFKM,0.15,Low Risk,73.5,Month-to-month,8
2091-MJTFX,0.15,Low Risk,51.2,Month-to-month,30
2043-WVTQJ,0.15,Low Risk,55.7,Month-to-month,1
6591-QGOYB,0.15,Low Risk,106.65,Month-to-month,17
1763-WQFUK,0.15,Low Risk,50.5,Month-to-month,3
4947-DSMXK,0.15,Low Risk,97.7,Month-to-month,34
6637-KYRCV,0.15,Low Risk,30.5,Month-to-month,5
7048-GXDAY,0.15,Low Risk,106.4,Month-to-month,39
7130-YXBRO,0.15,Low Risk,111.45,Month-to-month,48
6719-OXYBR,0.15,Low Risk,85.3,Month-to-month,15
6476-YHMGA,0.15,Low Risk,76.5,Month-to-month,15
2786-GCDPI,0.15,Low Risk,104.95,Month-to-month,50
4860-IJUDE,0.15,Low Risk,73.75,Month-to-month,13
3569-EDBPQ,0.15,Low Risk,84.35,Month-to-month,24
9518-XXBXE,0.15,Low Risk,75.3,Month-to-month,10
0093-EXYQL,0.15,Low Risk,91.55,Month-to-month,40
0599-XNYDO,0.15,Low Risk,69.8,Month-to-month,20
9365-SRSZE,0.15,Low Risk,70.55,Month-to-month,27
0365-GXEZS,0.15,Low Risk,78.2,Month-to-month,18
8992-CEUEN,0.15,Low Risk,18.85,Month-to-month,1
5843-TTHGI,0.15,Low Risk,50.0,Month-to-month,18
4097-YODCF,0.15,Low Risk,103.8,One year,34
6377-WHAOX,0.15,Low Risk,106.15,Month-to-month,60
0584-BJQGZ,0.15,Low Risk,78.35,Month-to-month,25
9591-YVTEB,0.15,Low Risk,44.85,Month-to-month,55
2105-PHWON,0.15,Low Risk,95.0,Month-to-month,33
2971-SGAFL,0.15,Low Risk,78.75,Month-to-month,13
1641-RQDAY,0.15,Low Risk,100.4,Month-to-month,32
3893-JRNFS,0.15,Low Risk,39.9,Month-to-month,68
2135-DQWAQ,0.15,Low Risk,85.3,Month-to-month,5
7610-TVOPG,0.15,Low Risk,26.35,Month-to-month,15
2436-QBZFP,0.15,Low Risk,39.2,Month-to-month,22
2697-NQBPF,0.15,Low Risk,105.35,Month-to-month,34
0254-FNMCI,0.15,Low Risk,109.9,Two year,72
6559-ILWKJ,0.15,Low Risk,49.35,Two year,71
3104-OWCGK,0.15,Low Risk,90.95,One year,60
5173-WXOQV,0.15,Low Risk,64.2,Month-to-month,2
7892-QVYKW,0.15,Low Risk,85.6,Month-to-month,23
8495-PRWFH,0.15,Low Risk,55.65,Month-to-month,42
4853-RULSV,0.15,Low Risk,104.0,Two year,70
6985-HAYWX,0.15,Low Risk,79.3,Month-to-month,26
9818-XQCUV,0.15,Low Risk,20.35,Month-to-month,2
4476-OSWTN,0.15,Low Risk,110.55,One year,69
2748-MYRVK,0.15,Low Risk,99.9,One year,63
5049-GLYVG,0.1483,Low Risk,20.6,Month-to-month,1
3976-NLDEZ,0.1483,Low Risk,20.6,Month-to-month,1
1963-VAUKV,0.1445,Low Risk,20.4,Month-to-month,1
3727-JEZTU,0.1445,Low Risk,20.4,Month-to-month,1
0883-EIBTI,0.1408,Low Risk,19.5,Month-to-month,2
3948-XHGNA,0.14,Low Risk,49.55,Month-to-month,24
4299-SIMNS,0.14,Low Risk,81.15,Month-to-month,9
8807-ARQET,0.14,Low Risk,40.35,Month-to-month,41
0027-KWYKW,0.14,Low Risk,83.75,Month-to-month,23
9909-IDLEK,0.14,Low Risk,96.8,Month-to-month,20
3594-KADLU,0.14,Low Risk,35.1,Month-to-month,3
9348-YVOMK,0.14,Low Risk,44.8,Month-to-month,4
6551-GNYDG,0.14,Low Risk,80.9,Month-to-month,14
3798-EPWRR,0.14,Low Risk,43.95,Month-to-month,2
1099-BTKWT,0.14,Low Risk,54.4,One year,68
4320-QMLLA,0.14,Low Risk,54.85,Month-to-month,7
7853-OETYL,0.14,Low Risk,29.05,Month-to-month,4
8033-ATFAS,0.14,Low Risk,59.85,Month-to-month,39
6647-ZEDXT,0.14,Low Risk,110.45,One year,30
3164-YAXFY,0.14,Low Risk,53.75,Month-to-month,57
2027-CWDNU,0.14,Low Risk,85.6,Month-to-month,18
4489-SNOJF,0.14,Low Risk,72.25,Month-to-month,35
1942-OQFRW,0.14,Low Risk,44.0,Month-to-month,1
6486-LHTMA,0.14,Low Risk,90.7,One year,31
4994-OBRSZ,0.14,Low Risk,76.1,Two year,14
7245-JMTTQ,0.14,Low Risk,111.5,One year,51
2675-DHUTR,0.14,Low Risk,98.9,Month-to-month,58
0734-OXWBT,0.14,Low Risk,70.7,Month-to-month,3
2371-KFUOG,0.14,Low Risk,99.15,One year,58
6967-QIQRV,0.14,Low Risk,101.9,One year,15
2674-MLXMN,0.14,Low Risk,99.65,Month-to-month,71
7668-XCFYV,0.14,Low Risk,92.55,Month-to-month,17
3082-YVEKW,0.14,Low Risk,77.15,Two year,23
7020-OZKXZ,0.14,Low Risk,75.5,Month-to-month,9
3154-CFSZG,0.14,Low Risk,90.05,Month-to-month,47
0848-ZGQIJ,0.14,Low Risk,94.65,Month-to-month,16
1895-QTKDO,0.14,Low Risk,43.95,Month-to-month,1
1767-TGTKO,0.14,Low Risk,45.45,Month-to-month,8
7966-YOTQW,0.14,Low Risk,54.5,Month-to-month,10
5989-OMNJE,0.14,Low Risk,57.6,One year,24
0641-EVBOJ,0.14,Low Risk,82.3,Month-to-month,3
0139-IVFJG,0.14,Low Risk,90.35,Month-to-month,2
2916-BQZLN,0.14,Low Risk,84.75,Month-to-month,19
7594-LZNWR,0.14,Low Risk,69.15,Month-to-month,34
9885-AIBVB,0.14,Low Risk,85.8,Month-to-month,29
2386-OWURY,0.14,Low Risk,95.3,Month-to-month,58
9537-VHDTA,0.14,Low Risk,51.2,Month-to-month,1
1469-LBJQJ,0.14,Low Risk,105.2,Month-to-month,66
1478-VPOAD,0.14,Low Risk,43.8,Month-to-month,1
9419-IPPBE,0.14,Low Risk,90.15,One year,51
0030-FNXPP,0.14,Low Risk,19.85,Month-to-month,3
4238-HFHSN,0.14,Low Risk,82.15,Month-to-month,61
6047-SUHPR,0.14,Low Risk,59.8,One year,39
3597-MVHJT,0.14,Low Risk,95.6,Month-to-month,27
8903-XEBGX,0.14,Low Risk,55.3,Month-to-month,2
3022-BEXHZ,0.14,Low Risk,111.2,Two year,67
1013-QCWAM,0.14,Low Risk,100.8,Month-to-month,66
3058-WQDRE,0.14,Low Risk,25.15,Month-to-month,13
3002-WQZWT,0.14,Low Risk,74.2,Month-to-month,29
5839-SUYVZ,0.14,Low Risk,74.55,Month-to-month,16
3161-GETRM,0.14,Low Risk,90.05,Month-to-month,34
2805-EDJPQ,0.14,Low Risk,99.75,One year,56
8490-BXHEO,0.14,Low Risk,80.55,Month-to-month,18
8961-QDZZJ,0.14,Low Risk,95.0,One year,57
6726-WEXXK,0.14,Low Risk,85.9,One year,27
7636-XUHWW,0.14,Low Risk,19.9,Month-to-month,2
9097-ZUBYC,0.14,Low Risk,48.8,Month-to-month,14
3807-BPOMJ,0.14,Low Risk,94.75,One year,55
5740-YHGTW,0.14,Low Risk,97.55,Month-to-month,70
7750-EYXWZ,0.14,Low Risk,60.65,One year,12
2320-SLKMB,0.14,Low Risk,44.45,Month-to-month,26
1475-VWVDO,0.14,Low Risk,74.9,Month-to-month,7
2227-JRSJX,0.14,Low Risk,99.15,Month-to-month,21
5356-CSVSQ,0.14,Low Risk,64.6,Month-to-month,3
4007-NHVHI,0.14,Low Risk,96.85,Month-to-month,56
1406-PUQVY,0.14,Low Risk,49.9,Month-to-month,1
2322-VCZHZ,0.14,Low Risk,90.0,Month-to-month,23
0961-ZWLVI,0.14,Low Risk,109.2,One year,49
6599-GZWCM,0.14,Low Risk,74.65,One year,13
5832-EXGTT,0.14,Low Risk,60.2,Month-to-month,29
4482-FTFFX,0.14,Low Risk,56.15,Month-to-month,5
6743-HHQPF,0.14,Low Risk,25.1,Month-to-month,42
3946-JEWRQ,0.14,Low Risk,95.2,One year,47
4188-FRABG,0.14,Low Risk,103.05,Month-to-month,57
7396-VJUZB,0.14,Low Risk,45.25,Month-to-month,4
1051-GEJLJ,0.14,Low Risk,19.5,Month-to-month,2
7519-JTWQH,0.14,Low Risk,110.5,Two year,69
5934-RMPOV,0.14,Low Risk,84.75,Month-to-month,22
2826-UWHIS,0.14,Low Risk,81.4,Month-to-month,45
3961-SXAXY,0.14,Low Risk,44.05,Month-to-month,1
9904-EHEVJ,0.14,Low Risk,91.35,Month-to-month,32
7130-CTCUS,0.14,Low Risk,54.55,Month-to-month,16
9495-SKLKD,0.14,Low Risk,95.95,Month-to-month,45
9027-YFHQJ,0.14,Low Risk,25.05,Month-to-month,7
8920-NAVAY,0.14,Low Risk,110.75,One year,62
3545-CNWRG,0.14,Low Risk,98.35,Month-to-month,49
4123-DVHPH,0.14,Low Risk,88.05,Month-to-month,9
0541-FITGH,0.14,Low Risk,62.15,Month-to-month,2
6689-VRRTK,0.14,Low Risk,109.8,One year,44
1343-EHPYB,0.14,Low Risk,103.4,Month-to-month,63
8189-XRIKE,0.14,Low Risk,90.95,Month-to-month,32
3896-RCYYE,0.14,Low Risk,53.4,Month-to-month,67
2874-YXVVA,0.14,Low Risk,105.1,Month-to-month,34
6075-SLNIL,0.14,Low Risk,95.1,Month-to-month,38
8713-IGZSO,0.14,Low Risk,24.85,Month-to-month,2
3733-ZEECP,0.14,Low Risk,51.1,Month-to-month,22
2080-GKCWQ,0.14,Low Risk,74.95,Month-to-month,2
8547-NSBBO,0.14,Low Risk,96.75,Month-to-month,35
8896-BQTTI,0.135,Low Risk,25.0,Month-to-month,1
2465-BLLEU,0.135,Low Risk,19.75,Month-to-month,1
5088-QZLRL,0.1333,Low Risk,20.65,Month-to-month,1
9708-KFDBY,0.1333,Low Risk,20.55,Month-to-month,1
8565-HBFNN,0.13,Low Risk,107.2,One year,69
5650-YLIBA,0.13,Low Risk,81.15,Month-to-month,31
6794-HKIAJ,0.13,Low Risk,90.7,Month-to-month,62
9717-QEBGU,0.13,Low Risk,70.3,Month-to-month,2
8630-FJLIB,0.13,Low Risk,69.8,Month-to-month,18
3639-XJHKQ,0.13,Low Risk,60.6,Month-to-month,19
3904-UKFRE,0.13,Low Risk,80.1,Month-to-month,4
7129-CAKJW,0.13,Low Risk,80.05,Month-to-month,17
3717-LNXKW,0.13,Low Risk,91.7,Month-to-month,38
5149-TGWDZ,0.13,Low Risk,104.55,One year,21
8631-WUXGY,0.13,Low Risk,99.8,Month-to-month,46
0581-BXBUB,0.13,Low Risk,72.75,Month-to-month,4
2927-QRRQV,0.13,Low Risk,94.65,One year,46
8706-HRADD,0.13,Low Risk,43.55,Month-to-month,21
2240-HSJQD,0.13,Low Risk,81.85,Month-to-month,38
0432-CAJZV,0.13,Low Risk,90.7,Month-to-month,3
7740-BTPUX,0.13,Low Risk,113.6,Two year,55
5949-HGVJL,0.13,Low Risk,73.05,Month-to-month,26
6557-BZXLQ,0.13,Low Risk,69.65,Month-to-month,16
1251-STYSZ,0.13,Low Risk,80.25,Month-to-month,4
0423-UDIJQ,0.13,Low Risk,49.2,Month-to-month,9
5522-JBWMO,0.13,Low Risk,44.0,Month-to-month,1
5732-IKGQH,0.13,Low Risk,104.45,One year,52
0258-NOKBL,0.13,Low Risk,90.4,Month-to-month,3
0186-CAERR,0.13,Low Risk,116.3,One year,71
3258-SANFR,0.13,Low Risk,44.7,Month-to-month,6
3694-GLTJM,0.13,Low Risk,19.65,Month-to-month,5
9979-RGMZT,0.13,Low Risk,94.05,One year,7
3646-ITDGM,0.13,Low Risk,19.7,Two year,56
8728-SKJLR,0.13,Low Risk,74.25,Month-to-month,41
2607-FBDFF,0.13,Low Risk,49.0,Month-to-month,1
3312-ZWLGF,0.13,Low Risk,79.3,Month-to-month,29
3011-WQKSZ,0.13,Low Risk,20.0,Month-to-month,19
0080-EMYVY,0.13,Low Risk,51.45,One year,14
6656-JWRQX,0.13,Low Risk,30.55,Month-to-month,1
0225-ZORZP,0.13,Low Risk,84.3,Month-to-month,3
1685-BQULA,0.13,Low Risk,93.4,Month-to-month,40
2272-JKMSI,0.13,Low Risk,110.8,One year,62
9944-AEXBM,0.13,Low Risk,85.65,Month-to-month,32
0376-OIWME,0.13,Low Risk,93.6,Month-to-month,36
0666-UXTJO,0.13,Low Risk,85.2,Month-to-month,34
1932-UEDCX,0.13,Low Risk,100.6,Month-to-month,33
0112-QAWRZ,0.13,Low Risk,90.8,Month-to-month,16
8654-DHAOW,0.13,Low Risk,54.15,Month-to-month,2
2851-STERV,0.13,Low Risk,73.0,One year,35
9681-KYGYB,0.13,Low Risk,88.2,Month-to-month,49
0898-XCGTF,0.13,Low Risk,96.5,One year,61
8885-QSQBX,0.13,Low Risk,49.55,Month-to-month,1
6198-RTPMF,0.13,Low Risk,92.6,Month-to-month,17
1465-WCZVT,0.13,Low Risk,19.65,Month-to-month,3
3855-ONCAR,0.13,Low Risk,78.9,Month-to-month,4
6874-SGLHU,0.13,Low Risk,97.0,One year,30
7895-VONWT,0.13,Low Risk,48.25,Month-to-month,25
2739-CACDQ,0.13,Low Risk,82.65,Month-to-month,17
5153-LXKDT,0.13,Low Risk,110.2,Two year,68
4636-JGAAI,0.13,Low Risk,88.85,Month-to-month,34
0327-WFZSY,0.13,Low Risk,100.0,One year,39
8050-WYBND,0.13,Low Risk,49.45,One year,22
1394-SUIUH,0.13,Low Risk,85.15,Month-to-month,44
6988-CJEYV,0.13,Low Risk,98.7,Month-to-month,49
9355-NPPFS,0.13,Low Risk,78.8,Month-to-month,26
5197-PYEPU,0.13,Low Risk,94.45,One year,42
8755-IWJHN,0.13,Low Risk,95.35,Month-to-month,69
1216-JWVUX,0.13,Low Risk,75.5,Month-to-month,25
4644-PIZRT,0.13,Low Risk,70.35,One year,17
3716-UVSPD,0.13,Low Risk,49.3,Month-to-month,1
3787-TRIAL,0.13,Low Risk,26.05,Month-to-month,21
4191-XOVOM,0.13,Low Risk,105.4,Month-to-month,63
1855-CFULU,0.13,Low Risk,20.05,Month-to-month,4
4282-ACRXS,0.13,Low Risk,24.85,Month-to-month,38
4194-WHFCB,0.13,Low Risk,96.65,Month-to-month,59
5074-FBGHB,0.13,Low Risk,104.65,One year,64
2897-DOVND,0.13,Low Risk,69.8,Month-to-month,2
9701-CDXHR,0.13,Low Risk,69.15,Month-to-month,51
0089-IIQKO,0.13,Low Risk,99.95,Month-to-month,39
2045-BMBTJ,0.13,Low Risk,59.45,Month-to-month,33
5131-PONJI,0.13,Low Risk,90.4,Month-to-month,49
9776-OJUZI,0.13,Low Risk,95.45,Month-to-month,65
6067-NGCEU,0.13,Low Risk,111.05,Month-to-month,65
8329-GWVPJ,0.13,Low Risk,69.75,Month-to-month,50
9643-YBLUR,0.13,Low Risk,69.05,Month-to-month,9
6351-SCJKT,0.13,Low Risk,41.35,Month-to-month,3
4832-VRBMR,0.13,Low Risk,103.15,One year,65
0867-LDTTC,0.13,Low Risk,75.15,Month-to-month,5
6549-YMFAW,0.13,Low Risk,21.25,Month-to-month,9
0489-WMEMG,0.13,Low Risk,49.45,One year,23
4070-OKWVH,0.13,Low Risk,94.6,Month-to-month,52
3407-QGWLG,0.13,Low Risk,20.05,Month-to-month,3
4003-FUSHP,0.13,Low Risk,61.55,Month-to-month,19
5950-AAAGJ,0.13,Low Risk,84.3,Month-to-month,18
6447-GORXK,0.13,Low Risk,25.0,Month-to-month,31
8901-UPRHR,0.13,Low Risk,109.2,Two year,72
9470-XCCEM,0.13,Low Risk,89.65,Month-to-month,35
0620-DLSLK,0.13,Low Risk,81.9,Month-to-month,13
3439-GVUSX,0.13,Low Risk,24.4,Month-to-month,1
1784-EZDKJ,0.13,Low Risk,106.8,One year,51
2657-VPXTA,0.13,Low Risk,88.85,Month-to-month,10
3392-EHMNK,0.13,Low Risk,94.1,Two year,67
9702-AIUJO,0.13,Low Risk,44.8,One year,50
3522-CDKHF,0.13,Low Risk,75.5,Month-to-month,32
8752-GHJFU,0.13,Low Risk,92.0,One year,71
9970-QBCDA,0.12,Low Risk,19.7,Month-to-month,6
7550-WIQVA,0.12,Low Risk,108.25,One year,50
8799-OXZMD,0.12,Low Risk,29.75,Month-to-month,28
9058-HRZSV,0.12,Low Risk,94.4,Month-to-month,65
9308-ANMVE,0.12,Low Risk,55.3,Month-to-month,47
7586-ZATGZ,0.12,Low Risk,84.9,Month-to-month,40
4929-ROART,0.12,Low Risk,56.25,Month-to-month,18
1492-KGETH,0.12,Low Risk,78.35,One year,70
6243-OZGFH,0.12,Low Risk,44.95,Month-to-month,23
8741-LQOBK,0.12,Low Risk,35.05,Month-to-month,46
5899-OUVKV,0.12,Low Risk,94.5,Month-to-month,31
6890-PFRQX,0.12,Low Risk,69.5,Month-to-month,18
9494-BDNNC,0.12,Low Risk,95.3,One year,66
5118-MUEYH,0.12,Low Risk,105.1,Month-to-month,48
7521-YXVZY,0.12,Low Risk,19.95,Month-to-month,3
7529-ZDFXI,0.12,Low Risk,89.85,Month-to-month,57
5522-NYKPB,0.12,Low Risk,85.9,Month-to-month,25
6806-YDEUL,0.12,Low Risk,19.5,Month-to-month,6
5481-NTDOH,0.12,Low Risk,107.05,One year,67
9670-BPNXF,0.12,Low Risk,62.55,One year,45
2587-EKXTS,0.12,Low Risk,111.5,Month-to-month,44
9003-CPATH,0.12,Low Risk,79.9,Month-to-month,42
4672-FOTSD,0.12,Low Risk,67.25,Month-to-month,12
6994-KERXL,0.12,Low Risk,55.9,Month-to-month,4
5366-OBVMR,0.12,Low Risk,50.3,Month-to-month,18
7605-SNLQG,0.12,Low Risk,50.25,Month-to-month,45
9822-OAOVB,0.12,Low Risk,55.45,Month-to-month,1
4806-DXQCE,0.12,Low Risk,113.65,Two year,70
7787-BNTZM,0.12,Low Risk,20.15,Month-to-month,6
6629-LADHQ,0.12,Low Risk,50.95,Month-to-month,2
2197-OMWGI,0.12,Low Risk,53.0,Two year,68
8584-KMVXD,0.12,Low Risk,75.6,Month-to-month,8
3537-RYBHH,0.12,Low Risk,67.45,Month-to-month,47
7622-NXQZR,0.12,Low Risk,30.1,Month-to-month,28
5671-UUNXD,0.12,Low Risk,100.65,One year,50
8720-RQSBJ,0.12,Low Risk,44.0,Month-to-month,1
5397-TUPSH,0.12,Low Risk,70.95,One year,65
1472-TNCWL,0.12,Low Risk,94.7,Month-to-month,36
3566-VVORZ,0.12,Low Risk,45.9,Month-to-month,12
4824-GUCBY,0.12,Low Risk,81.7,Month-to-month,22
0701-TJSEF,0.12,Low Risk,68.25,Month-to-month,9
6121-TNHBO,0.12,Low Risk,83.0,One year,63
9137-UIYPG,0.12,Low Risk,106.9,Month-to-month,35
6908-VVYHM,0.12,Low Risk,90.65,Month-to-month,65
4868-AADLV,0.12,Low Risk,116.25,One year,66
3842-QTGDL,0.12,Low Risk,80.75,Month-to-month,16
9494-MRNYX,0.12,Low Risk,75.05,Month-to-month,10
6815-ABQFQ,0.12,Low Risk,107.25,One year,56
8107-KNCIM,0.12,Low Risk,75.1,Month-to-month,14
3063-QFSZL,0.12,Low Risk,55.4,Month-to-month,1
5243-SAOTC,0.12,Low Risk,79.85,Month-to-month,54
0277-BKSQP,0.12,Low Risk,54.4,Month-to-month,8
5726-CVNYA,0.12,Low Risk,19.85,Two year,8
2798-NYLMZ,0.12,Low Risk,108.55,Two year,71
0428-IKYCP,0.12,Low Risk,87.0,Month-to-month,22
4685-ERGHK,0.12,Low Risk,86.9,One year,57
0564-MUUQK,0.12,Low Risk,95.5,Month-to-month,20
4343-EJVQB,0.12,Low Risk,74.35,Month-to-month,7
0864-FVJNJ,0.12,Low Risk,113.35,One year,64
4697-LUPSU,0.12,Low Risk,20.2,One year,2
3043-TYBNO,0.12,Low Risk,60.65,Month-to-month,3
4770-UEZOX,0.12,Low Risk,74.75,Month-to-month,2
7740-KKCXF,0.12,Low Risk,30.05,Month-to-month,51
1258-YMZNM,0.12,Low Risk,110.5,One year,27
2523-EWWZL,0.12,Low Risk,76.1,Month-to-month,27
9720-JJJOR,0.12,Low Risk,60.3,One year,41
6259-WJQLC,0.12,Low Risk,81.1,Month-to-month,32
7798-JVXYM,0.12,Low Risk,69.65,Month-to-month,14
7776-QWNFX,0.12,Low Risk,50.4,Month-to-month,30
7634-WSWDB,0.12,Low Risk,38.5,Month-to-month,8
0310-VQXAM,0.12,Low Risk,19.85,Month-to-month,9
7998-ZLXWN,0.12,Low Risk,20.45,Month-to-month,15
9389-ACWBI,0.12,Low Risk,69.95,Month-to-month,5
1004-NOZNR,0.12,Low Risk,94.8,One year,56
1320-REHCS,0.12,Low Risk,110.75,Month-to-month,52
5693-PIPCS,0.12,Low Risk,99.65,Two year,41
9112-WSNPU,0.12,Low Risk,70.55,Month-to-month,35
8132-YPVBX,0.12,Low Risk,85.95,Month-to-month,6
8498-XXGWA,0.12,Low Risk,55.15,Month-to-month,65
5136-RGMZO,0.12,Low Risk,71.05,Month-to-month,31
0178-SZBHO,0.12,Low Risk,87.2,Month-to-month,47
0396-HUJBP,0.12,Low Risk,19.3,Month-to-month,2
0274-JKUJR,0.12,Low Risk,58.85,Month-to-month,7
7789-HKSBS,0.12,Low Risk,105.2,One year,42
8679-LZBMD,0.12,Low Risk,90.65,One year,44
2257-BOVXD,0.12,Low Risk,66.6,Month-to-month,14
3597-YASZG,0.12,Low Risk,104.45,Two year,70
5022-KVDQT,0.12,Low Risk,81.3,Month-to-month,27
8985-OOPOS,0.12,Low Risk,74.1,One year,1
0699-NDKJM,0.12,Low Risk,58.75,Month-to-month,57
6578-KRMAW,0.12,Low Risk,93.4,Month-to-month,32
9770-LXDBK,0.12,Low Risk,20.4,Month-to-month,3
7714-YXSMB,0.12,Low Risk,100.5,Month-to-month,26
8384-FZBJK,0.12,Low Risk,100.6,Month-to-month,57
4612-SSVHJ,0.12,Low Risk,81.45,Month-to-month,20
3908-MKIMJ,0.12,Low Risk,41.95,Two year,68
1091-SOZGA,0.12,Low Risk,99.8,One year,56
5609-IMCGG,0.12,Low Risk,84.35,Month-to-month,15
3786-WOVKF,0.12,Low Risk,106.85,One year,72
1391-UBDAR,0.12,Low Risk,72.9,Month-to-month,11
0853-NWIFK,0.12,Low Risk,100.3,One year,45
3452-ABWRL,0.12,Low Risk,86.05,Month-to-month,47
9693-XMUOB,0.12,Low Risk,50.25,Month-to-month,59
6211-WHMYA,0.12,Low Risk,43.85,Month-to-month,64
1956-YIFGE,0.12,Low Risk,100.05,One year,22
0129-KPTWJ,0.12,Low Risk,94.65,Month-to-month,72
7526-IVLYU,0.12,Low Risk,19.65,Month-to-month,3
2621-UDNLU,0.12,Low Risk,20.85,Month-to-month,3
9584-EXCDZ,0.12,Low Risk,70.5,Month-to-month,17
7876-BEUTG,0.12,Low Risk,48.8,Month-to-month,15
9391-YZEJW,0.12,Low Risk,94.0,One year,62
6994-ORCWG,0.12,Low Risk,54.25,One year,14
5945-AZYHT,0.12,Low Risk,109.6,One year,71
3096-YXENJ,0.12,Low Risk,107.65,Two year,65
2692-PFYTJ,0.119,Low Risk,25.75,Month-to-month,1
8620-RJPZN,0.1142,Low Risk,20.7,Month-to-month,1
4013-GUXND,0.114,Low Risk,20.8,Month-to-month,1
9488-FYQAU,0.11,Low Risk,109.25,Two year,63
8311-UEUAB,0.11,Low Risk,75.5,Two year,67
1840-BIUOG,0.11,Low Risk,68.7,One year,20
4010-YLMVT,0.11,Low Risk,106.6,Month-to-month,56
3071-VBYPO,0.11,Low Risk,89.85,Month-to-month,3
8597-CWYHH,0.11,Low Risk,94.35,One year,43
0365-TRTPY,0.11,Low Risk,91.2,Month-to-month,37
8756-RDDLT,0.11,Low Risk,44.95,Month-to-month,68
9644-UMGQA,0.11,Low Risk,49.15,Month-to-month,6
2393-DIVAI,0.11,Low Risk,20.0,Month-to-month,3
2675-OTVVJ,0.11,Low Risk,89.45,Month-to-month,31
2582-FFFZR,0.11,Low Risk,50.6,Month-to-month,22
7950-XWOVN,0.11,Low Risk,34.7,Month-to-month,11
9842-EFSYY,0.11,Low Risk,57.2,Month-to-month,4
2190-BCXEC,0.11,Low Risk,78.85,Month-to-month,40
1024-KPRBB,0.11,Low Risk,89.1,One year,38
5439-WIKXB,0.11,Low Risk,94.55,Month-to-month,41
6733-LRIZX,0.11,Low Risk,108.95,Two year,35
9481-WHGWY,0.11,Low Risk,75.35,Two year,70
8212-CRQXP,0.11,Low Risk,80.0,Month-to-month,22
2040-VZIKE,0.11,Low Risk,100.85,Month-to-month,49
7691-KGKGP,0.11,Low Risk,65.0,Month-to-month,53
3795-CAWEX,0.11,Low Risk,116.55,Two year,70
5370-IIVVL,0.11,Low Risk,104.5,One year,37
4976-LNFVV,0.11,Low Risk,34.3,Month-to-month,19
4526-ZJJTM,0.11,Low Risk,88.4,Month-to-month,25
6344-SFJVH,0.11,Low Risk,24.9,Month-to-month,20
6728-VOIFY,0.11,Low Risk,96.0,One year,63
6217-TOWGS,0.11,Low Risk,75.4,Month-to-month,17
6481-ESCNL,0.11,Low Risk,100.55,Month-to-month,29
3589-PPVKW,0.11,Low Risk,44.4,Month-to-month,9
4109-CYRBD,0.11,Low Risk,51.6,Month-to-month,29
7078-NVFAM,0.11,Low Risk,35.15,Month-to-month,32
0913-XWSCN,0.11,Low Risk,85.5,Month-to-month,55
3780-YVMFA,0.11,Low Risk,68.55,Month-to-month,8
2056-EVGZL,0.11,Low Risk,105.75,One year,68
2988-GBIVW,0.11,Low Risk,90.85,Month-to-month,70
4316-XCSLJ,0.11,Low Risk,50.3,Month-to-month,17
5562-YJQGT,0.11,Low Risk,20.35,Month-to-month,2
7134-MJPDY,0.11,Low Risk,102.85,One year,66
6797-UCJHZ,0.11,Low Risk,104.6,One year,66
0708-SJDIS,0.11,Low Risk,65.0,Month-to-month,34
1329-VHWNP,0.11,Low Risk,25.05,Month-to-month,7
6308-CQRBU,0.11,Low Risk,109.25,Two year,71
6266-QHOJZ,0.11,Low Risk,89.85,One year,65
4256-ZWTZI,0.11,Low Risk,51.0,Month-to-month,5
1853-ARAAQ,0.11,Low Risk,50.35,Month-to-month,26
5404-GGUKR,0.11,Low Risk,51.35,Month-to-month,5
9699-UBQFS,0.11,Low Risk,94.5,Month-to-month,43
5201-FRKKS,0.11,Low Risk,74.3,Month-to-month,25
7064-FRRSW,0.11,Low Risk,99.0,One year,48
8149-AIQCG,0.11,Low Risk,73.15,Month-to-month,39
8091-TTVAX,0.11,Low Risk,100.35,One year,58
0439-IFYUN,0.11,Low Risk,74.7,Month-to-month,18
1635-FJFCC,0.11,Low Risk,44.05,Month-to-month,5
4012-ZTHBR,0.11,Low Risk,44.95,Month-to-month,21
7298-IZWLY,0.11,Low Risk,19.4,Month-to-month,1
3160-TYXLT,0.11,Low Risk,46.3,Month-to-month,53
0623-EJQEG,0.11,Low Risk,93.55,One year,65
2272-UOINI,0.11,Low Risk,78.5,Month-to-month,7
0691-NIKRI,0.11,Low Risk,105.95,One year,40
1228-ZLNBX,0.11,Low Risk,75.3,Month-to-month,21
7379-FNIUJ,0.11,Low Risk,100.2,Month-to-month,2
2439-QKJUL,0.11,Low Risk,20.25,Month-to-month,5
0708-LGSMF,0.11,Low Risk,65.85,Month-to-month,13
0487-RPVUM,0.11,Low Risk,99.4,Month-to-month,61
7421-ZLUPA,0.11,Low Risk,29.25,Month-to-month,8
7088-FBAWU,0.11,Low Risk,74.55,Month-to-month,17
8563-IIOXK,0.11,Low Risk,49.75,One year,7
2770-NSVDG,0.11,Low Risk,29.1,Month-to-month,24
1216-BGTSP,0.11,Low Risk,108.45,Month-to-month,45
4760-THGOT,0.11,Low Risk,94.1,Month-to-month,43
9881-VCZEP,0.11,Low Risk,54.1,Month-to-month,25
3865-YIOTT,0.11,Low Risk,106.1,One year,72
9812-GHVRI,0.11,Low Risk,83.85,Month-to-month,40
8647-SDTWQ,0.11,Low Risk,74.3,Month-to-month,57
0946-FKYTX,0.11,Low Risk,30.1,One year,52
9626-WEQRM,0.11,Low Risk,29.15,Month-to-month,4
1545-ACTAS,0.11,Low Risk,99.7,One year,48
3199-XGZCY,0.11,Low Risk,75.25,Month-to-month,8
1785-BPHTP,0.11,Low Risk,85.45,Month-to-month,28
1950-KSVVJ,0.11,Low Risk,113.3,One year,45
1735-XMJVH,0.11,Low Risk,19.35,Month-to-month,8
7666-WKRON,0.11,Low Risk,80.45,Two year,39
7711-YIJWC,0.11,Low Risk,84.9,One year,61
1064-FBXNK,0.11,Low Risk,19.85,One year,1
3503-TYDAY,0.11,Low Risk,80.45,Month-to-month,43
0570-BFQHT,0.11,Low Risk,80.55,Month-to-month,9
8947-YRTDV,0.11,Low Risk,94.8,One year,32
5514-YQENT,0.11,Low Risk,111.15,Two year,41
7813-ZGGAW,0.11,Low Risk,96.6,Month-to-month,31
0196-JTUQI,0.11,Low Risk,75.2,Month-to-month,9
8065-BVEPF,0.11,Low Risk,99.1,Month-to-month,65
5127-BZENZ,0.11,Low Risk,65.2,One year,56
1353-GHZOS,0.11,Low Risk,59.75,One year,22
8152-UOBNY,0.11,Low Risk,106.8,One year,50
6559-RAKOZ,0.11,Low Risk,97.95,One year,49
2252-ISRNH,0.11,Low Risk,90.35,One year,9
0921-OHLVP,0.11,Low Risk,83.05,Month-to-month,22
1386-ZIKUV,0.11,Low Risk,18.95,Month-to-month,7
8751-EDEKA,0.11,Low Risk,89.9,Month-to-month,28
4462-CYWMH,0.11,Low Risk,89.8,Month-to-month,62
0795-GMVQO,0.11,Low Risk,109.9,One year,67
4998-IKFSE,0.11,Low Risk,100.45,Month-to-month,30
0471-ARVMX,0.11,Low Risk,104.85,One year,62
7929-SKFGK,0.11,Low Risk,114.3,Two year,70
4724-WXVWF,0.11,Low Risk,95.4,Month-to-month,48
7797-EJMDP,0.11,Low Risk,66.05,Month-to-month,8
5628-RKIFK,0.11,Low Risk,101.55,Month-to-month,49
6968-MHOMU,0.11,Low Risk,45.0,One year,58
6184-DYUOB,0.11,Low Risk,19.6,Month-to-month,3
8879-ZKJOF,0.11,Low Risk,79.85,One year,41
3898-BSJYF,0.11,Low Risk,73.55,One year,10
2924-KHUVI,0.11,Low Risk,100.55,One year,56
9819-FBNSV,0.11,Low Risk,72.25,Month-to-month,37
7874-ECPQJ,0.11,Low Risk,20.05,Month-to-month,4
7426-GSWPO,0.11,Low Risk,103.5,Month-to-month,64
0289-IVARM,0.11,Low Risk,60.55,Month-to-month,35
9178-JHUVJ,0.11,Low Risk,24.1,Two year,24
8552-OBVRU,0.11,Low Risk,104.5,Month-to-month,48
0771-WLCLA,0.11,Low Risk,112.95,Month-to-month,16
2811-POVEX,0.11,Low Risk,88.45,Month-to-month,23
5402-HTOTQ,0.11,Low Risk,55.3,Month-to-month,16
4989-LIXVT,0.11,Low Risk,95.9,Month-to-month,68
9814-AOUDH,0.11,Low Risk,19.5,Two year,53
2203-GHNWN,0.11,Low Risk,79.65,Month-to-month,24
6734-CKRSM,0.11,Low Risk,20.0,Month-to-month,3
2712-SYWAY,0.105,Low Risk,25.7,Month-to-month,1
1099-GODLO,0.102,Low Risk,20.35,Two year,1
8263-OKETD,0.1,Low Risk,68.9,Month-to-month,20
7794-JASDG,0.1,Low Risk,50.75,Month-to-month,1
9822-WMWVG,0.1,Low Risk,106.5,Month-to-month,41
9974-JFBHQ,0.1,Low Risk,99.15,Month-to-month,64
1453-RZFON,0.1,Low Risk,49.9,Month-to-month,1
3587-PMCOY,0.1,Low Risk,98.9,One year,10
9921-EZKBY,0.1,Low Risk,95.3,Month-to-month,33
6383-ZTSIW,0.1,Low Risk,99.1,One year,39
8456-QDAVC,0.1,Low Risk,78.7,Month-to-month,19
2347-WKKAE,0.1,Low Risk,94.4,Month-to-month,42
5537-UXXVS,0.1,Low Risk,19.25,Month-to-month,20
7872-RDDLZ,0.1,Low Risk,54.9,Month-to-month,67
8979-CAMGB,0.1,Low Risk,102.1,One year,64
3441-CGZJH,0.1,Low Risk,60.4,One year,43
2208-UGTGR,0.1,Low Risk,98.6,Month-to-month,56
5345-BMKWB,0.1,Low Risk,20.25,Month-to-month,8
1768-HNVGJ,0.1,Low Risk,70.05,Month-to-month,45
0311-QYWSS,0.1,Low Risk,49.45,Month-to-month,6
1097-FSPVW,0.1,Low Risk,54.55,Month-to-month,42
8591-NXRCV,0.1,Low Risk,74.65,Month-to-month,41
4553-DVPZG,0.1,Low Risk,101.35,Month-to-month,62
8660-BUETV,0.1,Low Risk,44.75,Month-to-month,3
4647-XXZAM,0.1,Low Risk,45.5,Month-to-month,6
6198-PNNSZ,0.1,Low Risk,109.8,One year,56
0440-QEXBZ,0.1,Low Risk,50.15,Month-to-month,44
1061-PNTHC,0.1,Low Risk,109.6,Month-to-month,56
4415-WNGVR,0.1,Low Risk,79.2,One year,12
1421-HCERK,0.1,Low Risk,105.7,Month-to-month,30
7989-VCQOH,0.1,Low Risk,83.25,Month-to-month,18
2292-XQWSV,0.1,Low Risk,60.3,One year,40
5913-INRQV,0.1,Low Risk,90.15,One year,34
9943-VSZUV,0.1,Low Risk,75.7,Month-to-month,67
8104-OSKWT,0.1,Low Risk,79.8,Month-to-month,12
8404-GFGCZ,0.1,Low Risk,65.6,Month-to-month,4
4310-KEDTB,0.1,Low Risk,29.8,Month-to-month,26
0377-JBKKT,0.1,Low Risk,57.95,Month-to-month,22
4753-PADAS,0.1,Low Risk,105.7,One year,67
5778-BVOFB,0.1,Low Risk,59.5,Month-to-month,9
8746-OQQRW,0.1,Low Risk,25.25,Month-to-month,4
6233-HXJMX,0.1,Low Risk,89.3,Month-to-month,45
0396-UKGAI,0.1,Low Risk,55.3,Month-to-month,23
7611-YKYTC,0.1,Low Risk,75.0,Month-to-month,22
5055-MGMGF,0.1,Low Risk,105.05,Month-to-month,65
9839-ETQOE,0.1,Low Risk,40.45,Month-to-month,43
0931-MHTEM,0.1,Low Risk,100.05,One year,54
2144-BFDSO,0.1,Low Risk,108.75,Month-to-month,50
3570-YUEKJ,0.1,Low Risk,49.55,Month-to-month,42
3396-DKDEL,0.1,Low Risk,115.15,Two year,70
1976-AZZPJ,0.1,Low Risk,34.2,Month-to-month,7
5816-SCGFC,0.1,Low Risk,51.3,Month-to-month,7
6368-NWMCE,0.1,Low Risk,68.15,Month-to-month,38
2931-FSOHN,0.1,Low Risk,59.9,Month-to-month,13
0943-ZQPXH,0.1,Low Risk,92.95,Month-to-month,44
6833-JMZYP,0.1,Low Risk,94.0,Month-to-month,15
4619-EVPHY,0.1,Low Risk,91.0,One year,20
8910-ICHIU,0.1,Low Risk,95.65,One year,46
8725-JEDFD,0.1,Low Risk,69.05,Month-to-month,27
8676-OOQEJ,0.1,Low Risk,30.5,Month-to-month,4
2480-SQIOB,0.1,Low Risk,44.8,Month-to-month,4
2675-IJRGJ,0.1,Low Risk,19.65,Two year,53
8071-SBTRN,0.1,Low Risk,111.15,Two year,70
7727-SHVZV,0.1,Low Risk,19.5,Month-to-month,9
7839-NUIAA,0.1,Low Risk,59.8,Month-to-month,61
5915-DGNVC,0.1,Low Risk,71.8,One year,49
5975-BAICR,0.1,Low Risk,63.7,One year,36
6288-LBEAR,0.1,Low Risk,79.1,Month-to-month,23
7163-OCEQI,0.1,Low Risk,78.65,One year,22
9501-UKKNL,0.1,Low Risk,51.7,Month-to-month,59
2791-SFVEW,0.1,Low Risk,20.15,Month-to-month,9
1101-SSWAG,0.1,Low Risk,51.1,Month-to-month,15
8313-KTIHG,0.1,Low Risk,61.3,Month-to-month,4
8582-KRHPJ,0.1,Low Risk,35.0,Month-to-month,50
3186-AJIEK,0.1,Low Risk,105.65,Two year,66
9114-AAFQH,0.1,Low Risk,65.65,One year,48
6952-OMNWB,0.1,Low Risk,80.35,Month-to-month,68
5780-INQIK,0.1,Low Risk,49.4,Month-to-month,8
9588-OZDMQ,0.1,Low Risk,45.0,Month-to-month,2
9251-WNSOD,0.1,Low Risk,75.1,One year,67
5882-CMAZQ,0.1,Low Risk,34.25,Month-to-month,5
5186-PEIZU,0.1,Low Risk,19.25,Month-to-month,35
5146-CBVOE,0.1,Low Risk,75.1,Month-to-month,16
3511-APPBJ,0.1,Low Risk,99.95,One year,23
6625-UTXEW,0.1,Low Risk,51.25,Month-to-month,12
4568-TTZRT,0.1,Low Risk,20.4,Month-to-month,9
5067-XJQFU,0.1,Low Risk,108.45,One year,66
3865-QBWSJ,0.1,Low Risk,80.45,Month-to-month,38
0481-SUMCB,0.1,Low Risk,102.15,One year,45
2346-DJQTB,0.1,Low Risk,24.15,Month-to-month,35
6942-LBFDP,0.1,Low Risk,20.55,Month-to-month,2
6416-YJTTB,0.1,Low Risk,79.5,Month-to-month,11
4854-SSLTN,0.1,Low Risk,59.5,Two year,2
3014-WJKSM,0.1,Low Risk,75.3,Month-to-month,29
7009-PCARS,0.1,Low Risk,19.1,One year,55
3090-LETTY,0.1,Low Risk,60.95,Month-to-month,2
4176-FXYBO,0.1,Low Risk,109.55,Month-to-month,54
4455-BFSPD,0.1,Low Risk,101.15,One year,61
6655-LHBYW,0.1,Low Risk,114.35,One year,50
4567-AKPIA,0.1,Low Risk,109.1,One year,41
1170-SASML,0.1,Low Risk,85.4,Month-to-month,69
9777-WJJPR,0.1,Low Risk,88.65,Month-to-month,31
5575-TPIZQ,0.1,Low Risk,89.15,Month-to-month,46
0058-EVZWM,0.1,Low Risk,89.8,Month-to-month,55
9261-WDCAF,0.1,Low Risk,54.65,Month-to-month,3
3571-DPYUH,0.1,Low Risk,94.7,One year,58
3308-MHOOC,0.1,Low Risk,19.2,Month-to-month,1
6807-SIWJI,0.1,Low Risk,104.85,One year,38
4307-KWMXE,0.1,Low Risk,35.75,Month-to-month,10
2041-JIJCI,0.1,Low Risk,64.0,Month-to-month,5
1550-EENBN,0.1,Low Risk,104.35,Month-to-month,31
8095-WANWK,0.1,Low Risk,45.25,Month-to-month,10
5213-TWWJU,0.1,Low Risk,91.0,Month-to-month,28
6322-PJJDJ,0.1,Low Risk,94.8,Two year,49
4332-MUOEZ,0.1,Low Risk,94.3,One year,20
5996-DAOQL,0.1,Low Risk,20.45,Month-to-month,1
3509-GWQGF,0.1,Low Risk,70.0,Month-to-month,24
8108-UXRQN,0.1,Low Risk,50.55,Month-to-month,11
2586-CWXVV,0.1,Low Risk,30.4,Month-to-month,54
3506-OVLKD,0.1,Low Risk,26.2,One year,35
5174-ITUMV,0.1,Low Risk,105.4,One year,67
8262-COGGB,0.1,Low Risk,20.45,Month-to-month,1
3584-WKTTW,0.1,Low Risk,111.55,One year,51
2959-EEXWB,0.1,Low Risk,50.9,Month-to-month,45
3729-OWRVL,0.1,Low Risk,110.35,Two year,65
6789-HJBWG,0.1,Low Risk,49.4,Month-to-month,12
7219-TLZHO,0.1,Low Risk,20.85,Month-to-month,4
4431-EDMIQ,0.1,Low Risk,75.7,Month-to-month,7
7105-MXJLL,0.1,Low Risk,60.7,One year,26
1436-ZMJAN,0.1,Low Risk,67.8,Month-to-month,10
4295-YURET,0.1,Low Risk,72.6,Two year,56
7850-VWJUU,0.1,Low Risk,75.0,Month-to-month,23
6231-WFGFH,0.1,Low Risk,20.5,Month-to-month,4
7567-ECMCM,0.1,Low Risk,79.85,Month-to-month,24
1297-VQDRP,0.1,Low Risk,107.15,One year,68
1169-SAOCL,0.1,Low Risk,106.65,One year,49
2202-OUTMO,0.1,Low Risk,60.85,Month-to-month,34
0975-VOOVL,0.1,Low Risk,29.2,Month-to-month,3
1302-UHBDD,0.1,Low Risk,89.95,Month-to-month,20
5353-WILCI,0.1,Low Risk,56.05,Month-to-month,28
1658-TJVOA,0.1,Low Risk,74.1,Month-to-month,6
0621-JFHOL,0.1,Low Risk,29.6,Two year,10
9277-JOOMO,0.1,Low Risk,24.6,Month-to-month,3
6729-GDNGC,0.1,Low Risk,80.7,Month-to-month,20
4391-LNRXK,0.1,Low Risk,94.95,Month-to-month,22
0880-FVFWF,0.1,Low Risk,86.4,Month-to-month,56
6713-OKOMC,0.1,Low Risk,29.75,Month-to-month,10
7271-AJDTL,0.1,Low Risk,94.45,Month-to-month,55
9926-PJHDQ,0.1,Low Risk,76.8,Two year,72
5160-UXJED,0.1,Low Risk,44.6,One year,17
8070-AAWZP,0.1,Low Risk,34.25,Month-to-month,24
3126-WQMGH,0.1,Low Risk,52.15,Month-to-month,49
6549-NNDYT,0.1,Low Risk,30.85,Month-to-month,13
2858-MOFSQ,0.1,Low Risk,55.85,One year,17
7905-TVXTA,0.1,Low Risk,64.35,Month-to-month,5
4504-YOULA,0.1,Low Risk,59.45,Month-to-month,35
3758-CKOQL,0.1,Low Risk,107.0,One year,59
0468-YRPXN,0.1,Low Risk,98.8,Month-to-month,29
1194-SPVSP,0.1,Low Risk,19.65,Month-to-month,1
4558-CGYCZ,0.1,Low Risk,19.75,Month-to-month,4
5555-RNPGT,0.1,Low Risk,24.8,Month-to-month,10
6522-YRBXD,0.1,Low Risk,94.55,Month-to-month,35
0036-IHMOT,0.1,Low Risk,103.7,One year,55
7351-MHQVU,0.1,Low Risk,50.95,Month-to-month,6
9506-UXUSK,0.1,Low Risk,70.15,Month-to-month,13
2530-FMFXO,0.1,Low Risk,103.2,Two year,56
2480-EJWYP,0.1,Low Risk,97.8,One year,58
1156-ZFYDO,0.0983,Low Risk,19.75,Month-to-month,1
5701-SVCWR,0.0925,Low Risk,24.0,Month-to-month,1
8167-GJLRN,0.09,Low Risk,30.4,Month-to-month,3
2639-UGMAZ,0.09,Low Risk,56.45,One year,71
4957-TREIR,0.09,Low Risk,64.4,Month-to-month,3
3402-XRIUO,0.09,Low Risk,63.55,Month-to-month,22
8294-UIMBA,0.09,Low Risk,94.4,One year,30
5387-ASZNZ,0.09,Low Risk,63.85,One year,66
6497-TILVL,0.09,Low Risk,50.7,Month-to-month,7
4146-SVFUD,0.09,Low Risk,44.6,Month-to-month,1
7811-JIVPF,0.09,Low Risk,49.7,Month-to-month,23
2279-AXJJK,0.09,Low Risk,95.65,Month-to-month,52
4797-MIWUM,0.09,Low Risk,20.25,Month-to-month,7
4324-BZCKL,0.09,Low Risk,55.55,Month-to-month,10
2960-NKRSO,0.09,Low Risk,85.95,Month-to-month,24
5863-OOKCL,0.09,Low Risk,18.85,Month-to-month,10
0303-UNCIP,0.09,Low Risk,65.0,One year,41
2985-JUUBZ,0.09,Low Risk,74.55,Month-to-month,40
1104-TNLZA,0.09,Low Risk,105.8,Month-to-month,28
2898-MRKPI,0.09,Low Risk,101.05,One year,68
5897-ZYEKH,0.09,Low Risk,105.6,One year,67
1137-DGOWI,0.09,Low Risk,70.25,One year,30
2284-VFLKH,0.09,Low Risk,99.25,One year,49
5440-VHLUL,0.09,Low Risk,105.2,One year,69
6650-VJONK,0.09,Low Risk,43.85,Month-to-month,1
8468-EHYJA,0.09,Low Risk,99.65,Month-to-month,57
6888-SBYAI,0.09,Low Risk,50.7,Month-to-month,1
5315-CKEQK,0.09,Low Risk,51.0,One year,28
1623-NLDOT,0.09,Low Risk,33.55,One year,42
6257-DTAYD,0.09,Low Risk,104.15,Two year,71
1025-FALIX,0.09,Low Risk,69.05,Month-to-month,26
6862-CQUMB,0.09,Low Risk,96.1,Month-to-month,37
5712-AHQNN,0.09,Low Risk,91.65,Month-to-month,43
2696-ECXKC,0.09,Low Risk,100.9,One year,55
0835-DUUIQ,0.09,Low Risk,21.05,One year,24
4459-BBGHE,0.09,Low Risk,44.5,Month-to-month,30
3724-UCSHY,0.09,Low Risk,19.55,Month-to-month,6
2023-VQFDL,0.09,Low Risk,19.0,Month-to-month,18
0266-CLZKZ,0.09,Low Risk,105.65,Two year,67
2067-QYTCF,0.09,Low Risk,111.15,Month-to-month,64
8292-TYSPY,0.09,Low Risk,55.0,Month-to-month,19
0835-JKADZ,0.09,Low Risk,111.25,Two year,71
8738-JOKAR,0.09,Low Risk,67.7,One year,42
9470-RTWDV,0.09,Low Risk,82.0,One year,26
8272-ONJLV,0.09,Low Risk,95.7,One year,12
5760-FXFVO,0.09,Low Risk,78.95,Month-to-month,6
2604-IJPDU,0.09,Low Risk,96.55,Month-to-month,20
7771-CFQRQ,0.09,Low Risk,63.8,Two year,47
9844-FELAJ,0.09,Low Risk,107.9,One year,70
8910-LEDAG,0.09,Low Risk,71.55,Month-to-month,34
6227-FBDXH,0.09,Low Risk,99.5,One year,69
5438-QMDDL,0.09,Low Risk,59.8,Month-to-month,19
8217-QYOHV,0.09,Low Risk,55.75,Month-to-month,5
7816-VGHTO,0.09,Low Risk,40.55,Two year,6
2038-LLMLM,0.09,Low Risk,103.85,Month-to-month,48
8805-JNRAZ,0.09,Low Risk,49.2,Month-to-month,2
4138-NAXED,0.09,Low Risk,81.0,Month-to-month,51
7291-CDTMJ,0.09,Low Risk,19.65,Month-to-month,1
3452-SRFEG,0.09,Low Risk,74.6,Month-to-month,49
1104-FEJAM,0.09,Low Risk,64.4,Month-to-month,28
4393-RYCRE,0.09,Low Risk,106.05,One year,44
6603-QWSPR,0.09,Low Risk,104.4,Two year,46
6253-WRFHY,0.09,Low Risk,64.75,One year,13
8993-IZEUX,0.09,Low Risk,69.15,Month-to-month,7
7975-TZMLR,0.09,Low Risk,103.1,One year,47
7191-ADRGF,0.09,Low Risk,54.3,Two year,44
3920-HIHMQ,0.09,Low Risk,49.5,Month-to-month,26
8564-LDKFL,0.09,Low Risk,106.0,One year,40
8041-TMEID,0.09,Low Risk,108.5,Two year,63
3255-GRXMG,0.09,Low Risk,45.65,Month-to-month,18
9921-QFQUL,0.09,Low Risk,90.15,Month-to-month,23
7299-GNVPL,0.09,Low Risk,84.4,Month-to-month,23
1465-LNTLJ,0.09,Low Risk,64.4,Month-to-month,8
5018-GWURO,0.09,Low Risk,85.6,Month-to-month,56
3191-CSNMG,0.09,Low Risk,80.7,Month-to-month,3
2320-YKQBO,0.09,Low Risk,19.3,Month-to-month,7
4973-RLZVI,0.09,Low Risk,74.65,One year,30
2930-UOTMB,0.09,Low Risk,65.25,Month-to-month,31
3466-BYAVD,0.09,Low Risk,69.5,Month-to-month,15
1614-JBEBI,0.09,Low Risk,20.7,Month-to-month,8
3824-RHKVR,0.09,Low Risk,19.7,Month-to-month,17
1347-KTTTA,0.09,Low Risk,102.45,One year,64
4134-BSXLX,0.09,Low Risk,60.9,Month-to-month,28
2133-TSRRM,0.09,Low Risk,105.35,Month-to-month,34
2842-BCQGE,0.09,Low Risk,75.35,Month-to-month,43
1697-NVVGY,0.09,Low Risk,66.4,Month-to-month,19
1110-KYLGQ,0.09,Low Risk,108.25,Month-to-month,63
1629-DQQVB,0.09,Low Risk,50.1,Month-to-month,14
7401-RUBNK,0.09,Low Risk,74.8,Month-to-month,18
9880-TDQAC,0.09,Low Risk,60.0,Two year,72
0980-PVMRC,0.09,Low Risk,50.85,Month-to-month,40
9029-FEGVJ,0.09,Low Risk,79.3,Month-to-month,32
5951-AOFIH,0.09,Low Risk,66.4,Month-to-month,33
5351-QESIO,0.09,Low Risk,24.2,Month-to-month,1
6994-FGRHH,0.09,Low Risk,106.15,One year,70
1371-WEPDS,0.09,Low Risk,55.8,One year,40
7277-OZCGZ,0.09,Low Risk,89.05,Month-to-month,22
8608-OZTLB,0.09,Low Risk,74.05,One year,38
4291-SHSBH,0.09,Low Risk,69.55,Month-to-month,7
0013-MHZWF,0.09,Low Risk,69.4,Month-to-month,9
7351-KYHQH,0.09,Low Risk,64.95,Month-to-month,7
7766-CLTIC,0.09,Low Risk,60.95,Month-to-month,10
1891-QRQSA,0.09,Low Risk,111.6,Two year,64
2455-USLMV,0.09,Low Risk,84.75,Month-to-month,31
8663-UPDGF,0.09,Low Risk,69.5,Month-to-month,26
4501-VCPFK,0.09,Low Risk,35.75,Month-to-month,26
6878-GGDWG,0.09,Low Risk,19.4,Month-to-month,32
9959-WOFKT,0.09,Low Risk,106.7,Two year,71
3094-JOJAI,0.09,Low Risk,74.15,Month-to-month,18
9272-LSVYH,0.09,Low Risk,70.15,Month-to-month,10
0308-IVGOK,0.09,Low Risk,40.4,One year,11
5478-JJVZK,0.09,Low Risk,60.9,Month-to-month,33
2828-SLQPF,0.09,Low Risk,45.0,Month-to-month,19
7629-WFGLW,0.09,Low Risk,95.65,One year,56
1530-ZTDOZ,0.09,Low Risk,40.65,Month-to-month,49
7055-JCGNI,0.09,Low Risk,111.95,Two year,70
1919-RTPQD,0.09,Low Risk,44.75,Month-to-month,7
8023-QHAIO,0.09,Low Risk,76.85,Month-to-month,56
7251-XFOIL,0.09,Low Risk,89.2,Month-to-month,61
2325-WINES,0.09,Low Risk,104.05,One year,32
7919-ZODZZ,0.09,Low Risk,65.9,One year,10
0215-BQKGS,0.09,Low Risk,84.3,Month-to-month,30
1422-DGUBX,0.09,Low Risk,79.25,One year,32
3070-BDOQC,0.09,Low Risk,99.65,Two year,60
4283-IVYCI,0.09,Low Risk,64.95,Month-to-month,9
2379-GYFLQ,0.09,Low Risk,94.9,One year,46
6416-JNVRK,0.09,Low Risk,55.65,One year,46
9233-PSYHO,0.09,Low Risk,100.15,One year,45
5133-VRSAB,0.09,Low Risk,29.35,Month-to-month,8
9127-FHJBZ,0.09,Low Risk,114.0,Two year,72
5309-TAIKL,0.09,Low Risk,62.8,Month-to-month,7
1140-UKVZG,0.09,Low Risk,24.8,Month-to-month,17
1850-AKQEP,0.09,Low Risk,20.35,Month-to-month,8
9640-ZSLDC,0.09,Low Risk,60.6,One year,53
4767-HZZHQ,0.09,Low Risk,82.05,Month-to-month,30
5562-BETPV,0.09,Low Risk,19.65,One year,1
2676-ISHSF,0.0858,Low Risk,20.3,Month-to-month,1
9122-UMROB,0.0858,Low Risk,20.3,Month-to-month,1
6131-FOYAS,0.08,Low Risk,59.6,Month-to-month,35
4918-FYJNT,0.08,Low Risk,90.45,Month-to-month,55
2452-SNHFZ,0.08,Low Risk,75.45,Month-to-month,47
1442-OKRJE,0.08,Low Risk,103.15,One year,66
8100-HZZLJ,0.08,Low Risk,63.95,Month-to-month,43
2408-PSJVE,0.08,Low Risk,61.9,Month-to-month,44
7901-HXJVA,0.08,Low Risk,76.45,Month-to-month,14
6624-JDRDS,0.08,Low Risk,29.45,Month-to-month,6
9845-PEEKO,0.08,Low Risk,79.2,Two year,59
9711-FJTBX,0.08,Low Risk,85.85,One year,56
3030-ZKIWL,0.08,Low Risk,20.05,Month-to-month,1
2360-RDGRO,0.08,Low Risk,104.25,Month-to-month,65
8205-MQUGY,0.08,Low Risk,49.2,Month-to-month,12
3733-LSYCE,0.08,Low Risk,75.35,Month-to-month,15
5269-NRGDP,0.08,Low Risk,73.15,One year,42
2267-FPIMA,0.08,Low Risk,94.4,Month-to-month,50
8224-IVVPA,0.08,Low Risk,56.7,Month-to-month,27
4939-KYYPY,0.08,Low Risk,59.45,Month-to-month,27
3605-JISKB,0.08,Low Risk,60.0,One year,55
8819-ZBYNA,0.08,Low Risk,109.1,Two year,58
5119-KEPFY,0.08,Low Risk,95.0,Month-to-month,36
9174-IHETN,0.08,Low Risk,70.35,Two year,50
8777-PVYGU,0.08,Low Risk,64.3,One year,52
8224-UAXBZ,0.08,Low Risk,45.35,One year,58
4418-LZMSV,0.08,Low Risk,61.8,Month-to-month,13
2266-SJNAT,0.08,Low Risk,109.15,One year,72
1930-WNXSB,0.08,Low Risk,92.85,Month-to-month,58
8992-OBVDG,0.08,Low Risk,61.65,Month-to-month,21
2371-JUNGC,0.08,Low Risk,20.25,Month-to-month,11
9026-LHEVG,0.08,Low Risk,40.75,Month-to-month,9
4472-VESGY,0.08,Low Risk,98.15,Month-to-month,52
0208-BPQEJ,0.08,Low Risk,19.4,Month-to-month,12
8350-NYMVI,0.08,Low Risk,41.1,Month-to-month,39
2065-MMKGR,0.08,Low Risk,71.0,One year,29
6614-VBEGU,0.08,Low Risk,69.45,Month-to-month,24
6954-OOYZZ,0.08,Low Risk,44.35,Month-to-month,18
6583-SZVGP,0.08,Low Risk,108.1,Two year,48
4342-HFXWS,0.08,Low Risk,69.7,One year,48
4139-JPIAM,0.08,Low Risk,44.45,Month-to-month,51
4544-RXFMG,0.08,Low Risk,43.45,One year,8
5857-XRECV,0.08,Low Risk,20.5,One year,2
2192-CKRLV,0.08,Low Risk,49.2,Two year,72
5274-XHAKY,0.08,Low Risk,94.3,Month-to-month,41
1053-MXTTK,0.08,Low Risk,108.65,Two year,72
9013-AQORL,0.08,Low Risk,45.55,Month-to-month,48
3413-CSSTH,0.08,Low Risk,55.7,Month-to-month,41
7595-EHCDL,0.08,Low Risk,50.6,Month-to-month,32
0237-YFUTL,0.08,Low Risk,109.65,Month-to-month,50
6980-CDGFC,0.08,Low Risk,20.85,One year,67
9825-YCXWZ,0.08,Low Risk,101.1,One year,41
2458-EOMRE,0.08,Low Risk,64.05,Month-to-month,11
2716-GFZOR,0.08,Low Risk,86.1,Month-to-month,43
5337-IIWKZ,0.08,Low Risk,44.85,Month-to-month,34
1222-LRYKO,0.08,Low Risk,26.35,Month-to-month,6
7978-DKUQH,0.08,Low Risk,74.6,Month-to-month,25
3635-JBPSG,0.08,Low Risk,38.8,Two year,15
0774-IFUVM,0.08,Low Risk,65.15,Month-to-month,11
3948-FVVRP,0.08,Low Risk,54.8,Month-to-month,9
8847-GEOOQ,0.08,Low Risk,60.2,Month-to-month,60
6218-KNUBD,0.08,Low Risk,59.45,Month-to-month,6
0975-UYDTX,0.08,Low Risk,90.1,One year,26
2632-IVXVF,0.08,Low Risk,111.75,Two year,68
9069-LGEUL,0.08,Low Risk,59.95,Month-to-month,23
1732-FEKLD,0.08,Low Risk,94.75,One year,54
9862-KJTYK,0.08,Low Risk,25.35,Month-to-month,19
8749-CLJXC,0.08,Low Risk,20.05,Month-to-month,1
3016-KSVCP,0.08,Low Risk,33.75,Month-to-month,29
3633-CDBUW,0.08,Low Risk,80.85,One year,17
5375-XLDOF,0.08,Low Risk,114.35,Two year,69
1163-VIPRI,0.08,Low Risk,109.3,Two year,65
3572-UOLYZ,0.08,Low Risk,84.8,Month-to-month,46
6741-EGCBI,0.08,Low Risk,90.5,Month-to-month,30
5965-GGPRW,0.08,Low Risk,105.25,Two year,72
3716-LRGXK,0.08,Low Risk,101.15,Two year,60
0218-QNVAS,0.08,Low Risk,100.55,One year,71
7710-JSYOA,0.08,Low Risk,93.3,Two year,69
1399-UBQIU,0.08,Low Risk,69.35,Month-to-month,11
9554-DFKIC,0.08,Low Risk,54.45,Month-to-month,30
7096-UCLNH,0.08,Low Risk,20.05,Month-to-month,1
1400-WIVLL,0.08,Low Risk,107.95,Two year,57
3580-HYCSP,0.08,Low Risk,110.3,Two year,72
5461-QKNTN,0.08,Low Risk,94.3,Month-to-month,43
6752-APNJL,0.08,Low Risk,54.5,Month-to-month,42
9256-JTBNZ,0.08,Low Risk,20.3,Month-to-month,11
1794-SWWKL,0.08,Low Risk,59.65,Month-to-month,15
2604-XVDAM,0.08,Low Risk,43.8,Month-to-month,12
1730-VFMWO,0.08,Low Risk,50.2,Month-to-month,34
7410-OIEDU,0.08,Low Risk,79.85,Month-to-month,10
7395-XWZOY,0.08,Low Risk,55.0,Month-to-month,20
6869-FGJJC,0.08,Low Risk,79.6,One year,68
7621-VPNET,0.08,Low Risk,85.9,Month-to-month,42
8097-VBQTZ,0.08,Low Risk,69.9,Month-to-month,54
5701-ZIKJE,0.08,Low Risk,50.55,Month-to-month,13
1658-XUHBX,0.08,Low Risk,88.75,Month-to-month,59
8246-SHFGA,0.08,Low Risk,21.1,Month-to-month,17
2522-AHJXR,0.08,Low Risk,109.45,Month-to-month,60
7776-QGYJC,0.08,Low Risk,81.5,Month-to-month,39
4801-JZAZL,0.08,Low Risk,29.6,Month-to-month,11
2794-XIMMO,0.08,Low Risk,60.45,One year,53
1852-XEMDW,0.08,Low Risk,65.05,Month-to-month,22
5201-USSQZ,0.08,Low Risk,85.9,Month-to-month,26
1915-OAKWD,0.08,Low Risk,19.3,One year,16
4020-KIUDI,0.08,Low Risk,19.85,Month-to-month,6
4950-BDEUX,0.08,Low Risk,49.2,Month-to-month,35
8198-RKSZG,0.08,Low Risk,80.45,Month-to-month,14
0239-OXEXL,0.08,Low Risk,84.25,Month-to-month,46
6854-EXGSF,0.08,Low Risk,65.5,Month-to-month,8
7103-ZGVNT,0.08,Low Risk,73.7,One year,69
9092-GDZKO,0.08,Low Risk,24.85,Month-to-month,22
6345-HOVES,0.08,Low Risk,25.05,Month-to-month,34
0128-MKWSG,0.08,Low Risk,45.8,Month-to-month,26
3890-RTCMS,0.08,Low Risk,49.45,Month-to-month,16
8404-VLQFB,0.08,Low Risk,25.25,Month-to-month,15
4829-ZLJTK,0.08,Low Risk,112.4,Two year,72
1045-LTCYT,0.08,Low Risk,21.05,Month-to-month,8
1423-BMPBQ,0.08,Low Risk,19.0,Month-to-month,1
3144-KMTWZ,0.08,Low Risk,93.25,Month-to-month,71
0723-VSOBE,0.08,Low Risk,34.2,One year,45
5168-MQQCA,0.08,Low Risk,108.5,One year,72
1791-PQHBB,0.08,Low Risk,61.2,Month-to-month,2
4194-FJARJ,0.08,Low Risk,60.0,Two year,54
6891-JPYFF,0.08,Low Risk,105.25,Month-to-month,48
5671-RQRLP,0.08,Low Risk,75.65,Two year,70
6537-OTKMY,0.08,Low Risk,50.75,One year,15
7102-JJVTX,0.08,Low Risk,48.6,One year,9
6341-JVQGF,0.08,Low Risk,81.15,One year,31
3701-SFMUH,0.08,Low Risk,69.7,Month-to-month,7
2369-FEVNO,0.08,Low Risk,19.9,Month-to-month,1
1921-KYSAY,0.08,Low Risk,68.6,One year,41
0824-VWDPO,0.08,Low Risk,96.75,One year,45
3113-IWHLC,0.08,Low Risk,55.8,Month-to-month,5
5081-NWSUP,0.08,Low Risk,64.9,One year,10
5795-KTGUD,0.08,Low Risk,110.8,Two year,68
0136-IFMYD,0.08,Low Risk,109.95,Two year,69
1153-GNOLC,0.08,Low Risk,39.1,One year,33
8990-ZXLSU,0.08,Low Risk,69.05,Month-to-month,9
8495-LJDFO,0.08,Low Risk,108.95,Month-to-month,64
1095-WGNGG,0.08,Low Risk,101.05,Two year,61
4129-LYCOI,0.08,Low Risk,104.0,Two year,67
2234-XADUH,0.08,Low Risk,103.2,One year,72
5186-EJEGL,0.08,Low Risk,69.5,Month-to-month,9
4184-VODJZ,0.08,Low Risk,91.35,One year,63
1845-CSBRZ,0.08,Low Risk,85.35,Month-to-month,22
5568-DMXZS,0.08,Low Risk,65.45,Month-to-month,8
6164-HXUGH,0.08,Low Risk,19.85,Month-to-month,6
4135-FRWKJ,0.08,Low Risk,76.25,One year,55
5811-IWXYM,0.08,Low Risk,101.25,One year,52
4726-DLWQN,0.08,Low Risk,70.35,Month-to-month,50
8627-ZYGSZ,0.08,Low Risk,78.9,One year,47
3170-GWYKC,0.08,Low Risk,104.95,Month-to-month,60
1121-QSIVB,0.08,Low Risk,77.55,One year,44
4338-EYCER,0.08,Low Risk,54.6,Month-to-month,21
2654-VBVPB,0.0783,Low Risk,19.9,Month-to-month,1
3845-FXCYS,0.0767,Low Risk,19.65,Month-to-month,2
4654-DLAMQ,0.07,Low Risk,97.0,One year,64
0667-NSRGI,0.07,Low Risk,69.55,One year,48
1936-UAFEH,0.07,Low Risk,110.25,Two year,68
4495-LHSSK,0.07,Low Risk,57.65,Month-to-month,18
6898-MDLZW,0.07,Low Risk,53.75,Month-to-month,12
4830-FAXFM,0.07,Low Risk,24.1,Month-to-month,19
1986-PHGZF,0.07,Low Risk,58.4,Month-to-month,18
6620-JDYNW,0.07,Low Risk,60.6,Month-to-month,18
9499-XPZXM,0.07,Low Risk,64.75,Two year,72
8984-EYLLL,0.07,Low Risk,105.25,Two year,64
8152-VETUR,0.07,Low Risk,97.7,Two year,72
6199-IWKGC,0.07,Low Risk,100.25,One year,46
1442-BQPVU,0.07,Low Risk,29.15,Month-to-month,13
2434-EEVDB,0.07,Low Risk,94.6,Two year,64
3007-FDPEA,0.07,Low Risk,20.7,Month-to-month,2
3999-WRNGR,0.07,Low Risk,49.75,Month-to-month,60
5076-YVXCM,0.07,Low Risk,83.4,Month-to-month,51
4915-BFSXL,0.07,Low Risk,68.95,Two year,70
4115-BNPJY,0.07,Low Risk,75.55,Two year,29
8375-KVTHK,0.07,Low Risk,100.3,One year,68
9314-QDMDW,0.07,Low Risk,61.25,One year,11
0567-GGCAC,0.07,Low Risk,61.4,Month-to-month,7
1247-QBVSH,0.07,Low Risk,50.2,Month-to-month,43
7318-EIVKO,0.07,Low Risk,59.25,Month-to-month,8
8904-OPDCK,0.07,Low Risk,24.95,Month-to-month,54
6728-CZFEI,0.07,Low Risk,56.15,One year,15
9780-FKVVF,0.07,Low Risk,59.15,Month-to-month,6
4981-FLTMF,0.07,Low Risk,65.2,Month-to-month,57
2019-HDCZY,0.07,Low Risk,102.6,Two year,63
0442-ZXKVS,0.07,Low Risk,115.6,One year,54
2599-CZABP,0.07,Low Risk,44.6,One year,14
6377-KSLXC,0.07,Low Risk,19.95,Month-to-month,5
6177-PEVRA,0.07,Low Risk,55.5,Two year,48
2931-XIQBR,0.07,Low Risk,103.05,One year,50
2096-XOTMO,0.07,Low Risk,19.35,Month-to-month,16
4676-MQUEA,0.07,Low Risk,101.9,One year,50
3969-JQABI,0.07,Low Risk,65.25,Month-to-month,58
3657-COGMW,0.07,Low Risk,108.1,Month-to-month,52
5172-MIGPM,0.07,Low Risk,65.55,Month-to-month,4
0374-AACSZ,0.07,Low Risk,50.15,Month-to-month,1
6008-NAIXK,0.07,Low Risk,55.45,One year,54
4732-RRJZC,0.07,Low Risk,20.25,Month-to-month,7
0869-PAPRP,0.07,Low Risk,85.7,Month-to-month,26
2972-YDYUW,0.07,Low Risk,94.7,One year,57
5702-SKUOB,0.07,Low Risk,19.6,Month-to-month,4
5173-ZXXXL,0.07,Low Risk,19.95,One year,2
0930-EHUZA,0.07,Low Risk,76.35,One year,36
9074-KGVOX,0.07,Low Risk,39.45,Month-to-month,50
9544-PYPSJ,0.07,Low Risk,96.1,Month-to-month,62
7879-CGSFV,0.07,Low Risk,100.9,One year,55
9972-VAFJJ,0.07,Low Risk,94.0,One year,53
4751-ERMAN,0.07,Low Risk,75.4,Two year,72
2207-OBZNX,0.07,Low Risk,51.0,Month-to-month,7
2883-ILGWO,0.07,Low Risk,104.9,Month-to-month,57
3794-NFNCH,0.07,Low Risk,50.0,Month-to-month,30
2796-UUZZO,0.07,Low Risk,80.3,Month-to-month,63
6933-VLYFX,0.07,Low Risk,59.95,One year,31
9373-WSLOY,0.07,Low Risk,50.0,Month-to-month,33
3209-ZPKFI,0.07,Low Risk,54.25,Month-to-month,47
1474-JUWSM,0.07,Low Risk,68.4,One year,58
8707-RMEZH,0.07,Low Risk,87.3,One year,69
7233-DRTRF,0.07,Low Risk,102.4,Month-to-month,63
8096-LOIST,0.07,Low Risk,56.2,Month-to-month,19
9372-TXXPS,0.07,Low Risk,59.85,Two year,60
2789-CZANW,0.07,Low Risk,110.3,Two year,64
4531-AUZNK,0.07,Low Risk,95.15,One year,51
9700-ISPUP,0.07,Low Risk,65.5,Month-to-month,10
3638-DIMPH,0.07,Low Risk,43.8,One year,13
7771-ZONAT,0.07,Low Risk,56.75,Two year,22
4993-JCRGJ,0.07,Low Risk,84.3,Month-to-month,26
3812-LRZIR,0.07,Low Risk,24.5,Two year,27
4821-SJHJV,0.07,Low Risk,89.6,Month-to-month,32
3373-YZZYM,0.07,Low Risk,19.2,Month-to-month,1
8461-EFQYM,0.07,Low Risk,24.25,One year,38
9504-DSHWM,0.07,Low Risk,59.2,Month-to-month,20
2208-NQBCT,0.07,Low Risk,81.95,Month-to-month,26
2108-GLPQB,0.07,Low Risk,55.55,Month-to-month,25
8433-WPJTV,0.07,Low Risk,103.9,One year,65
4043-MKDTV,0.07,Low Risk,105.25,Two year,71
7426-WEIJX,0.07,Low Risk,80.95,Month-to-month,60
0384-LPITE,0.07,Low Risk,62.05,One year,40
5955-EPOAZ,0.07,Low Risk,20.95,Month-to-month,6
1656-DRSMG,0.07,Low Risk,109.85,Month-to-month,63
6087-YPWHO,0.07,Low Risk,68.15,Two year,72
1703-MGIAB,0.07,Low Risk,69.0,Month-to-month,17
9115-YQHGA,0.07,Low Risk,51.1,Month-to-month,40
6297-NOOPG,0.07,Low Risk,110.5,Two year,70
2087-QAREY,0.07,Low Risk,54.7,Month-to-month,22
0550-DCXLH,0.07,Low Risk,73.35,Month-to-month,13
1131-SUEKT,0.07,Low Risk,98.45,One year,61
2453-SAFNS,0.07,Low Risk,72.1,One year,54
0003-MKNFE,0.07,Low Risk,59.9,Month-to-month,9
2996-XAUVF,0.07,Low Risk,40.05,Two year,70
9767-FFLEM,0.07,Low Risk,69.5,Month-to-month,38
7926-IJOOU,0.07,Low Risk,19.3,Month-to-month,1
5443-SCMKX,0.07,Low Risk,94.3,One year,58
6840-RESVB,0.07,Low Risk,84.8,One year,24
4396-KLSEH,0.07,Low Risk,19.85,Month-to-month,4
5206-HPJKM,0.07,Low Risk,55.5,Month-to-month,17
0895-UADGO,0.07,Low Risk,44.55,Two year,8
5977-CKHON,0.07,Low Risk,92.55,Month-to-month,43
4576-CSAJH,0.07,Low Risk,55.15,One year,22
8417-GSODA,0.07,Low Risk,92.2,One year,28
4452-QIIEB,0.07,Low Risk,43.9,Month-to-month,7
6510-UPNKS,0.07,Low Risk,24.8,One year,23
0487-VVUVK,0.07,Low Risk,19.15,Month-to-month,25
5777-KJIRB,0.07,Low Risk,50.25,One year,40
2746-DIJLO,0.07,Low Risk,56.3,One year,41
2270-CHBFN,0.07,Low Risk,95.1,Month-to-month,44
5948-UJZLF,0.07,Low Risk,49.25,Month-to-month,2
3272-VUHPV,0.07,Low Risk,56.3,Month-to-month,8
8898-KASCD,0.07,Low Risk,35.55,One year,39
6575-SUVOI,0.07,Low Risk,69.5,Month-to-month,25
7041-TXQJH,0.07,Low Risk,40.2,Month-to-month,37
8769-KKTPH,0.07,Low Risk,99.65,One year,63
3038-PQIUY,0.07,Low Risk,66.15,Month-to-month,38
7803-XOCCZ,0.07,Low Risk,84.05,Month-to-month,52
5144-PQCDZ,0.07,Low Risk,19.95,Month-to-month,4
5686-CMAWK,0.07,Low Risk,86.75,One year,17
8474-UMLNT,0.07,Low Risk,67.8,Month-to-month,13
2911-WDXMV,0.07,Low Risk,80.55,Month-to-month,18
7128-GGCNO,0.07,Low Risk,72.8,Month-to-month,46
8465-SBRXP,0.07,Low Risk,94.9,Two year,38
5898-IGSLP,0.07,Low Risk,89.3,Month-to-month,31
7968-QUXNS,0.07,Low Risk,18.95,Month-to-month,6
7018-FPXHH,0.07,Low Risk,59.8,Two year,56
9169-BSVIN,0.07,Low Risk,74.75,Month-to-month,12
4700-UBQMV,0.07,Low Risk,75.9,One year,21
4578-PHJYZ,0.07,Low Risk,68.75,One year,52
0690-SRQID,0.07,Low Risk,19.65,Month-to-month,4
6402-EJMWF,0.07,Low Risk,55.3,Month-to-month,4
0916-KNFAJ,0.07,Low Risk,69.9,Two year,61
5393-HJZSM,0.07,Low Risk,76.3,Month-to-month,32
2599-CIPQE,0.07,Low Risk,109.3,Two year,71
5887-IKKYO,0.07,Low Risk,94.35,Two year,58
0822-QGCXA,0.07,Low Risk,83.85,Month-to-month,27
5966-EMAZU,0.07,Low Risk,108.5,One year,64
3069-SSVSN,0.07,Low Risk,25.85,One year,1
6168-YBYNP,0.07,Low Risk,111.35,Month-to-month,59
8160-HOWOX,0.07,Low Risk,66.85,Month-to-month,7
4522-AKYLR,0.07,Low Risk,54.8,Month-to-month,13
5895-QSXOD,0.07,Low Risk,70.05,Month-to-month,9
0285-INHLN,0.07,Low Risk,54.75,Month-to-month,27
0820-FNRNX,0.07,Low Risk,66.7,Month-to-month,17
1042-HFUCW,0.07,Low Risk,54.75,One year,25
3417-TSCIC,0.07,Low Risk,24.85,One year,29
8548-AWOFC,0.07,Low Risk,63.85,Month-to-month,66
7382-DFJTU,0.07,Low Risk,55.2,Month-to-month,18
4323-OHFOW,0.07,Low Risk,105.55,One year,70
4213-HKBJO,0.07,Low Risk,25.7,Two year,33
1088-CNNKB,0.07,Low Risk,80.0,One year,63
5304-EFJLP,0.07,Low Risk,111.65,Two year,72
7009-LGECI,0.07,Low Risk,50.55,Month-to-month,4
9746-MDMBK,0.07,Low Risk,113.45,One year,47
4079-VTGLK,0.07,Low Risk,74.85,Two year,30
4480-MBMLB,0.07,Low Risk,104.8,One year,36
7336-RLLRH,0.07,Low Risk,80.85,One year,27
7537-CBQUZ,0.07,Low Risk,109.4,Month-to-month,63
7921-LMDFQ,0.07,Low Risk,94.0,One year,51
6859-RKMZJ,0.07,Low Risk,55.05,Month-to-month,11
5639-NTUPK,0.07,Low Risk,52.1,Month-to-month,13
2193-SFWQW,0.07,Low Risk,111.95,Two year,72
2038-YSEZE,0.07,Low Risk,67.45,Month-to-month,29
8286-AFUYI,0.07,Low Risk,47.95,Month-to-month,1
0696-UKTOX,0.07,Low Risk,54.15,Month-to-month,23
1265-HVPZB,0.07,Low Risk,66.4,One year,59
3537-HPKQT,0.07,Low Risk,77.75,Month-to-month,55
3301-LSLWQ,0.07,Low Risk,66.1,Month-to-month,29
6968-URWQU,0.07,Low Risk,56.35,One year,43
9609-BENEA,0.07,Low Risk,69.0,One year,35
6599-SFQVE,0.07,Low Risk,55.0,Month-to-month,6
7319-VENRZ,0.07,Low Risk,64.3,Month-to-month,7
7449-HVPIV,0.07,Low Risk,90.4,Month-to-month,55
0682-USIXD,0.07,Low Risk,86.05,Month-to-month,21
0899-WZRSD,0.07,Low Risk,105.35,Month-to-month,56
7868-BGSZA,0.07,Low Risk,80.2,One year,43
6278-FEPBZ,0.07,Low Risk,20.25,Month-to-month,9
0401-WDBXM,0.07,Low Risk,105.55,Two year,72
6568-POCUI,0.07,Low Risk,95.2,Two year,45
3077-RSNTJ,0.07,Low Risk,19.7,Month-to-month,6
0750-EBAIU,0.06,Low Risk,91.25,One year,52
5998-DZLYR,0.06,Low Risk,94.35,Two year,61
7971-HLVXI,0.06,Low Risk,84.5,Two year,72
5792-JALQC,0.06,Low Risk,59.85,Two year,52
6873-UDNLD,0.06,Low Risk,67.45,Month-to-month,40
0595-ITUDF,0.06,Low Risk,91.8,Month-to-month,64
3957-HHLMR,0.06,Low Risk,65.2,One year,70
8166-ORCHU,0.06,Low Risk,93.55,One year,33
9362-MWODR,0.06,Low Risk,64.1,Month-to-month,40
7883-ROJOC,0.06,Low Risk,44.9,Month-to-month,19
3714-XPXBW,0.06,Low Risk,78.9,Month-to-month,37
2978-XXSOG,0.06,Low Risk,59.05,Month-to-month,22
5968-XQIVE,0.06,Low Risk,89.7,One year,72
3518-FSTWG,0.06,Low Risk,109.55,Two year,72
5161-UBZXI,0.06,Low Risk,106.35,Two year,69
0356-OBMAC,0.06,Low Risk,99.9,Two year,56
7596-LDUXP,0.06,Low Risk,85.15,One year,12
7781-EWARA,0.06,Low Risk,60.35,One year,70
8200-KLNYW,0.06,Low Risk,80.9,One year,21
6867-ACCZI,0.06,Low Risk,52.5,Two year,24
0942-KOWSM,0.06,Low Risk,80.8,Two year,30
4104-PVRPS,0.06,Low Risk,53.6,Month-to-month,24
6821-JPCDC,0.06,Low Risk,97.05,One year,48
2368-GAKKQ,0.06,Low Risk,113.65,Two year,70
2001-EWBQU,0.06,Low Risk,104.7,Two year,60
7054-ENNGU,0.06,Low Risk,50.85,Month-to-month,9
5327-CNLUQ,0.06,Low Risk,96.9,Two year,48
1310-QRITU,0.06,Low Risk,50.3,Month-to-month,18
9822-BIIGN,0.06,Low Risk,71.85,Month-to-month,53
8089-UZWLX,0.06,Low Risk,104.05,Two year,71
7129-ACFOG,0.06,Low Risk,53.8,Month-to-month,5
2338-BQEZT,0.06,Low Risk,50.55,Month-to-month,55
2495-TTHBQ,0.06,Low Risk,20.4,One year,4
5032-USPKF,0.06,Low Risk,84.1,One year,38
3327-YBAKM,0.06,Low Risk,96.9,One year,64
3156-QLHBO,0.06,Low Risk,19.25,Month-to-month,2
3549-ZTMNH,0.06,Low Risk,24.0,Two year,12
1448-CYWKC,0.06,Low Risk,105.2,One year,58
7718-UPSKJ,0.06,Low Risk,106.4,One year,69
5515-RUGKN,0.06,Low Risk,54.75,Month-to-month,8
6445-TNRXS,0.06,Low Risk,114.7,Two year,68
4646-QZXTF,0.06,Low Risk,81.25,Month-to-month,7
8075-GXIUB,0.06,Low Risk,19.85,One year,9
2027-DNKIV,0.06,Low Risk,58.75,One year,37
8421-WZOOW,0.06,Low Risk,95.3,Month-to-month,57
8883-GRDWQ,0.06,Low Risk,54.0,One year,20
7030-NJVDP,0.06,Low Risk,89.25,Month-to-month,24
7753-USQYQ,0.06,Low Risk,64.2,One year,55
7143-BQIBA,0.06,Low Risk,62.25,Month-to-month,10
4430-YHXGG,0.06,Low Risk,25.45,Month-to-month,4
7841-FCRQD,0.06,Low Risk,53.75,One year,33
3858-XHYJO,0.06,Low Risk,105.75,One year,40
7169-YWAMK,0.06,Low Risk,68.4,Two year,72
2474-LCNUE,0.06,Low Risk,73.65,Month-to-month,23
7432-FFVAR,0.06,Low Risk,90.95,One year,46
4522-XRWWI,0.06,Low Risk,80.45,One year,42
0787-LHDYT,0.06,Low Risk,20.6,Month-to-month,16
8099-MZPUJ,0.06,Low Risk,111.8,Two year,48
7312-XSBAT,0.06,Low Risk,49.75,Month-to-month,1
2522-WLNSF,0.06,Low Risk,64.2,One year,34
0661-WCQNQ,0.06,Low Risk,56.25,One year,22
1697-BCSHV,0.06,Low Risk,66.8,Month-to-month,58
5327-XOKKY,0.06,Low Risk,73.45,Two year,72
0114-RSRRW,0.06,Low Risk,19.95,Month-to-month,10
1907-YLNYW,0.06,Low Risk,66.7,Month-to-month,8
9089-UOWJG,0.06,Low Risk,58.35,Month-to-month,12
1830-GGFNM,0.06,Low Risk,94.55,Two year,65
9350-VLHMB,0.06,Low Risk,89.55,Month-to-month,67
3870-SPZSI,0.06,Low Risk,113.05,Two year,70
4508-OEBEY,0.06,Low Risk,75.5,One year,31
8707-HOEDG,0.06,Low Risk,110.2,Two year,70
8681-ICONS,0.06,Low Risk,20.65,Month-to-month,29
9107-UKCKY,0.06,Low Risk,79.8,One year,61
8133-ANHHJ,0.06,Low Risk,103.0,One year,49
6281-FKEWS,0.06,Low Risk,49.05,One year,44
8457-XIGKN,0.06,Low Risk,19.6,Month-to-month,20
6646-JPPHA,0.06,Low Risk,78.85,Month-to-month,14
1257-SXUXQ,0.06,Low Risk,19.45,Month-to-month,5
9644-KVCNC,0.06,Low Risk,92.15,One year,66
3128-YOVTD,0.06,Low Risk,79.15,Month-to-month,51
7427-AUFPY,0.06,Low Risk,19.65,Two year,54
3703-TTEPD,0.06,Low Risk,65.35,Month-to-month,21
9408-HRXRK,0.06,Low Risk,105.15,Month-to-month,45
9798-OPFEM,0.06,Low Risk,21.1,Two year,46
8464-EETCQ,0.06,Low Risk,18.8,Two year,57
4673-KKSLS,0.06,Low Risk,87.6,Month-to-month,31
6907-CQGPN,0.06,Low Risk,34.3,Month-to-month,29
1849-RJYIG,0.06,Low Risk,60.0,Month-to-month,8
2432-TFSMK,0.06,Low Risk,89.6,One year,18
9518-IMLHK,0.06,Low Risk,72.45,Month-to-month,31
2946-KIQSP,0.06,Low Risk,33.45,Month-to-month,35
4636-OLWOE,0.06,Low Risk,61.0,One year,54
2890-WFBHU,0.06,Low Risk,79.85,One year,59
5073-RZGBK,0.06,Low Risk,80.05,One year,50
1029-QFBEN,0.06,Low Risk,19.55,Month-to-month,1
8455-HIRAQ,0.06,Low Risk,44.45,Month-to-month,8
6993-YGFJV,0.06,Low Risk,112.55,Two year,69
1230-QAJDW,0.06,Low Risk,65.25,Month-to-month,3
3680-CTHUH,0.06,Low Risk,116.6,One year,60
8735-DCXNF,0.06,Low Risk,54.95,Month-to-month,10
8982-NHAVY,0.06,Low Risk,100.5,One year,27
1834-ABKHQ,0.06,Low Risk,50.95,One year,52
2845-KDHVX,0.06,Low Risk,68.3,Two year,64
1452-XRSJV,0.06,Low Risk,51.05,Month-to-month,39
9415-TPKRV,0.06,Low Risk,55.75,Month-to-month,8
1385-TQOZW,0.06,Low Risk,20.45,Month-to-month,9
6516-NKQBO,0.06,Low Risk,81.0,Two year,38
2001-MCUUW,0.06,Low Risk,108.65,Two year,46
7641-TQFHN,0.06,Low Risk,100.55,Two year,39
5360-LJCNJ,0.06,Low Risk,105.15,Two year,71
3865-ZYKAD,0.06,Low Risk,84.9,Month-to-month,69
0661-KBKPA,0.06,Low Risk,78.75,One year,53
8221-EQDGL,0.06,Low Risk,61.0,Month-to-month,35
0967-BMLBD,0.06,Low Risk,20.0,One year,11
5084-OOVCJ,0.06,Low Risk,55.35,Month-to-month,17
8644-XYTSV,0.06,Low Risk,40.15,Month-to-month,42
7601-WFVZV,0.06,Low Risk,19.55,Month-to-month,1
6050-FFXES,0.06,Low Risk,105.35,Two year,69
4759-PXTAN,0.06,Low Risk,80.1,One year,59
6394-HHHZM,0.06,Low Risk,20.7,Month-to-month,3
6478-HRRCZ,0.06,Low Risk,70.5,One year,32
7105-BENQF,0.06,Low Risk,64.85,One year,15
2252-JHJGE,0.06,Low Risk,104.0,One year,61
7017-VFULY,0.06,Low Risk,20.1,Month-to-month,2
5917-HBSDW,0.06,Low Risk,19.35,Month-to-month,37
9489-UTFKA,0.06,Low Risk,60.9,Month-to-month,8
0851-DFJKB,0.06,Low Risk,58.95,Month-to-month,15
8467-WYNSR,0.06,Low Risk,55.1,Month-to-month,22
2792-VPPET,0.06,Low Risk,20.5,Month-to-month,3
8735-IJJEG,0.06,Low Risk,50.2,Month-to-month,14
5619-PTMIK,0.06,Low Risk,53.1,Month-to-month,46
7967-HYCDE,0.06,Low Risk,70.7,Month-to-month,8
4815-TUMEQ,0.06,Low Risk,19.3,One year,10
2580-ATZSQ,0.06,Low Risk,61.35,One year,65
0308-GIQJT,0.06,Low Risk,105.75,One year,71
0909-SDHNU,0.06,Low Risk,29.8,Month-to-month,7
3097-IDVPU,0.06,Low Risk,50.1,Month-to-month,19
3199-NPKCN,0.06,Low Risk,111.25,One year,67
9079-LWTFD,0.06,Low Risk,100.75,Month-to-month,47
9342-VNIMQ,0.06,Low Risk,54.65,Month-to-month,33
5934-TSSAU,0.06,Low Risk,75.3,Month-to-month,23
2055-BFOCC,0.06,Low Risk,84.0,One year,63
2533-TIBIX,0.06,Low Risk,30.2,Month-to-month,15
3162-ZJZFU,0.06,Low Risk,92.55,Month-to-month,53
9000-PLFUZ,0.06,Low Risk,49.45,Two year,60
2359-KLTEK,0.06,Low Risk,94.9,Month-to-month,41
2988-QRAJY,0.06,Low Risk,110.05,Two year,69
6458-CYIDZ,0.06,Low Risk,80.7,Month-to-month,5
1229-RCALF,0.06,Low Risk,115.0,One year,64
4884-TVUQF,0.06,Low Risk,101.3,Two year,57
4608-LCIMN,0.06,Low Risk,44.65,Month-to-month,8
2027-WKXMW,0.06,Low Risk,108.75,Month-to-month,63
6465-GSRCL,0.06,Low Risk,106.6,One year,67
2172-EJXVF,0.06,Low Risk,105.9,One year,71
9774-NRNAU,0.06,Low Risk,84.8,Month-to-month,27
3096-WPXBT,0.06,Low Risk,100.7,One year,61
2525-GVKQU,0.06,Low Risk,20.6,Two year,60
2519-ERQOJ,0.06,Low Risk,54.6,Month-to-month,33
8715-KKTFG,0.06,Low Risk,103.3,One year,61
6341-AEVKX,0.06,Low Risk,104.3,One year,62
6837-HAEVO,0.06,Low Risk,105.0,Two year,69
8587-XYZSF,0.06,Low Risk,50.55,Two year,67
7925-PNRGI,0.06,Low Risk,81.3,Month-to-month,45
1485-YDHMM,0.06,Low Risk,93.25,Month-to-month,52
4324-AHJKS,0.06,Low Risk,55.8,Month-to-month,5
7669-LCRSD,0.06,Low Risk,56.3,Month-to-month,12
6569-KTMDU,0.06,Low Risk,19.1,Month-to-month,1
5578-NKCXI,0.06,Low Risk,99.25,One year,58
9738-QLWTP,0.06,Low Risk,81.9,One year,39
9861-PDSZP,0.06,Low Risk,108.05,Two year,72
2256-YLYLP,0.06,Low Risk,72.95,Two year,68
7916-VCCPB,0.06,Low Risk,73.25,Month-to-month,16
8734-FNWVH,0.06,Low Risk,59.7,Month-to-month,31
3363-DTIVD,0.06,Low Risk,105.55,Two year,71
3623-FQBOX,0.06,Low Risk,19.95,Month-to-month,21
8550-XSXUQ,0.06,Low Risk,70.55,One year,48
2363-BJLSL,0.06,Low Risk,80.4,Month-to-month,62
6865-JZNKO,0.06,Low Risk,55.3,Month-to-month,30
9143-CANJF,0.06,Low Risk,55.15,Month-to-month,24
5206-XZZQI,0.06,Low Risk,80.6,Month-to-month,53
7103-IPXPJ,0.06,Low Risk,99.4,One year,50
7520-HQWJU,0.06,Low Risk,67.45,Month-to-month,66
7284-ZZLOH,0.06,Low Risk,53.3,Two year,45
0100-DUVFC,0.06,Low Risk,104.8,One year,70
1335-HQMKX,0.06,Low Risk,101.35,One year,72
6469-MRVET,0.06,Low Risk,20.2,One year,1
7789-CRUVC,0.06,Low Risk,94.2,Month-to-month,61
8559-WNQZS,0.06,Low Risk,20.45,Two year,1
5681-LLOEI,0.06,Low Risk,91.25,One year,43
6668-CNMFP,0.06,Low Risk,89.35,One year,19
1810-BOHSY,0.06,Low Risk,96.4,One year,51
0516-OOHAR,0.06,Low Risk,100.35,One year,28
3987-KQDDU,0.06,Low Risk,75.6,Month-to-month,9
8107-RZLNV,0.06,Low Risk,106.3,Two year,72
1395-OFUWC,0.06,Low Risk,29.3,Month-to-month,43
3345-JHUEO,0.06,Low Risk,20.2,Month-to-month,4
8735-NBLWT,0.06,Low Risk,20.4,Month-to-month,9
1930-QPBVZ,0.06,Low Risk,95.1,Two year,68
5229-DTFYB,0.06,Low Risk,98.8,Two year,41
6137-MFAJN,0.06,Low Risk,44.8,Month-to-month,48
4003-OCTMP,0.06,Low Risk,64.0,One year,31
1304-SEGFY,0.06,Low Risk,97.85,Two year,72
6500-JVEGC,0.06,Low Risk,101.35,One year,68
1591-MQJTP,0.06,Low Risk,93.65,One year,51
6029-CSMJE,0.06,Low Risk,25.65,Month-to-month,17
7663-ZTEGJ,0.06,Low Risk,100.55,One year,29
5382-TEMLV,0.06,Low Risk,50.9,Month-to-month,45
4080-IIARD,0.06,Low Risk,76.2,Month-to-month,13
6202-DYYFX,0.06,Low Risk,76.0,One year,22
0516-QREYC,0.06,Low Risk,20.3,Month-to-month,24
7619-PLRLP,0.06,Low Risk,74.1,One year,53
3727-OWVYD,0.06,Low Risk,61.2,One year,35
4827-USJHP,0.06,Low Risk,51.8,Month-to-month,20
6727-IOTLZ,0.06,Low Risk,81.95,Two year,14
4622-YNKIJ,0.06,Low Risk,88.95,Two year,33
4549-ZDQYY,0.06,Low Risk,57.95,One year,52
5996-NRVXR,0.06,Low Risk,98.15,One year,40
9909-DFRJA,0.06,Low Risk,95.85,One year,26
4692-NNQRU,0.06,Low Risk,79.2,One year,21
9577-WJVCQ,0.06,Low Risk,54.45,Month-to-month,68
2775-SEFEE,0.06,Low Risk,61.9,Two year,0
3717-OFRTN,0.055,Low Risk,19.75,Month-to-month,1
6870-ECSHE,0.055,Low Risk,20.45,One year,2
4501-UYKBC,0.05,Low Risk,69.1,One year,46
2967-MXRAV,0.05,Low Risk,18.8,One year,1
2305-MRGLV,0.05,Low Risk,76.55,Month-to-month,28
4163-KIUHY,0.05,Low Risk,25.6,Month-to-month,35
3351-NGXYI,0.05,Low Risk,54.1,Month-to-month,16
0392-BZIUW,0.05,Low Risk,105.0,Two year,72
2446-ZKVAF,0.05,Low Risk,56.8,Month-to-month,18
9817-APLHW,0.05,Low Risk,25.0,Month-to-month,12
6092-QZVPP,0.05,Low Risk,79.2,Month-to-month,36
9114-VEPUF,0.05,Low Risk,96.1,One year,62
9924-JPRMC,0.05,Low Risk,118.2,Two year,72
0048-LUMLS,0.05,Low Risk,91.2,One year,37
5524-KHNJP,0.05,Low Risk,74.75,One year,33
7182-OVLBJ,0.05,Low Risk,101.15,Two year,62
9146-JRIOX,0.05,Low Risk,25.55,Month-to-month,14
7361-YPXFS,0.05,Low Risk,64.45,Month-to-month,28
3195-TQDZX,0.05,Low Risk,20.25,Month-to-month,3
2739-CCZMB,0.05,Low Risk,20.35,Month-to-month,5
7746-QYVCO,0.05,Low Risk,55.85,One year,16
1051-EQPZR,0.05,Low Risk,19.6,Month-to-month,44
3675-EQOZA,0.05,Low Risk,20.65,Month-to-month,5
3039-MJSLN,0.05,Low Risk,20.2,Month-to-month,3
2882-DDZPG,0.05,Low Risk,19.45,Month-to-month,12
5150-LJNSR,0.05,Low Risk,98.05,One year,31
8410-BGQXN,0.05,Low Risk,19.4,Month-to-month,4
0842-IWYCP,0.05,Low Risk,44.95,Month-to-month,46
3410-MHHUM,0.05,Low Risk,94.4,One year,44
6941-KXRRV,0.05,Low Risk,58.95,One year,48
6288-CHQJB,0.05,Low Risk,69.95,Two year,54
6505-OZNPG,0.05,Low Risk,63.4,Two year,6
1867-TJHTS,0.05,Low Risk,79.8,Month-to-month,58
4132-POCZS,0.05,Low Risk,39.9,Month-to-month,52
3345-PBBFH,0.05,Low Risk,49.55,Month-to-month,8
6979-TNDEU,0.05,Low Risk,19.2,Month-to-month,8
0739-UUAJR,0.05,Low Risk,53.8,Two year,72
5268-DSMNQ,0.05,Low Risk,97.95,One year,62
7658-UYUQS,0.05,Low Risk,86.55,Month-to-month,21
1431-CYWMH,0.05,Low Risk,19.05,Month-to-month,22
6103-LIANB,0.05,Low Risk,99.5,Two year,59
0083-PIVIK,0.05,Low Risk,81.25,One year,64
6937-GCDGQ,0.05,Low Risk,48.95,One year,19
8894-JVDCV,0.05,Low Risk,115.05,One year,62
0840-DCNZE,0.05,Low Risk,86.95,One year,47
8984-HPEMB,0.05,Low Risk,118.65,Two year,71
5397-NSKQG,0.05,Low Risk,50.9,Two year,67
2316-ESMLS,0.05,Low Risk,33.15,One year,12
1217-VASWC,0.05,Low Risk,100.55,One year,43
9200-NLNPD,0.05,Low Risk,54.05,One year,56
6981-TDRFT,0.05,Low Risk,54.3,One year,44
7636-PEPNS,0.05,Low Risk,44.1,One year,58
6112-KTHFQ,0.05,Low Risk,19.3,Month-to-month,13
3043-SUDUA,0.05,Low Risk,19.9,Month-to-month,32
8513-OLYGY,0.05,Low Risk,115.8,Two year,72
3026-ATZYV,0.05,Low Risk,75.1,One year,37
0422-UXFAP,0.05,Low Risk,98.85,One year,51
7234-KMNRQ,0.05,Low Risk,19.0,Month-to-month,4
0580-PIQHM,0.05,Low Risk,101.6,One year,41
7036-ZZKBD,0.05,Low Risk,66.4,Month-to-month,31
5414-OFQCB,0.05,Low Risk,90.45,Two year,57
0002-ORFBO,0.05,Low Risk,65.6,One year,9
0895-LMRSF,0.05,Low Risk,64.9,One year,23
2450-ZKEED,0.05,Low Risk,53.8,One year,11
9327-QSDED,0.05,Low Risk,43.55,Month-to-month,8
1741-WTPON,0.05,Low Risk,115.85,Two year,56
0594-UFTUL,0.05,Low Risk,19.85,Month-to-month,13
9470-YFUYI,0.05,Low Risk,71.0,One year,71
0620-XEFWH,0.05,Low Risk,18.85,Month-to-month,4
0557-ASKVU,0.05,Low Risk,54.4,One year,18
4177-JPDFU,0.05,Low Risk,34.0,Month-to-month,12
3179-GBRWV,0.05,Low Risk,64.95,Month-to-month,21
3450-WXOAT,0.05,Low Risk,45.2,Month-to-month,46
4277-UDIEF,0.05,Low Risk,81.0,Month-to-month,24
7989-AWGEH,0.05,Low Risk,39.2,Month-to-month,49
0384-RVBPI,0.05,Low Risk,64.4,Month-to-month,20
8338-QIUNR,0.05,Low Risk,66.5,Two year,72
2809-ILCYT,0.05,Low Risk,26.8,One year,25
5498-IBWPI,0.05,Low Risk,49.4,One year,66
8496-DMZUK,0.05,Low Risk,90.4,One year,30
9101-NTIXF,0.05,Low Risk,19.4,Month-to-month,2
0013-SMEOE,0.05,Low Risk,109.7,Two year,71
9289-LBQVU,0.05,Low Risk,70.15,One year,64
5499-ECUTN,0.05,Low Risk,66.05,One year,47
4075-JFPGR,0.05,Low Risk,93.5,One year,51
9207-ZPANB,0.05,Low Risk,67.45,One year,37
0295-QVKPB,0.05,Low Risk,63.95,Month-to-month,5
4785-NKHCX,0.05,Low Risk,20.05,Month-to-month,5
7089-XXAYG,0.05,Low Risk,38.1,One year,25
9330-DHBFL,0.05,Low Risk,66.25,One year,23
7011-CVEUC,0.05,Low Risk,95.7,Month-to-month,25
1716-LSAMB,0.05,Low Risk,54.65,Two year,45
5312-IRCFR,0.05,Low Risk,92.85,One year,64
8480-PPONV,0.05,Low Risk,115.55,Two year,62
9498-FIMXL,0.05,Low Risk,19.2,One year,8
5590-ZSKRV,0.05,Low Risk,54.65,Month-to-month,8
6035-RIIOM,0.05,Low Risk,97.2,Two year,54
4220-TINQT,0.05,Low Risk,106.35,Month-to-month,61
7982-VCELR,0.05,Low Risk,94.8,Month-to-month,36
7016-NVRIC,0.05,Low Risk,90.1,One year,29
1125-SNVCK,0.05,Low Risk,43.8,Month-to-month,49
3137-LUPIX,0.05,Low Risk,64.4,Month-to-month,4
7446-YPODE,0.05,Low Risk,60.25,Month-to-month,11
3407-JMJQQ,0.05,Low Risk,109.0,Two year,71
5630-AHZIL,0.05,Low Risk,64.5,Month-to-month,3
1622-HSHSF,0.05,Low Risk,19.55,Month-to-month,1
0458-HEUZG,0.05,Low Risk,35.4,Two year,13
0959-WHOKV,0.05,Low Risk,99.0,One year,42
1559-DTODC,0.05,Low Risk,25.15,Month-to-month,19
1389-WNUIB,0.05,Low Risk,76.0,One year,20
6265-SXWBU,0.05,Low Risk,95.75,One year,69
6374-NTQLP,0.05,Low Risk,104.1,Two year,72
1866-DIOQZ,0.05,Low Risk,66.8,One year,71
9938-ZREHM,0.05,Low Risk,72.1,One year,37
6586-MYGKD,0.05,Low Risk,76.95,Two year,70
0810-BDHAW,0.05,Low Risk,78.4,One year,24
3442-ZHHCC,0.05,Low Risk,76.9,One year,68
5734-EJKXG,0.05,Low Risk,118.6,One year,61
5827-MWCZK,0.05,Low Risk,96.95,Month-to-month,56
0130-SXOUN,0.05,Low Risk,89.4,Month-to-month,66
6627-CFOSN,0.05,Low Risk,99.45,Month-to-month,59
6616-AALSR,0.05,Low Risk,104.3,Two year,65
0678-RLHVP,0.05,Low Risk,105.55,Two year,53
3756-VNWDH,0.05,Low Risk,100.75,One year,65
0068-FIGTF,0.05,Low Risk,78.2,One year,27
6333-YDVLT,0.05,Low Risk,110.0,One year,65
4002-BQWPQ,0.05,Low Risk,81.75,Month-to-month,25
3470-BTGQO,0.05,Low Risk,45.65,Month-to-month,21
9742-XOKTS,0.05,Low Risk,89.55,One year,67
5424-RLQLC,0.05,Low Risk,59.65,Month-to-month,10
7459-IMVYU,0.05,Low Risk,69.95,Month-to-month,38
5756-OZRIO,0.05,Low Risk,64.05,One year,61
3552-CTCYF,0.05,Low Risk,104.8,Two year,63
4472-LVYGI,0.05,Low Risk,52.55,Two year,0
3318-ISQFQ,0.05,Low Risk,19.5,Month-to-month,20
9134-WYRVP,0.05,Low Risk,86.35,One year,51
0134-XWXCE,0.05,Low Risk,74.85,One year,44
8610-ZIKJJ,0.05,Low Risk,20.3,One year,2
0484-JPBRU,0.05,Low Risk,25.25,Month-to-month,41
8226-BXGES,0.05,Low Risk,89.45,One year,64
4990-ALDGW,0.05,Low Risk,20.75,Two year,57
7188-CBBBA,0.05,Low Risk,95.5,One year,65
6242-SGYTS,0.05,Low Risk,94.95,One year,62
9060-HJJRW,0.05,Low Risk,56.4,One year,51
1518-OMDIK,0.05,Low Risk,44.55,Month-to-month,33
4366-CTOUZ,0.05,Low Risk,100.2,Two year,50
2925-MXLSX,0.05,Low Risk,68.95,One year,30
1958-RNRKS,0.05,Low Risk,49.9,Month-to-month,30
8314-HTWVE,0.05,Low Risk,19.85,Two year,7
4623-ZKHLY,0.05,Low Risk,20.45,Month-to-month,22
9932-WBWIK,0.05,Low Risk,20.35,Month-to-month,11
2801-NISEI,0.05,Low Risk,54.95,Month-to-month,24
2475-MROZF,0.05,Low Risk,95.0,Month-to-month,30
6609-MXJHJ,0.05,Low Risk,25.1,Two year,30
4747-LCAQL,0.05,Low Risk,79.0,Month-to-month,25
5678-VFNEQ,0.05,Low Risk,104.1,One year,71
9555-SAHUZ,0.05,Low Risk,54.5,Month-to-month,38
2483-XSSMZ,0.05,Low Risk,47.85,One year,39
0750-EKNGL,0.05,Low Risk,20.75,Month-to-month,7
1376-HHBDV,0.05,Low Risk,48.8,Month-to-month,30
1866-ZSLJM,0.05,Low Risk,20.5,Month-to-month,21
1371-DWPAZ,0.05,Low Risk,56.05,Two year,0
1020-JPQOW,0.05,Low Risk,90.55,Month-to-month,56
5624-RYAMH,0.05,Low Risk,19.5,Month-to-month,9
7566-DSRLQ,0.05,Low Risk,110.15,Two year,72
0463-ZSDNT,0.05,Low Risk,56.75,Month-to-month,10
6050-IJRHS,0.05,Low Risk,106.5,One year,70
6738-ISCBM,0.05,Low Risk,54.0,One year,44
8591-TKMZH,0.05,Low Risk,111.1,Two year,59
5376-PCKNB,0.05,Low Risk,104.45,One year,72
6502-KUGLL,0.05,Low Risk,59.45,Month-to-month,14
7266-GSSJX,0.05,Low Risk,20.45,Month-to-month,11
5256-SKJGO,0.05,Low Risk,54.6,Two year,64
6778-EICRF,0.05,Low Risk,74.8,One year,24
4860-YZGZM,0.05,Low Risk,20.0,Month-to-month,10
5018-HEKFO,0.05,Low Risk,24.5,Month-to-month,10
6504-VBLFL,0.05,Low Risk,58.6,Two year,55
5423-BHIXO,0.05,Low Risk,54.2,Month-to-month,32
1094-BKOSX,0.05,Low Risk,51.0,One year,45
7123-WQUHX,0.05,Low Risk,95.0,One year,38
2615-YVMYX,0.05,Low Risk,107.5,Month-to-month,71
1017-FBQMM,0.05,Low Risk,106.05,One year,62
3655-SNQYZ,0.05,Low Risk,113.25,Two year,69
4451-RWASJ,0.05,Low Risk,19.5,One year,15
8344-WFMFH,0.05,Low Risk,50.1,Month-to-month,9
6959-GQEGV,0.05,Low Risk,75.95,Month-to-month,45
8109-YUOHE,0.05,Low Risk,56.1,One year,17
2323-ARSVR,0.05,Low Risk,111.05,Two year,67
9938-EKRGF,0.05,Low Risk,84.45,Month-to-month,15
5198-HQAEN,0.05,Low Risk,89.7,One year,35
4801-KFYKL,0.05,Low Risk,19.45,Month-to-month,8
0924-BJCRC,0.05,Low Risk,89.45,Month-to-month,60
6135-OZQVA,0.05,Low Risk,53.65,Month-to-month,7
4237-CLSMM,0.05,Low Risk,20.0,Month-to-month,2
6772-WFQRD,0.05,Low Risk,20.4,One year,40
9945-PSVIP,0.05,Low Risk,18.7,Two year,25
5090-EMGTC,0.05,Low Risk,100.05,Two year,59
9199-PWQVC,0.05,Low Risk,79.7,One year,63
4627-MIHJH,0.05,Low Risk,110.25,Two year,69
7824-PANSQ,0.05,Low Risk,80.65,Month-to-month,58
5447-WZAFP,0.05,Low Risk,100.3,One year,53
9866-OCCKE,0.05,Low Risk,109.75,Two year,72
9758-MFWGD,0.05,Low Risk,29.9,One year,48
3086-RUCRN,0.05,Low Risk,103.1,Month-to-month,66
0602-DDUML,0.05,Low Risk,69.75,Two year,57
8992-VONJD,0.05,Low Risk,56.0,Month-to-month,13
8942-DBMHZ,0.05,Low Risk,20.45,Month-to-month,12
1621-YNCJH,0.05,Low Risk,106.05,Two year,36
0567-XRHCU,0.05,Low Risk,43.95,Two year,69
1696-MZVAU,0.05,Low Risk,25.25,One year,39
2073-QBVBI,0.05,Low Risk,35.45,One year,41
6429-SHBCB,0.05,Low Risk,69.6,Month-to-month,19
3508-CFVZL,0.05,Low Risk,111.3,Two year,71
4439-YRNVD,0.05,Low Risk,36.25,Month-to-month,10
6258-NGCNG,0.05,Low Risk,23.5,Month-to-month,7
2782-LFZVW,0.05,Low Risk,58.95,Month-to-month,11
8573-CGOCC,0.05,Low Risk,19.75,Month-to-month,16
7129-AZJDE,0.05,Low Risk,78.95,One year,34
5343-SGUBI,0.05,Low Risk,80.2,One year,52
8065-QBYTO,0.05,Low Risk,99.65,One year,71
1679-JRFBR,0.05,Low Risk,108.15,One year,70
9848-JQJTX,0.05,Low Risk,100.9,Two year,72
0379-DJQHR,0.05,Low Risk,81.35,Two year,67
9571-EDEBV,0.05,Low Risk,98.65,One year,71
1135-HIORI,0.05,Low Risk,111.45,One year,64
6481-OGDOO,0.05,Low Risk,90.6,One year,67
6718-BDGHG,0.05,Low Risk,64.85,One year,43
5504-WSIUR,0.05,Low Risk,90.25,One year,70
5543-QDCRY,0.05,Low Risk,56.4,Month-to-month,4
2080-SRCDE,0.0425,Low Risk,25.4,Month-to-month,1
4023-RTIQM,0.04,Low Risk,50.4,One year,31
0334-ZFJSR,0.04,Low Risk,66.05,One year,55
8329-IBCTI,0.04,Low Risk,19.65,Month-to-month,1
5840-NVDCG,0.04,Low Risk,68.25,Two year,16
7945-HLKEA,0.04,Low Risk,64.75,One year,60
3197-NNYNB,0.04,Low Risk,105.1,Two year,65
8788-DOXSU,0.04,Low Risk,61.35,One year,59
2282-YGNOR,0.04,Low Risk,58.0,One year,29
2239-CFOUJ,0.04,Low Risk,20.4,One year,1
9770-KXGQU,0.04,Low Risk,98.6,One year,53
6522-OIQSX,0.04,Low Risk,54.95,Two year,69
3324-OIRTO,0.04,Low Risk,104.65,One year,71
6202-JVYEU,0.04,Low Risk,19.9,One year,9
7108-DGVUU,0.04,Low Risk,71.7,One year,21
3229-USWAR,0.04,Low Risk,79.95,One year,34
8213-TAZPM,0.04,Low Risk,108.75,One year,69
0314-TKOSI,0.04,Low Risk,55.15,Month-to-month,6
1060-ENTOF,0.04,Low Risk,105.4,One year,67
9391-DXGGG,0.04,Low Risk,89.15,One year,44
3648-GZPHF,0.04,Low Risk,36.25,One year,32
3521-HTQTV,0.04,Low Risk,26.1,Two year,34
9039-ZVJDC,0.04,Low Risk,19.1,Month-to-month,3
3567-PQTSO,0.04,Low Risk,105.25,One year,53
6075-QMNRR,0.04,Low Risk,49.75,Month-to-month,52
0323-XWWTN,0.04,Low Risk,26.4,Two year,3
6196-HBOBZ,0.04,Low Risk,99.35,Two year,65
8383-SGHJU,0.04,Low Risk,59.4,One year,33
8017-UVSZU,0.04,Low Risk,56.6,Month-to-month,40
2511-MORQY,0.04,Low Risk,54.9,One year,50
0412-UCCNP,0.04,Low Risk,59.2,Two year,55
3486-KHMLI,0.04,Low Risk,24.7,Month-to-month,21
5170-PTRKA,0.04,Low Risk,35.8,One year,49
9700-ZCLOT,0.04,Low Risk,20.0,Month-to-month,2
2155-AMQRX,0.04,Low Risk,54.9,Month-to-month,28
0181-RITDD,0.04,Low Risk,108.15,Two year,62
0547-HURJB,0.04,Low Risk,21.05,Month-to-month,12
1536-YHDOE,0.04,Low Risk,62.1,One year,17
5386-THSLQ,0.04,Low Risk,45.55,One year,66
2419-FSORS,0.04,Low Risk,108.4,Two year,72
7672-VFMXZ,0.04,Low Risk,55.7,Month-to-month,57
3097-PYWXL,0.04,Low Risk,19.95,Month-to-month,4
1352-VHKAJ,0.04,Low Risk,71.6,Month-to-month,27
2662-NNTDK,0.04,Low Risk,24.8,One year,65
7596-ZYWBB,0.04,Low Risk,59.6,Two year,65
1663-MHLHE,0.04,Low Risk,19.2,Month-to-month,1
7025-IWFHT,0.04,Low Risk,89.55,One year,41
6598-KELSS,0.04,Low Risk,43.05,One year,50
9496-IVVRP,0.04,Low Risk,51.0,Month-to-month,11
2541-YGPKE,0.04,Low Risk,63.7,One year,42
1488-SYSFC,0.04,Low Risk,20.65,Month-to-month,31
7228-PAQPD,0.04,Low Risk,59.1,One year,14
0970-QXPXW,0.04,Low Risk,19.65,Month-to-month,1
2546-KZAAT,0.04,Low Risk,75.4,One year,52
3347-YJZZE,0.04,Low Risk,80.1,Month-to-month,29
5155-AZQPB,0.04,Low Risk,49.9,Month-to-month,28
8791-GFXLZ,0.04,Low Risk,49.05,Month-to-month,12
7721-DVEKZ,0.04,Low Risk,19.65,Month-to-month,1
5696-JVVQY,0.04,Low Risk,70.1,Two year,48
6094-ZIVKX,0.04,Low Risk,54.45,One year,68
3428-MMGUB,0.04,Low Risk,89.55,Two year,60
3137-NYQQI,0.04,Low Risk,64.8,One year,17
0811-GSDTP,0.04,Low Risk,30.15,Month-to-month,13
7136-IHZJA,0.04,Low Risk,71.35,Month-to-month,40
6574-MCOEH,0.04,Low Risk,79.15,One year,33
5569-IDSEY,0.04,Low Risk,105.7,One year,71
8261-GWDBQ,0.04,Low Risk,116.05,Two year,60
2150-WLKUW,0.04,Low Risk,63.9,One year,40
2176-OSJUV,0.04,Low Risk,65.15,Two year,71
7670-ZBPOQ,0.04,Low Risk,61.05,One year,58
4159-NAAIX,0.04,Low Risk,97.45,Two year,63
5774-XZTQC,0.04,Low Risk,20.45,Month-to-month,7
0621-CXBKL,0.04,Low Risk,18.7,Two year,53
6778-JFCMK,0.04,Low Risk,50.6,One year,24
2664-XJZNO,0.04,Low Risk,104.9,Two year,72
7197-VOJMM,0.04,Low Risk,69.2,Two year,67
1784-BXEFA,0.04,Low Risk,20.55,Month-to-month,10
7168-HDQHG,0.04,Low Risk,19.2,Month-to-month,36
1116-DXXDF,0.04,Low Risk,100.45,Two year,39
1142-IHLOO,0.04,Low Risk,87.55,One year,51
4429-WYGFR,0.04,Low Risk,49.15,Month-to-month,26
5707-ZMDJP,0.04,Low Risk,69.7,Two year,53
2220-IAHLS,0.04,Low Risk,19.4,Month-to-month,1
5709-LVOEQ,0.04,Low Risk,80.85,Two year,0
8745-PVESG,0.04,Low Risk,41.1,One year,57
4250-WAROZ,0.04,Low Risk,93.25,Month-to-month,60
2931-VUVJN,0.04,Low Risk,94.05,One year,59
5018-LXQQG,0.04,Low Risk,66.3,Month-to-month,30
1702-CCFNJ,0.04,Low Risk,61.35,Month-to-month,52
6300-BWMJX,0.04,Low Risk,93.35,Month-to-month,59
4118-CEVPF,0.04,Low Risk,110.8,One year,35
1898-JSNDC,0.04,Low Risk,58.6,One year,39
8190-ZTQFB,0.04,Low Risk,51.35,One year,41
7785-RDVIG,0.04,Low Risk,19.3,Month-to-month,3
7159-NOKYQ,0.04,Low Risk,93.15,Two year,67
5318-YKDPV,0.04,Low Risk,79.15,Two year,43
1271-UODNO,0.04,Low Risk,53.85,Two year,39
4365-MSDYN,0.04,Low Risk,19.55,Month-to-month,8
4521-WFJAI,0.04,Low Risk,25.95,Two year,56
1043-UXOVO,0.04,Low Risk,113.15,Two year,71
4770-QAZXN,0.04,Low Risk,19.45,Month-to-month,13
5129-HHMZC,0.04,Low Risk,86.45,Two year,43
9102-OXKFY,0.04,Low Risk,54.15,Two year,59
5396-IZEPB,0.04,Low Risk,19.7,Month-to-month,9
1159-WFSGR,0.04,Low Risk,20.4,Month-to-month,16
4393-GEADV,0.04,Low Risk,114.75,Two year,70
6614-FHDBO,0.04,Low Risk,109.2,Two year,72
8106-GWQOK,0.04,Low Risk,60.0,Two year,38
9715-SBVSU,0.04,Low Risk,61.4,Two year,14
2239-CGBUZ,0.04,Low Risk,60.5,One year,51
7576-ASEJU,0.04,Low Risk,74.7,One year,41
4119-ZYPZY,0.04,Low Risk,106.8,Two year,71
6754-WKSHP,0.04,Low Risk,25.35,One year,30
6223-DHJGV,0.04,Low Risk,20.65,One year,42
0440-MOGPM,0.04,Low Risk,80.55,One year,41
4833-QTJNO,0.04,Low Risk,83.85,Month-to-month,67
2887-JPYLU,0.04,Low Risk,45.2,Month-to-month,41
0793-TWELN,0.04,Low Risk,80.15,Month-to-month,4
6421-SZVEM,0.04,Low Risk,82.85,One year,28
3298-QEICA,0.04,Low Risk,34.6,Two year,23
8821-KVZKQ,0.04,Low Risk,58.4,One year,70
5442-BXVND,0.04,Low Risk,24.25,Month-to-month,33
0292-WEGCH,0.04,Low Risk,86.2,Month-to-month,54
1455-HFBXA,0.04,Low Risk,91.6,Two year,52
6286-ZHAOK,0.04,Low Risk,25.55,Month-to-month,20
1163-ONYEY,0.04,Low Risk,74.55,Month-to-month,41
9309-BZGNT,0.04,Low Risk,29.8,One year,69
6695-FRVEC,0.04,Low Risk,60.4,Two year,67
3594-IVHJZ,0.04,Low Risk,20.45,Month-to-month,2
3399-BMLVW,0.04,Low Risk,60.5,Two year,51
5832-TRLPB,0.04,Low Risk,75.35,One year,29
0463-WZZKO,0.04,Low Risk,20.75,Month-to-month,3
0366-NQSHS,0.04,Low Risk,19.35,Month-to-month,2
4049-ZPALD,0.04,Low Risk,99.0,Two year,64
8851-RAGOV,0.04,Low Risk,71.05,Month-to-month,25
7876-AEHIG,0.04,Low Risk,60.15,One year,51
2923-ARZLG,0.04,Low Risk,19.7,One year,0
1162-ECVII,0.04,Low Risk,109.75,Two year,72
4526-EXKKN,0.04,Low Risk,24.6,Two year,40
9853-JFZDU,0.04,Low Risk,56.85,Month-to-month,35
9351-LZYGF,0.04,Low Risk,66.4,Month-to-month,42
1557-EMYVT,0.04,Low Risk,115.05,Two year,43
5240-CAOYT,0.04,Low Risk,87.55,Month-to-month,57
6917-YACBP,0.04,Low Risk,89.75,Month-to-month,59
9152-AMKAK,0.04,Low Risk,80.25,Two year,6
5724-BIDBU,0.04,Low Risk,55.35,One year,49
4701-MLJPN,0.04,Low Risk,55.25,Month-to-month,31
6838-YAUVY,0.04,Low Risk,95.1,Two year,54
1032-MAELW,0.04,Low Risk,78.45,One year,68
4676-WLUHT,0.04,Low Risk,46.2,Two year,54
5294-IMHHT,0.04,Low Risk,97.75,One year,53
1183-CANVH,0.04,Low Risk,60.0,One year,23
6519-ZHPXP,0.04,Low Risk,108.3,Two year,72
0679-TDGAK,0.04,Low Risk,75.5,One year,50
1710-RCXUS,0.04,Low Risk,90.35,One year,51
9253-VIFJQ,0.04,Low Risk,67.05,One year,65
5223-UZAVK,0.04,Low Risk,100.3,One year,64
9581-GVBXT,0.04,Low Risk,34.8,One year,59
9761-XUJWD,0.04,Low Risk,65.6,Month-to-month,5
3740-RLMVT,0.04,Low Risk,60.95,One year,67
1131-ALZWV,0.04,Low Risk,24.6,One year,24
8191-XWSZG,0.04,Low Risk,20.65,One year,52
9717-IOAAF,0.04,Low Risk,25.85,Two year,27
6483-OATDN,0.04,Low Risk,51.3,Month-to-month,8
3941-XTSKM,0.04,Low Risk,45.1,One year,42
1925-GMVBW,0.04,Low Risk,20.55,Month-to-month,5
0023-UYUPN,0.04,Low Risk,25.2,One year,50
9481-SFCQY,0.04,Low Risk,59.8,Month-to-month,14
2466-NEJOJ,0.04,Low Risk,19.65,Month-to-month,8
4987-GQWPO,0.04,Low Risk,25.1,Month-to-month,17
3181-MIZBN,0.04,Low Risk,19.75,Month-to-month,16
2171-UDMFD,0.04,Low Risk,19.45,Month-to-month,32
8999-XXGNS,0.04,Low Risk,105.75,One year,72
4776-XSKYQ,0.04,Low Risk,30.25,One year,12
8430-TWCBX,0.04,Low Risk,20.7,One year,49
3340-QBBFM,0.04,Low Risk,54.1,One year,36
4986-MXSFP,0.04,Low Risk,20.0,Month-to-month,2
4632-XJMEX,0.04,Low Risk,62.85,One year,53
9589-ABEPT,0.04,Low Risk,92.45,Two year,69
2075-PUEPR,0.04,Low Risk,19.35,Two year,55
1982-FEBTD,0.04,Low Risk,25.6,Two year,23
5791-KAJFD,0.04,Low Risk,68.75,One year,56
8652-YHIYU,0.04,Low Risk,79.5,One year,16
8868-GAGIO,0.04,Low Risk,84.55,Month-to-month,45
9833-TGFHX,0.04,Low Risk,97.1,One year,42
5448-VWNAM,0.04,Low Risk,75.9,Month-to-month,19
8561-NMTBD,0.04,Low Risk,112.35,One year,67
0277-ORXQS,0.04,Low Risk,50.55,Two year,66
4526-RMTLL,0.04,Low Risk,76.15,Two year,8
1346-PJWTK,0.04,Low Risk,94.15,Month-to-month,61
5846-NEQVZ,0.04,Low Risk,70.85,Two year,71
0872-CASZJ,0.04,Low Risk,69.1,One year,59
7872-BAAZR,0.04,Low Risk,19.55,One year,53
0257-KXZGU,0.04,Low Risk,62.45,Month-to-month,32
0228-MAUWC,0.04,Low Risk,59.55,Month-to-month,19
9385-EHGDO,0.04,Low Risk,19.85,Two year,35
8626-XHBIE,0.04,Low Risk,24.8,Two year,56
2486-WYVVE,0.04,Low Risk,79.3,One year,31
4872-VXRIL,0.04,Low Risk,64.65,One year,56
2999-AANRQ,0.04,Low Risk,71.05,Two year,21
5829-NVSQN,0.04,Low Risk,68.75,One year,23
1666-JZPZT,0.04,Low Risk,49.0,Month-to-month,27
9565-AXSMR,0.04,Low Risk,19.2,Two year,52
3739-YBWAB,0.04,Low Risk,35.35,One year,36
2137-DQMEV,0.04,Low Risk,44.8,One year,68
0744-GKNGE,0.04,Low Risk,86.8,Month-to-month,64
8869-LIHMK,0.04,Low Risk,115.1,Two year,64
0575-CUQOV,0.04,Low Risk,97.95,One year,60
9648-BCHKM,0.04,Low Risk,24.65,Two year,18
9018-PCIOK,0.04,Low Risk,64.75,Two year,55
5539-HIVAK,0.04,Low Risk,25.7,Month-to-month,28
4611-ANLQC,0.04,Low Risk,50.05,One year,60
9357-UJRUN,0.04,Low Risk,58.35,One year,24
6586-PSJOX,0.04,Low Risk,55.2,One year,15
2969-WGHQO,0.04,Low Risk,69.45,One year,7
4011-ARPHK,0.04,Low Risk,50.35,Month-to-month,27
2159-TURXX,0.04,Low Risk,20.05,Month-to-month,5
4686-GEFRM,0.04,Low Risk,98.7,Two year,70
2558-BUOZZ,0.04,Low Risk,94.8,One year,47
9955-QOPOY,0.04,Low Risk,60.8,One year,69
2676-OXPPQ,0.04,Low Risk,55.7,Month-to-month,6
0871-OPBXW,0.04,Low Risk,20.05,Month-to-month,2
9052-DHNKM,0.04,Low Risk,61.55,One year,26
5468-BPMMO,0.04,Low Risk,19.6,Month-to-month,46
6048-NJXHX,0.04,Low Risk,19.75,Two year,41
7696-AMHOD,0.04,Low Risk,78.0,One year,49
3275-RHRNE,0.04,Low Risk,60.0,One year,28
1925-LFCZZ,0.04,Low Risk,50.05,One year,55
6195-MELTI,0.04,Low Risk,54.65,One year,57
4742-DRORA,0.04,Low Risk,95.4,One year,60
0813-TAXXS,0.04,Low Risk,77.8,Two year,55
6481-LXPWL,0.04,Low Risk,36.1,One year,56
0206-TBWLC,0.04,Low Risk,114.65,One year,54
3205-MXZRA,0.04,Low Risk,59.45,One year,26
3259-QMXUN,0.04,Low Risk,86.1,Two year,58
1226-JZNKR,0.04,Low Risk,19.8,One year,8
6124-ACRHJ,0.04,Low Risk,19.75,Month-to-month,1
9031-ZVQPT,0.04,Low Risk,108.2,Two year,72
2740-JFBOK,0.04,Low Risk,24.0,Month-to-month,10
9928-BZVLZ,0.04,Low Risk,49.85,Two year,12
8469-SNFFH,0.04,Low Risk,79.4,One year,70
9028-LIHRP,0.04,Low Risk,100.2,Two year,71
6469-QJKZW,0.04,Low Risk,20.15,Month-to-month,4
4719-UMSIY,0.04,Low Risk,19.65,Month-to-month,6
5245-VDBUR,0.04,Low Risk,35.45,One year,52
3612-YUNGG,0.04,Low Risk,109.2,Two year,64
7856-GANIL,0.04,Low Risk,98.7,One year,45
2839-RFSQE,0.0367,Low Risk,20.65,Month-to-month,2
1492-QGCLU,0.03,Low Risk,85.7,Month-to-month,53
9150-KPBJQ,0.03,Low Risk,19.65,Two year,6
3956-CJUST,0.03,Low Risk,75.4,Month-to-month,23
6728-DKUCO,0.03,Low Risk,104.15,One year,72
1298-PHBTI,0.03,Low Risk,84.8,Two year,71
3253-HKOKL,0.03,Low Risk,100.3,One year,52
9367-TCUYN,0.03,Low Risk,20.1,Month-to-month,12
2017-CCBLH,0.03,Low Risk,20.0,Two year,8
1707-HABPF,0.03,Low Risk,91.3,One year,46
9677-AVKED,0.03,Low Risk,84.6,One year,53
7094-MSZAO,0.03,Low Risk,20.05,Month-to-month,10
8577-QSOCG,0.03,Low Risk,20.2,Two year,38
6732-FZUGP,0.03,Low Risk,94.9,One year,47
4926-UMJZD,0.03,Low Risk,49.2,Month-to-month,31
8085-MSNLK,0.03,Low Risk,113.95,Two year,62
3583-KRKMD,0.03,Low Risk,75.9,Month-to-month,18
1336-EZFZY,0.03,Low Risk,20.05,Month-to-month,4
6371-NZYEG,0.03,Low Risk,64.25,Two year,16
5666-MBJPT,0.03,Low Risk,25.1,Two year,65
2984-TBYKU,0.03,Low Risk,104.9,Two year,72
0907-HQNTS,0.03,Low Risk,113.0,Two year,70
7691-XVTZH,0.03,Low Risk,89.95,Two year,68
9763-GRSKD,0.03,Low Risk,49.95,Month-to-month,13
5844-QVTAT,0.03,Low Risk,58.45,One year,33
7110-BDTWG,0.03,Low Risk,47.05,Two year,71
5982-PSMKW,0.03,Low Risk,91.1,Two year,23
0657-DOGUM,0.03,Low Risk,60.6,One year,48
9512-PHSMG,0.03,Low Risk,20.55,Month-to-month,10
7799-DSEWS,0.03,Low Risk,68.35,Month-to-month,18
9359-JANWS,0.03,Low Risk,58.9,Two year,65
4072-IPYLT,0.03,Low Risk,51.05,Month-to-month,36
7690-KPNCU,0.03,Low Risk,73.05,One year,64
4422-QVIJA,0.03,Low Risk,50.15,Month-to-month,35
3059-NGMXB,0.03,Low Risk,69.2,Month-to-month,14
7134-HBPBS,0.03,Low Risk,108.1,Two year,72
8044-BGWPI,0.03,Low Risk,21.15,Month-to-month,12
4486-EFAEB,0.03,Low Risk,20.4,Month-to-month,13
4199-QHJNM,0.03,Low Risk,102.9,Two year,67
9225-BZLNZ,0.03,Low Risk,85.25,Two year,72
3061-BCKYI,0.03,Low Risk,19.9,Month-to-month,14
2250-IVBWA,0.03,Low Risk,81.05,Month-to-month,64
0810-DHDBD,0.03,Low Risk,74.0,One year,52
6211-WWLTF,0.03,Low Risk,99.7,Two year,63
6993-YCOBK,0.03,Low Risk,110.6,Two year,60
5804-HYIEZ,0.03,Low Risk,106.05,Month-to-month,70
9480-BQJEI,0.03,Low Risk,92.3,One year,62
3397-AVTKU,0.03,Low Risk,60.0,Two year,43
9830-ECLEN,0.03,Low Risk,50.0,One year,58
6784-XYJAE,0.03,Low Risk,55.8,One year,36
5760-WRAHC,0.03,Low Risk,69.75,Month-to-month,22
3933-DQPWX,0.03,Low Risk,39.7,Two year,50
2616-UUTFK,0.03,Low Risk,72.75,Month-to-month,33
7184-LRUUR,0.03,Low Risk,65.25,One year,22
8865-TNMNX,0.03,Low Risk,49.55,One year,10
0496-AHOOK,0.03,Low Risk,74.4,One year,24
3712-PKXZA,0.03,Low Risk,20.55,One year,61
6827-IEAUQ,0.03,Low Risk,66.15,One year,27
4626-OZDTJ,0.03,Low Risk,78.65,One year,51
6152-ONASV,0.03,Low Risk,58.25,One year,68
4450-MDZFX,0.03,Low Risk,74.35,Month-to-month,60
4086-ATNFV,0.03,Low Risk,60.8,One year,34
8042-RNLKO,0.03,Low Risk,25.45,One year,66
4827-LTQRJ,0.03,Low Risk,110.6,One year,66
4389-UEFCZ,0.03,Low Risk,105.5,Two year,72
8731-WBBMB,0.03,Low Risk,81.9,Month-to-month,26
4654-ULTTN,0.03,Low Risk,74.8,Two year,70
9593-CVZKR,0.03,Low Risk,24.45,Two year,56
5837-LXSDN,0.03,Low Risk,58.85,One year,21
6527-PZFPV,0.03,Low Risk,20.8,One year,24
1265-BCFEO,0.03,Low Risk,80.45,Two year,71
6234-RAAPL,0.03,Low Risk,99.9,Two year,72
2709-UQGNP,0.03,Low Risk,51.65,Month-to-month,10
1237-WIYYZ,0.03,Low Risk,19.55,Month-to-month,18
1154-HYWWO,0.03,Low Risk,70.6,One year,38
3181-VTHOE,0.03,Low Risk,51.05,One year,70
0621-HJWXJ,0.03,Low Risk,81.55,Month-to-month,63
7746-AWNQW,0.03,Low Risk,35.75,Month-to-month,28
6096-EGVTU,0.03,Low Risk,24.9,One year,64
7820-ZYGNY,0.03,Low Risk,90.45,One year,63
5828-DWPIL,0.03,Low Risk,89.1,Month-to-month,62
3363-EWLGO,0.03,Low Risk,19.95,Month-to-month,5
4712-UYOOI,0.03,Low Risk,20.0,Month-to-month,20
7398-LXGYX,0.03,Low Risk,84.8,Month-to-month,44
6723-WSNTY,0.03,Low Risk,108.1,One year,66
7203-OYKCT,0.03,Low Risk,104.95,One year,72
3572-UUHRS,0.03,Low Risk,18.85,One year,45
8690-UPCZI,0.03,Low Risk,69.05,One year,29
2373-NTKOD,0.03,Low Risk,66.25,Month-to-month,8
8400-WZICQ,0.03,Low Risk,55.7,Month-to-month,55
1970-KKFWL,0.03,Low Risk,23.3,Two year,35
0816-TSPHQ,0.03,Low Risk,20.75,Month-to-month,2
1194-BHJYC,0.03,Low Risk,62.15,Two year,61
8739-QOTTN,0.03,Low Risk,20.35,Month-to-month,2
2405-LBMUW,0.03,Low Risk,50.7,One year,61
2516-XSJKX,0.03,Low Risk,78.45,Two year,41
7074-STDCN,0.03,Low Risk,40.6,Month-to-month,39
7399-QHBJS,0.03,Low Risk,66.75,Two year,72
8677-HDZEE,0.03,Low Risk,105.45,Month-to-month,56
4378-BZYFP,0.03,Low Risk,20.5,One year,17
0254-KCJGT,0.03,Low Risk,81.4,One year,52
2129-ALKBS,0.03,Low Risk,26.2,Month-to-month,40
6408-OTUBZ,0.03,Low Risk,104.55,One year,66
0020-JDNXP,0.03,Low Risk,61.25,One year,34
3752-CQSJI,0.03,Low Risk,20.45,Month-to-month,13
6674-KVJHG,0.03,Low Risk,25.2,One year,11
5025-GOOKI,0.03,Low Risk,18.9,Month-to-month,20
7137-NAXML,0.03,Low Risk,20.15,One year,23
9828-QHFBK,0.03,Low Risk,51.15,Month-to-month,24
4353-HYOJD,0.03,Low Risk,49.85,Month-to-month,27
8200-LGKSR,0.03,Low Risk,83.2,Two year,71
5204-HMGYF,0.03,Low Risk,87.2,One year,49
1209-VFFOC,0.03,Low Risk,56.4,Two year,68
9894-QMIMJ,0.03,Low Risk,55.8,One year,23
4227-OJHAL,0.03,Low Risk,73.0,One year,68
4115-UMJFQ,0.03,Low Risk,35.75,One year,69
9483-GCPWE,0.03,Low Risk,20.1,One year,9
7764-BDPEE,0.03,Low Risk,20.85,Month-to-month,3
1431-AIDJQ,0.03,Low Risk,82.1,Two year,33
8815-LMFLX,0.03,Low Risk,25.4,Month-to-month,25
9351-HXDMR,0.03,Low Risk,110.9,Two year,72
1291-CUOCY,0.03,Low Risk,110.6,Two year,72
6322-HRPFA,0.03,Low Risk,59.6,Month-to-month,49
8958-JPTRR,0.03,Low Risk,24.3,One year,56
7470-DYNOE,0.03,Low Risk,61.1,One year,53
1839-UMACK,0.03,Low Risk,25.05,One year,42
0454-OKRCT,0.03,Low Risk,80.6,Two year,33
6156-UZDLF,0.03,Low Risk,87.15,One year,26
5149-CUZUJ,0.03,Low Risk,92.9,One year,28
3841-NFECX,0.03,Low Risk,96.35,Two year,71
5473-KHBPS,0.03,Low Risk,95.7,One year,52
8932-CZHRQ,0.03,Low Risk,76.75,One year,68
0572-ZJKLT,0.03,Low Risk,99.65,Two year,46
2758-RNWXS,0.03,Low Risk,89.2,One year,35
0815-MFZGM,0.03,Low Risk,99.0,Two year,42
9046-DQMTP,0.03,Low Risk,20.75,Month-to-month,35
6261-LHRTG,0.03,Low Risk,54.75,Month-to-month,26
9602-WCXPI,0.03,Low Risk,20.15,One year,50
4893-GYUJU,0.03,Low Risk,19.35,One year,50
4385-ZKVNW,0.03,Low Risk,54.9,Month-to-month,44
3055-VTCGS,0.03,Low Risk,58.55,One year,63
3372-CDXFJ,0.03,Low Risk,24.5,One year,13
0727-BNRLG,0.03,Low Risk,97.65,Two year,69
3099-OONVS,0.03,Low Risk,54.3,Month-to-month,25
7156-MXBJE,0.03,Low Risk,85.1,One year,43
2200-DSAAL,0.03,Low Risk,80.65,Two year,68
7409-JURKQ,0.03,Low Risk,111.8,One year,53
3915-ODIYG,0.03,Low Risk,71.75,One year,60
6625-IUTTT,0.03,Low Risk,65.55,Two year,67
5651-WYIPH,0.03,Low Risk,49.85,Month-to-month,18
7693-QPEFS,0.03,Low Risk,72.95,Month-to-month,52
8292-FRFZQ,0.03,Low Risk,41.15,One year,39
5049-MUBWG,0.03,Low Risk,75.0,One year,26
1548-FEHVL,0.03,Low Risk,106.2,Month-to-month,61
3810-DVDQQ,0.03,Low Risk,117.6,Two year,72
7325-ENZFI,0.03,Low Risk,40.3,One year,39
4393-OBCRR,0.03,Low Risk,20.25,One year,3
1471-GIQKQ,0.03,Low Risk,49.95,Month-to-month,1
6427-FEFIG,0.03,Low Risk,78.6,Two year,24
7279-NMVJC,0.03,Low Risk,19.9,One year,17
6248-TKCQV,0.03,Low Risk,80.6,Two year,70
3806-YAZOV,0.03,Low Risk,18.8,Month-to-month,3
5183-KLYEM,0.03,Low Risk,112.75,Two year,72
4717-GHADL,0.03,Low Risk,79.6,Two year,50
3642-GKTCT,0.03,Low Risk,115.1,One year,61
6473-ULUHT,0.03,Low Risk,84.9,Month-to-month,16
8402-EIVQS,0.03,Low Risk,100.9,One year,67
1057-FOGLZ,0.03,Low Risk,19.65,Month-to-month,18
8727-XDPUD,0.03,Low Risk,35.8,Two year,37
6749-UTDVX,0.03,Low Risk,103.65,Two year,72
3709-OIJEA,0.03,Low Risk,85.2,One year,26
7602-MVRMB,0.03,Low Risk,110.45,Two year,72
5232-NXPAY,0.03,Low Risk,74.45,Two year,47
5676-CFLYY,0.03,Low Risk,73.35,Two year,71
1302-TPUBN,0.03,Low Risk,19.35,Two year,66
3705-RHRFR,0.03,Low Risk,99.15,Two year,69
3090-QFUVD,0.03,Low Risk,20.3,Month-to-month,1
1535-VTJOQ,0.03,Low Risk,25.15,Two year,24
6734-FQAJX,0.03,Low Risk,105.05,Two year,67
9867-XOBQA,0.03,Low Risk,53.15,Two year,21
6244-BESBM,0.03,Low Risk,95.2,Two year,69
7524-VRLPL,0.03,Low Risk,74.1,Two year,69
5542-NKVRU,0.03,Low Risk,20.75,Two year,42
2661-GKBTK,0.03,Low Risk,76.95,Two year,60
9987-LUTYD,0.03,Low Risk,55.15,One year,13
2391-IPLOP,0.03,Low Risk,69.65,One year,50
8309-PPCED,0.03,Low Risk,110.45,Two year,72
4707-YNOQA,0.03,Low Risk,25.6,One year,34
8405-IGQFX,0.03,Low Risk,90.05,One year,63
7205-BAIAD,0.03,Low Risk,20.6,Two year,40
1991-VOPLL,0.03,Low Risk,19.05,Month-to-month,9
5151-HQRDG,0.03,Low Risk,55.05,Month-to-month,37
0665-XHDJU,0.03,Low Risk,99.4,Two year,72
3551-GAEGL,0.03,Low Risk,30.4,One year,34
8510-TMWYB,0.03,Low Risk,59.8,Two year,54
1090-PYKCI,0.03,Low Risk,105.1,One year,69
9500-IWPXQ,0.03,Low Risk,79.4,One year,61
1480-IVEVR,0.03,Low Risk,81.6,One year,35
9067-YGSCA,0.03,Low Risk,26.05,One year,70
2812-REYAT,0.03,Low Risk,20.05,One year,49
5985-BEHZK,0.03,Low Risk,105.0,One year,72
3936-QQFLL,0.03,Low Risk,19.75,Month-to-month,2
9798-DRYDS,0.03,Low Risk,61.95,One year,17
6620-HVDUJ,0.03,Low Risk,60.45,Month-to-month,24
3863-QSTYI,0.03,Low Risk,64.65,Month-to-month,59
7472-EQOAV,0.03,Low Risk,86.7,One year,71
2387-KDZQY,0.03,Low Risk,20.1,One year,17
9695-IDRZR,0.03,Low Risk,116.15,Two year,34
7138-GIRSH,0.03,Low Risk,69.5,Two year,50
5815-HGGHV,0.03,Low Risk,64.15,One year,20
2330-PQGDQ,0.03,Low Risk,84.2,One year,51
0516-UXRMT,0.03,Low Risk,92.05,One year,62
1769-GRUIK,0.03,Low Risk,71.1,Month-to-month,18
1320-GVNHT,0.03,Low Risk,108.4,Two year,72
2469-DTSGX,0.03,Low Risk,111.65,Two year,72
4713-ZBURT,0.03,Low Risk,99.7,Two year,45
3173-NVMPX,0.03,Low Risk,55.3,Month-to-month,9
4195-SMMNX,0.03,Low Risk,20.35,Month-to-month,2
7208-PSIHR,0.03,Low Risk,104.3,Two year,70
9451-WLYRI,0.03,Low Risk,19.05,One year,53
9570-KYEUA,0.03,Low Risk,99.25,Two year,64
0463-TXOAK,0.03,Low Risk,25.6,Two year,52
5803-NQJZO,0.03,Low Risk,67.8,Two year,72
6292-TOSSS,0.03,Low Risk,24.9,Two year,50
9764-REAFF,0.03,Low Risk,18.4,Two year,59
7501-IWUNG,0.03,Low Risk,73.8,Two year,61
2843-CQMEG,0.03,Low Risk,49.7,Month-to-month,24
0345-XMMUG,0.03,Low Risk,108.9,Two year,46
7471-MQPOS,0.03,Low Risk,72.9,One year,71
4114-QMKVN,0.03,Low Risk,68.75,One year,56
4304-TSPVK,0.03,Low Risk,114.9,Two year,68
8845-LWKGE,0.03,Low Risk,64.5,One year,30
7663-CUXZB,0.03,Low Risk,113.75,Two year,59
6295-OSINB,0.03,Low Risk,109.65,Two year,72
9620-QJREV,0.03,Low Risk,20.55,One year,47
9755-JHNMN,0.03,Low Risk,67.4,Two year,49
9769-TSBZE,0.03,Low Risk,66.0,Two year,70
6663-JOCQO,0.03,Low Risk,75.25,One year,31
1543-LLLFT,0.03,Low Risk,98.3,One year,61
0096-FCPUF,0.03,Low Risk,64.5,Month-to-month,30
5067-WJEUN,0.03,Low Risk,54.2,Two year,67
8780-RSYYU,0.03,Low Risk,19.2,Month-to-month,25
6967-PEJLL,0.03,Low Risk,40.2,One year,37
1370-GGAWX,0.03,Low Risk,94.15,One year,46
5855-EIBDE,0.03,Low Risk,106.65,Two year,49
8231-BSWXX,0.03,Low Risk,79.05,One year,71
8329-UTMVM,0.03,Low Risk,104.65,One year,27
6791-YBNAK,0.03,Low Risk,25.55,Month-to-month,18
4381-MHQDC,0.03,Low Risk,65.0,Two year,47
2521-NPUZR,0.03,Low Risk,101.0,Two year,70
3282-ZISZV,0.03,Low Risk,83.7,One year,32
6621-YOBKI,0.03,Low Risk,20.35,Month-to-month,5
0993-OSGPT,0.03,Low Risk,60.65,One year,68
2085-JVGAD,0.03,Low Risk,20.35,Month-to-month,37
7109-MFBYV,0.03,Low Risk,45.45,Month-to-month,26
1752-OZXFY,0.03,Low Risk,59.8,One year,60
4111-BNXIF,0.03,Low Risk,59.55,Two year,67
5014-WUQMG,0.03,Low Risk,96.1,One year,47
3012-VFFMN,0.03,Low Risk,20.65,Month-to-month,7
1563-IWQEX,0.03,Low Risk,19.7,Month-to-month,12
2519-TWKFS,0.03,Low Risk,55.1,One year,25
2294-SALNE,0.03,Low Risk,86.8,One year,23
8268-YDIXR,0.03,Low Risk,93.15,One year,56
1960-UOTYM,0.03,Low Risk,79.2,Two year,52
1904-WAJAA,0.03,Low Risk,64.35,Two year,24
9565-FLVCG,0.03,Low Risk,69.55,Two year,65
5872-OEQNH,0.03,Low Risk,44.45,One year,60
1684-FLBGS,0.03,Low Risk,69.5,Month-to-month,23
2030-BTZRO,0.03,Low Risk,20.4,Two year,6
0248-PGHBZ,0.03,Low Risk,92.45,Two year,67
8016-ZMGMO,0.03,Low Risk,70.85,One year,66
3662-FXJFO,0.03,Low Risk,20.5,Two year,54
0459-SPZHJ,0.03,Low Risk,83.5,Two year,63
4377-VDHYI,0.03,Low Risk,90.8,One year,32
4667-QONEA,0.03,Low Risk,74.85,One year,60
6582-PLFUU,0.03,Low Risk,19.55,Two year,51
2267-WTPYD,0.03,Low Risk,94.0,Month-to-month,57
3120-FAZKD,0.03,Low Risk,24.05,Two year,54
7853-WNZSY,0.03,Low Risk,19.75,Month-to-month,1
0178-CIIKR,0.03,Low Risk,19.95,Month-to-month,3
9619-GSATL,0.03,Low Risk,55.45,One year,43
3547-LQRIK,0.03,Low Risk,26.9,One year,47
1936-CZAKF,0.03,Low Risk,49.65,Two year,49
8259-DZLIZ,0.03,Low Risk,53.85,One year,64
0619-OLYUR,0.03,Low Risk,111.9,Two year,72
6349-JDHQP,0.03,Low Risk,19.85,Two year,53
0254-WWRKD,0.03,Low Risk,50.55,One year,67
3487-EARAT,0.03,Low Risk,74.1,One year,70
1862-QRWPE,0.03,Low Risk,20.65,Two year,48
7674-YTAFD,0.03,Low Risk,79.95,One year,33
3847-BAERP,0.03,Low Risk,20.9,Month-to-month,10
6082-GLJIX,0.03,Low Risk,19.25,Month-to-month,18
7175-NTIXE,0.03,Low Risk,76.15,Month-to-month,25
2640-LYMOV,0.03,Low Risk,19.65,Month-to-month,2
0725-CXOTM,0.03,Low Risk,89.65,One year,36
8232-CTLKO,0.03,Low Risk,59.75,Two year,66
2954-PIBKO,0.03,Low Risk,64.15,Two year,69
8670-ERCJH,0.03,Low Risk,113.4,Two year,72
0533-UCAAU,0.03,Low Risk,71.1,One year,57
4223-BKEOR,0.03,Low Risk,64.85,One year,21
0743-HNPFG,0.03,Low Risk,69.75,One year,51
7285-KLOTR,0.03,Low Risk,78.85,One year,12
5453-YBTWV,0.03,Low Risk,101.1,Two year,70
7157-SMCFK,0.03,Low Risk,19.75,Two year,61
4821-WQOYN,0.03,Low Risk,20.1,Two year,72
2272-WUSPA,0.03,Low Risk,110.75,Two year,72
1282-IHQAC,0.03,Low Risk,44.05,One year,70
9405-GPBBG,0.03,Low Risk,110.5,Two year,64
9364-YKUVW,0.03,Low Risk,19.8,Month-to-month,15
8668-KNZTI,0.03,Low Risk,53.75,One year,52
9746-YKGXB,0.03,Low Risk,44.25,One year,52
8208-EUMTE,0.03,Low Risk,54.85,Two year,16
0440-UEDAI,0.03,Low Risk,94.45,One year,53
1337-BOZWO,0.03,Low Risk,46.4,One year,18
3926-YZVVX,0.03,Low Risk,50.05,One year,41
3082-WQRVY,0.03,Low Risk,19.65,One year,14
6229-UOLQL,0.03,Low Risk,52.0,One year,56
2233-TXSIU,0.03,Low Risk,44.45,One year,17
0106-UGRDO,0.03,Low Risk,116.0,Two year,69
1063-DHQJF,0.03,Low Risk,92.15,Two year,69
3283-WCWXT,0.02,Low Risk,25.4,Two year,6
6250-CGGUN,0.02,Low Risk,84.4,One year,54
9588-YRFHY,0.02,Low Risk,19.9,Two year,49
6319-QSUSR,0.02,Low Risk,19.7,Month-to-month,11
4877-TSOFF,0.02,Low Risk,75.75,One year,55
3258-SYSWS,0.02,Low Risk,113.8,Two year,72
3078-ZKNTS,0.02,Low Risk,19.75,Two year,13
5519-TEEUH,0.02,Low Risk,20.15,One year,33
0603-OLQDC,0.02,Low Risk,69.85,Month-to-month,12
6603-YRDCJ,0.02,Low Risk,61.05,Two year,33
7688-AWMDX,0.02,Low Risk,54.5,Two year,71
8746-BFOAJ,0.02,Low Risk,20.5,One year,21
5306-BVTKJ,0.02,Low Risk,55.8,One year,48
2690-DVRVK,0.02,Low Risk,20.55,One year,5
8659-HDIYE,0.02,Low Risk,74.65,Month-to-month,64
9750-BOOHV,0.02,Low Risk,30.15,One year,32
8318-LCNBW,0.02,Low Risk,53.15,One year,35
5451-MHQOF,0.02,Low Risk,24.45,One year,56
0121-SNYRK,0.02,Low Risk,35.4,One year,50
2091-GPPIQ,0.02,Low Risk,78.95,Two year,72
3410-YOQBQ,0.02,Low Risk,79.2,Two year,31
4942-VZZOM,0.02,Low Risk,66.15,One year,64
6682-VCIXC,0.02,Low Risk,51.25,One year,43
4102-HLENU,0.02,Low Risk,65.65,Two year,67
5135-GRQJV,0.02,Low Risk,114.5,Two year,72
0526-SXDJP,0.02,Low Risk,42.1,Two year,72
6766-HFKLA,0.02,Low Risk,103.2,Two year,56
2451-YMUXS,0.02,Low Risk,64.55,Two year,67
6036-TTFYU,0.02,Low Risk,19.6,Month-to-month,16
4881-GQJTW,0.02,Low Risk,19.6,Month-to-month,14
9441-QHEVC,0.02,Low Risk,19.1,Month-to-month,1
1755-RMCXH,0.02,Low Risk,20.3,Month-to-month,2
9730-DRTMJ,0.02,Low Risk,72.8,One year,32
8174-TBVCF,0.02,Low Risk,94.8,Two year,70
0655-YDGFJ,0.02,Low Risk,48.95,Month-to-month,29
9659-ZTWSM,0.02,Low Risk,107.35,One year,66
2896-TBNBE,0.02,Low Risk,80.8,One year,40
7244-QWYHG,0.02,Low Risk,44.45,One year,50
5593-SUAOO,0.02,Low Risk,83.15,One year,24
1641-BYBTK,0.02,Low Risk,20.2,Month-to-month,6
4680-KUTAJ,0.02,Low Risk,55.6,Month-to-month,11
1414-YADCW,0.02,Low Risk,84.6,Two year,70
4419-UJMUS,0.02,Low Risk,99.35,Two year,69
9489-DEDVP,0.02,Low Risk,69.2,Two year,70
4565-EVZMJ,0.02,Low Risk,58.9,One year,47
0052-YNYOT,0.02,Low Risk,20.55,One year,67
2296-DKZFP,0.02,Low Risk,71.0,Two year,65
7306-YDSOI,0.02,Low Risk,59.75,Two year,69
1430-SFQSA,0.02,Low Risk,35.6,One year,29
8763-KIAFH,0.02,Low Risk,20.55,One year,27
6439-PKTRR,0.02,Low Risk,80.7,Two year,70
9391-LMANN,0.02,Low Risk,95.95,One year,53
6072-NUQCB,0.02,Low Risk,20.25,One year,22
3902-MIVLE,0.02,Low Risk,75.7,Two year,63
3057-VJJQE,0.02,Low Risk,55.25,Two year,35
2361-UPSND,0.02,Low Risk,70.6,One year,46
9220-CXRSC,0.02,Low Risk,61.4,Two year,69
5062-CJJKH,0.02,Low Risk,53.65,One year,25
2351-RRBUE,0.02,Low Risk,20.65,One year,7
9715-WZCLW,0.02,Low Risk,97.2,Two year,71
4039-PIMHX,0.02,Low Risk,49.8,Two year,49
6252-DFGTK,0.02,Low Risk,68.1,One year,37
1498-DQNRX,0.02,Low Risk,19.85,Month-to-month,29
6171-ZTVYB,0.02,Low Risk,66.25,Month-to-month,43
9705-ZJBCG,0.02,Low Risk,54.15,One year,13
5320-BRKGK,0.02,Low Risk,75.8,Two year,58
2851-MMUTZ,0.02,Low Risk,56.15,Month-to-month,27
8605-ITULD,0.02,Low Risk,19.55,Month-to-month,1
3733-UOCWF,0.02,Low Risk,85.55,One year,61
3638-WEABW,0.02,Low Risk,59.9,Two year,58
3230-IUALN,0.02,Low Risk,81.0,Two year,45
4057-FKCZK,0.02,Low Risk,82.5,Two year,58
1015-OWJKI,0.02,Low Risk,19.05,Month-to-month,1
3887-PBQAO,0.02,Low Risk,25.9,One year,45
9194-GFVOI,0.02,Low Risk,84.35,Two year,42
9618-LFJRU,0.02,Low Risk,20.45,Month-to-month,4
4616-EWBNJ,0.02,Low Risk,20.1,One year,16
2229-VWQJH,0.02,Low Risk,49.3,Month-to-month,24
0716-BQNDX,0.02,Low Risk,93.75,Two year,57
4598-ZADCK,0.02,Low Risk,53.6,One year,53
6303-KFWSL,0.02,Low Risk,55.25,One year,29
0804-YGEQV,0.02,Low Risk,24.45,One year,43
9762-YAQAA,0.02,Low Risk,81.4,One year,39
0343-QLUZP,0.02,Low Risk,39.6,Two year,60
3374-PZLXD,0.02,Low Risk,19.7,Month-to-month,34
6518-PPLMZ,0.02,Low Risk,19.4,Two year,53
7560-QRBXH,0.02,Low Risk,19.95,One year,48
0756-MPZRL,0.02,Low Risk,33.7,One year,46
9027-TMATR,0.02,Low Risk,78.8,Two year,43
9500-WBGRP,0.02,Low Risk,19.1,Two year,69
2589-AYCRP,0.02,Low Risk,19.75,One year,50
8148-BPLZQ,0.02,Low Risk,49.8,Month-to-month,34
3696-XRIEN,0.02,Low Risk,82.5,One year,50
8967-SZQAS,0.02,Low Risk,50.45,Month-to-month,14
3658-QQJYD,0.02,Low Risk,74.3,One year,62
4163-HFTUK,0.02,Low Risk,19.1,One year,51
3982-DQLUS,0.02,Low Risk,85.75,Month-to-month,65
1301-LOPVR,0.02,Low Risk,55.35,One year,29
4137-JOPHL,0.02,Low Risk,89.7,Two year,50
7801-CEDNV,0.02,Low Risk,48.7,One year,27
5930-GBIWP,0.02,Low Risk,81.5,Two year,69
4423-JWZJN,0.02,Low Risk,90.25,One year,64
9359-UGBTK,0.02,Low Risk,72.35,One year,67
0731-EBJQB,0.02,Low Risk,20.4,One year,52
6543-JXSOO,0.02,Low Risk,57.75,One year,23
5338-YHWYT,0.02,Low Risk,61.45,Two year,37
9631-RXVJM,0.02,Low Risk,19.25,Two year,35
4456-RHSNB,0.02,Low Risk,49.6,Month-to-month,19
7005-CYUIL,0.02,Low Risk,99.4,Two year,71
8540-ZQGEA,0.02,Low Risk,20.05,Two year,54
8241-JUIQO,0.02,Low Risk,19.45,One year,61
4808-YNLEU,0.02,Low Risk,62.15,One year,35
2958-NHPPS,0.02,Low Risk,20.85,Month-to-month,23
0455-ENTCR,0.02,Low Risk,85.25,Two year,66
0074-HDKDG,0.02,Low Risk,61.6,One year,25
1866-NXPSP,0.02,Low Risk,75.55,One year,36
2300-RQGOI,0.02,Low Risk,20.05,Two year,38
7029-IJEJK,0.02,Low Risk,44.1,One year,54
3212-KXOCR,0.02,Low Risk,21.0,Two year,52
8630-QSGXK,0.02,Low Risk,75.2,Two year,51
8060-HIWJJ,0.02,Low Risk,86.55,Two year,64
8871-JLMHM,0.02,Low Risk,90.2,Two year,68
4936-YPJNK,0.02,Low Risk,19.9,Month-to-month,10
8659-IOOPU,0.02,Low Risk,100.45,Two year,71
5995-WWKKG,0.02,Low Risk,19.8,One year,37
8590-YFFQO,0.02,Low Risk,64.95,Two year,70
7643-RCHXS,0.02,Low Risk,19.35,Two year,63
2138-VFAPZ,0.02,Low Risk,19.7,Two year,14
3889-VWBID,0.02,Low Risk,82.85,Two year,68
2348-KCJLT,0.02,Low Risk,61.5,One year,44
0757-WCUUZ,0.02,Low Risk,63.35,Two year,54
3088-FVYWK,0.02,Low Risk,25.55,Two year,53
5266-PFRQK,0.02,Low Risk,20.85,One year,52
6765-MBQNU,0.02,Low Risk,26.0,One year,26
1303-SRDOK,0.02,Low Risk,69.05,Two year,55
6509-TSGWN,0.02,Low Risk,26.45,Month-to-month,37
5985-TBABQ,0.02,Low Risk,74.75,One year,32
3736-BLEPA,0.02,Low Risk,91.25,One year,28
3249-VHRIP,0.02,Low Risk,43.6,Two year,62
3981-QSVQI,0.02,Low Risk,19.7,Month-to-month,8
9978-HYCIN,0.02,Low Risk,84.95,One year,47
7633-MVPUY,0.02,Low Risk,59.75,Two year,57
0234-TEVTT,0.02,Low Risk,45.0,One year,48
9513-DXHDA,0.02,Low Risk,81.7,One year,27
8024-XNAFQ,0.02,Low Risk,107.4,Two year,72
2160-GPFXD,0.02,Low Risk,65.65,Two year,54
6463-HHXJR,0.02,Low Risk,100.5,Two year,71
9367-OIUXP,0.02,Low Risk,20.7,Month-to-month,4
0743-HRVFF,0.02,Low Risk,56.15,One year,51
7623-HKYRK,0.02,Low Risk,19.7,Month-to-month,6
0310-SUCIN,0.02,Low Risk,84.8,One year,71
9411-TPQQV,0.02,Low Risk,54.55,One year,40
7994-XIRTR,0.02,Low Risk,65.25,One year,54
2680-XKKNJ,0.02,Low Risk,58.2,One year,8
3308-JSGML,0.02,Low Risk,64.05,Two year,59
4091-TVOCN,0.02,Low Risk,78.75,One year,48
9931-KGHOA,0.02,Low Risk,55.0,Month-to-month,46
5198-EFNBM,0.02,Low Risk,90.65,One year,57
1357-MVDOZ,0.02,Low Risk,59.65,Month-to-month,11
4054-CUMIA,0.02,Low Risk,20.25,Month-to-month,18
8996-ZROXE,0.02,Low Risk,53.5,One year,57
8314-DPQHL,0.02,Low Risk,50.8,One year,9
0848-SOMKO,0.02,Low Risk,48.4,Two year,70
5469-NUJUR,0.02,Low Risk,19.95,Two year,19
5196-WPYOW,0.02,Low Risk,60.05,One year,67
1686-STUHN,0.02,Low Risk,19.8,One year,42
3214-IYUUQ,0.02,Low Risk,93.7,One year,61
7021-XSNYE,0.02,Low Risk,49.65,Two year,7
2577-GVSIL,0.02,Low Risk,73.45,One year,35
1402-PTHGN,0.02,Low Risk,61.5,One year,18
7581-EBBOU,0.02,Low Risk,70.15,One year,60
7622-FWGEW,0.02,Low Risk,85.65,Two year,56
2040-OBMLJ,0.02,Low Risk,81.7,One year,31
4312-GVYNH,0.02,Low Risk,49.85,Two year,70
4815-YOSUK,0.02,Low Risk,104.9,One year,72
8859-AXJZP,0.02,Low Risk,23.8,Two year,39
3174-AKMAS,0.02,Low Risk,64.2,Two year,46
5961-VUSRV,0.02,Low Risk,19.35,One year,12
6922-NCEDI,0.02,Low Risk,21.2,One year,56
0536-ESJEP,0.02,Low Risk,74.55,Two year,54
1984-GPTEH,0.02,Low Risk,25.15,Month-to-month,29
4654-GGUII,0.02,Low Risk,40.2,One year,18
8879-XUAHX,0.02,Low Risk,116.25,Two year,71
7375-WMVMT,0.02,Low Risk,95.5,Two year,71
5177-RVZNU,0.02,Low Risk,20.3,One year,37
2878-RMWXY,0.02,Low Risk,102.65,Two year,72
3401-URHDA,0.02,Low Risk,59.9,One year,51
7542-CYDDM,0.02,Low Risk,20.05,Month-to-month,18
0229-LFJAF,0.02,Low Risk,69.65,Two year,72
8619-IJNDK,0.02,Low Risk,64.05,Two year,71
4950-HKQTE,0.02,Low Risk,26.25,Two year,22
5915-ANOEI,0.02,Low Risk,79.15,Two year,70
6670-MFRPK,0.02,Low Risk,79.2,Two year,69
7564-GHCVB,0.02,Low Risk,79.05,Two year,72
3050-RLLXC,0.02,Low Risk,81.25,Two year,56
4056-QHXHZ,0.02,Low Risk,107.45,Two year,72
2499-AJYUA,0.02,Low Risk,110.8,Two year,72
6425-JWTDV,0.02,Low Risk,19.25,Two year,48
3640-JQGJG,0.02,Low Risk,44.8,Month-to-month,13
2578-JQPHZ,0.02,Low Risk,100.1,Two year,44
8849-PRIQJ,0.02,Low Risk,109.4,One year,67
8409-WQJUX,0.02,Low Risk,54.2,One year,25
7706-DZNKK,0.02,Low Risk,20.45,Month-to-month,11
7762-ONLJY,0.02,Low Risk,19.7,One year,6
5795-BKOYE,0.02,Low Risk,59.1,One year,69
7054-DMVAS,0.02,Low Risk,65.3,Two year,54
8069-RHUXK,0.02,Low Risk,35.7,Two year,67
8760-ZRHKE,0.02,Low Risk,69.2,One year,71
6476-EPYZR,0.02,Low Risk,20.5,Month-to-month,12
0374-FIUCA,0.02,Low Risk,20.4,Two year,65
8220-OCUFY,0.02,Low Risk,60.25,One year,21
9067-SQTNS,0.02,Low Risk,20.6,One year,44
8628-MFKAX,0.02,Low Risk,116.75,Two year,72
4923-ADWXJ,0.02,Low Risk,65.8,Month-to-month,25
0906-QVPMS,0.02,Low Risk,115.15,Two year,72
2834-JKOOW,0.02,Low Risk,45.9,One year,15
3244-CQPHU,0.02,Low Risk,110.1,Two year,72
8454-AATJP,0.02,Low Risk,115.05,Two year,72
2164-SOQXL,0.02,Low Risk,20.05,Month-to-month,20
5993-JSUWV,0.02,Low Risk,61.15,Two year,66
6166-YIPFO,0.02,Low Risk,64.7,Two year,72
1955-IBMMB,0.02,Low Risk,20.2,Two year,59
2649-HWLYB,0.02,Low Risk,76.15,Two year,65
4328-VUFWD,0.02,Low Risk,59.3,One year,39
3704-IEAXF,0.02,Low Risk,53.65,Two year,72
6838-HVLXG,0.02,Low Risk,20.3,Month-to-month,12
2969-VAPYH,0.02,Low Risk,60.5,One year,67
7302-ZHMHP,0.02,Low Risk,19.15,Month-to-month,1
8922-NPKBJ,0.02,Low Risk,19.35,Two year,42
1122-YJBCS,0.02,Low Risk,53.65,One year,69
5324-KTGCG,0.02,Low Risk,20.85,One year,71
4369-NYSCF,0.02,Low Risk,75.75,One year,56
0565-JUPYD,0.02,Low Risk,104.5,One year,63
4909-JOUPP,0.02,Low Risk,109.7,Two year,72
5176-LDKUH,0.02,Low Risk,75.15,One year,48
9558-IHEZX,0.02,Low Risk,106.75,Two year,71
3938-YFPXD,0.02,Low Risk,84.3,Two year,72
2342-CKIAO,0.02,Low Risk,20.3,Month-to-month,2
9163-GHAYE,0.02,Low Risk,48.85,Month-to-month,15
5446-DKWYW,0.02,Low Risk,65.2,One year,61
5939-XAIXZ,0.02,Low Risk,56.1,Month-to-month,19
5808-TOTXO,0.02,Low Risk,20.55,One year,3
0519-DRGTI,0.02,Low Risk,20.35,Month-to-month,20
4163-NCJAK,0.02,Low Risk,24.45,One year,46
9076-AXYIK,0.02,Low Risk,102.1,Two year,64
9967-ATRFS,0.02,Low Risk,19.9,Month-to-month,19
1708-PBBOA,0.02,Low Risk,54.75,One year,42
3468-DRVQJ,0.02,Low Risk,70.3,One year,10
5203-XEHAX,0.02,Low Risk,64.35,One year,34
9236-NDUCW,0.02,Low Risk,35.1,Two year,21
7777-UNYHB,0.02,Low Risk,20.1,Month-to-month,12
6859-QNXIQ,0.02,Low Risk,113.1,Two year,72
0742-LAFQK,0.02,Low Risk,99.15,Two year,72
3606-SBKRY,0.02,Low Risk,50.05,One year,31
2235-EZAIK,0.02,Low Risk,79.2,Two year,72
5640-CAXOA,0.02,Low Risk,40.35,One year,30
5622-UEJFI,0.02,Low Risk,25.4,Two year,35
6253-GNHWH,0.02,Low Risk,71.1,Two year,71
4568-KNYWR,0.02,Low Risk,63.25,Two year,52
5075-JSDKI,0.02,Low Risk,24.45,Two year,59
8080-POTJR,0.02,Low Risk,79.3,One year,30
5756-JYOJT,0.02,Low Risk,64.9,One year,11
8606-OEGQZ,0.02,Low Risk,25.3,Two year,18
3133-PZNSR,0.02,Low Risk,97.75,Two year,72
2995-YWTCD,0.02,Low Risk,24.9,Two year,19
6332-FBZRI,0.02,Low Risk,69.35,One year,67
2606-PKWJB,0.02,Low Risk,40.25,One year,40
0103-CSITQ,0.02,Low Risk,109.4,One year,57
7305-ZWMAJ,0.02,Low Risk,20.7,One year,30
0188-GWFLE,0.02,Low Risk,20.05,Month-to-month,2
6164-HAQTX,0.02,Low Risk,53.95,Two year,71
4837-QUSFT,0.02,Low Risk,100.15,One year,65
1544-JJMYL,0.02,Low Risk,69.35,One year,27
2866-IKBTM,0.02,Low Risk,19.55,Month-to-month,1
5176-LMJXE,0.02,Low Risk,20.55,Two year,47
3985-HOYPM,0.02,Low Risk,19.4,One year,26
9138-EFSMO,0.02,Low Risk,78.95,One year,26
8138-EALND,0.02,Low Risk,19.75,Month-to-month,15
7247-XOZPB,0.02,Low Risk,77.4,One year,53
6384-VMJHP,0.02,Low Risk,73.0,Two year,72
3750-RNQKR,0.02,Low Risk,19.45,Month-to-month,12
7446-SFAOA,0.02,Low Risk,19.85,One year,37
0305-SQECB,0.02,Low Risk,36.05,One year,11
5278-PNYOX,0.02,Low Risk,100.65,Two year,49
9330-VOFSZ,0.02,Low Risk,110.8,Two year,60
6463-MVYRY,0.02,Low Risk,69.85,Two year,57
5055-BRMNE,0.02,Low Risk,106.7,Two year,67
1150-FTQGN,0.02,Low Risk,94.15,One year,60
5214-NLTIT,0.02,Low Risk,90.8,Two year,72
2040-LDIWQ,0.02,Low Risk,84.2,Two year,65
5199-FPUSP,0.02,Low Risk,34.05,One year,33
3950-VPYJB,0.02,Low Risk,59.6,One year,57
5384-ZTTWP,0.02,Low Risk,19.8,Month-to-month,15
0862-PRCBS,0.02,Low Risk,103.75,Two year,68
4425-OWHWB,0.02,Low Risk,19.35,One year,20
5110-CHOPY,0.02,Low Risk,53.6,Two year,60
2430-RRYUW,0.02,Low Risk,54.8,One year,66
4445-KWOKW,0.02,Low Risk,60.15,One year,42
6013-BHCAW,0.02,Low Risk,81.0,Two year,61
8097-OMULG,0.02,Low Risk,76.75,One year,59
9691-HKOVS,0.02,Low Risk,90.15,One year,55
5716-EZXZN,0.02,Low Risk,99.05,Two year,65
1407-DIGZV,0.02,Low Risk,19.1,Two year,3
6925-BAYGL,0.02,Low Risk,25.1,Two year,53
5787-KXGIY,0.02,Low Risk,19.3,Two year,72
4890-VMUAV,0.02,Low Risk,71.5,One year,63
6115-ZTBFQ,0.02,Low Risk,65.5,Two year,72
1848-LBZHY,0.02,Low Risk,50.3,Month-to-month,7
8792-AOROI,0.02,Low Risk,65.5,Two year,8
8957-THMOA,0.02,Low Risk,20.15,Two year,50
8975-SKGRX,0.02,Low Risk,116.1,Two year,71
5986-WWXDV,0.02,Low Risk,19.35,One year,39
7153-CHRBV,0.02,Low Risk,59.3,One year,57
0206-OYVOC,0.02,Low Risk,19.25,Two year,46
7997-EASSD,0.02,Low Risk,81.2,One year,63
3594-UVONA,0.02,Low Risk,85.95,One year,35
1987-AUELQ,0.02,Low Risk,25.05,Two year,71
4822-LPTYJ,0.02,Low Risk,103.75,Two year,72
3977-QCRSL,0.02,Low Risk,20.15,Month-to-month,5
3546-GHEAE,0.02,Low Risk,19.45,Two year,7
4819-HJPIW,0.02,Low Risk,25.15,Month-to-month,18
8387-UGUSU,0.02,Low Risk,20.05,Month-to-month,15
6872-HXFNF,0.02,Low Risk,58.35,One year,64
3620-EHIMZ,0.02,Low Risk,19.35,Two year,52
0017-DINOC,0.02,Low Risk,45.2,Two year,54
5668-MEISB,0.02,Low Risk,106.1,Two year,72
7269-JISCY,0.02,Low Risk,45.05,One year,55
9055-MOJJJ,0.02,Low Risk,65.8,One year,64
7860-KSUGX,0.02,Low Risk,64.45,Two year,72
2928-HLDBA,0.02,Low Risk,20.7,Month-to-month,6
9040-KZVWO,0.02,Low Risk,75.5,One year,26
4350-ZTLPI,0.02,Low Risk,108.95,One year,53
4065-JJAVA,0.02,Low Risk,49.5,Month-to-month,1
5149-QYTTU,0.02,Low Risk,95.15,One year,71
3507-GASNP,0.02,Low Risk,19.95,Two year,60
5789-LDFXO,0.02,Low Risk,24.6,One year,24
1309-XGFSN,0.02,Low Risk,80.85,One year,52
2926-JEJJC,0.02,Low Risk,20.2,One year,8
7492-TAFJD,0.02,Low Risk,38.55,Two year,7
7349-ALMUX,0.02,Low Risk,65.6,Two year,37
9782-LGXMC,0.02,Low Risk,61.75,Month-to-month,49
3511-BFTJW,0.02,Low Risk,38.5,Two year,72
8401-EMUWF,0.02,Low Risk,69.4,Month-to-month,42
7242-EDTYC,0.02,Low Risk,19.55,Two year,44
9503-XJUME,0.02,Low Risk,19.65,One year,52
2724-FJDYW,0.02,Low Risk,54.85,One year,39
1206-EHBDD,0.02,Low Risk,80.3,Two year,56
3460-TJBWI,0.02,Low Risk,24.2,Two year,24
9046-JBFWA,0.02,Low Risk,19.15,Month-to-month,27
3896-ZVNET,0.02,Low Risk,24.7,Two year,24
3850-OKINF,0.02,Low Risk,66.2,One year,71
7940-UQQUG,0.02,Low Risk,104.4,One year,64
0973-KYVNF,0.02,Low Risk,70.65,Two year,72
6461-PPAXN,0.02,Low Risk,54.95,One year,35
0556-FJEGU,0.02,Low Risk,70.1,Two year,58
6374-AFWOX,0.02,Low Risk,65.65,Two year,46
1383-EZRWL,0.02,Low Risk,20.05,Month-to-month,7
7353-YOWFP,0.02,Low Risk,20.25,One year,7
9070-BCKQP,0.02,Low Risk,110.15,Two year,72
6861-OKBCE,0.02,Low Risk,20.1,Month-to-month,11
1627-AFWVJ,0.02,Low Risk,19.4,Two year,29
6440-DKQGE,0.02,Low Risk,64.5,One year,30
8990-YOZLV,0.02,Low Risk,66.9,Two year,69
5825-XJOCM,0.02,Low Risk,64.4,One year,48
3224-DFQNQ,0.02,Low Risk,89.0,One year,66
6648-INWPS,0.02,Low Risk,20.15,Month-to-month,16
3521-MNKLV,0.02,Low Risk,49.7,Month-to-month,24
5774-QPLTF,0.02,Low Risk,20.35,One year,50
1036-GUDCL,0.02,Low Risk,79.05,Month-to-month,60
9931-DCEZH,0.02,Low Risk,54.4,One year,28
7995-ZHHNZ,0.02,Low Risk,56.1,One year,42
7779-ORAEL,0.02,Low Risk,75.15,Two year,45
3726-TBHQT,0.02,Low Risk,114.0,Two year,71
5989-AXPUC,0.02,Low Risk,118.6,Two year,68
1937-OTUKY,0.02,Low Risk,98.2,Two year,72
4547-FZJWE,0.02,Low Risk,59.45,One year,55
2710-WYVXG,0.02,Low Risk,71.1,Two year,3
7607-QKKTJ,0.02,Low Risk,95.0,One year,45
1573-LGXBA,0.02,Low Risk,97.55,One year,57
4922-CVPDX,0.02,Low Risk,73.5,Two year,26
8631-XVRZL,0.02,Low Risk,20.15,One year,9
8184-WMOFI,0.02,Low Risk,71.4,One year,62
8639-NHQEI,0.02,Low Risk,95.9,Two year,72
2700-LUEVA,0.0133,Low Risk,20.75,Month-to-month,1
5647-URDKA,0.01,Low Risk,19.7,Two year,8
6122-EFVKN,0.01,Low Risk,35.75,Two year,24
5093-FEGLU,0.01,Low Risk,19.65,Two year,47
4698-KVLLG,0.01,Low Risk,19.6,Two year,51
3108-PCCGG,0.01,Low Risk,84.45,Two year,72
4367-NUYAO,0.01,Low Risk,25.75,Two year,0
3389-KTRXV,0.01,Low Risk,23.85,Two year,23
9871-ELEYA,0.01,Low Risk,67.65,Two year,34
9286-BHDQG,0.01,Low Risk,45.25,Two year,72
6064-ZATLR,0.01,Low Risk,52.85,Two year,27
2005-DWQZJ,0.01,Low Risk,19.05,Two year,8
6736-DHUQI,0.01,Low Risk,84.8,One year,67
1089-XZWHH,0.01,Low Risk,19.7,Two year,24
0945-TSONX,0.01,Low Risk,85.3,Two year,47
2863-IMQDR,0.01,Low Risk,89.65,Two year,61
7328-ZJAJO,0.01,Low Risk,19.5,Two year,59
1534-OULXE,0.01,Low Risk,49.7,One year,61
0508-SQWPL,0.01,Low Risk,20.1,Two year,57
8169-SAEJD,0.01,Low Risk,56.55,Two year,69
5850-BDWCY,0.01,Low Risk,20.2,Month-to-month,6
4189-NAKJS,0.01,Low Risk,51.55,One year,26
4896-CPRPF,0.01,Low Risk,25.45,Two year,35
8221-HVAYI,0.01,Low Risk,69.15,Two year,35
0604-THJFP,0.01,Low Risk,75.95,Two year,59
2252-NKNSI,0.01,Low Risk,85.15,Two year,52
1760-CAZHT,0.01,Low Risk,20.8,Month-to-month,25
3544-FBCAS,0.01,Low Risk,83.6,Two year,72
8317-BVKSO,0.01,Low Risk,20.05,Month-to-month,14
9578-FOMUK,0.01,Low Risk,24.8,Month-to-month,15
8265-HKSOW,0.01,Low Risk,107.45,Two year,72
7799-LGRDP,0.01,Low Risk,25.7,Two year,43
4849-PYRLQ,0.01,Low Risk,73.25,Two year,56
9388-ZEYVT,0.01,Low Risk,44.15,One year,43
8711-LOBKY,0.01,Low Risk,19.85,Two year,59
2911-IJORQ,0.01,Low Risk,90.6,One year,37
1352-HNSAW,0.01,Low Risk,115.6,Two year,72
2146-EGVDT,0.01,Low Risk,19.3,Two year,59
6691-CCIHA,0.01,Low Risk,84.95,Two year,62
9294-TDIPC,0.01,Low Risk,20.2,Month-to-month,5
4992-LTJNE,0.01,Low Risk,55.3,Two year,72
3429-IFLEM,0.01,Low Risk,77.35,Two year,71
1338-CECEE,0.01,Low Risk,68.5,One year,41
0104-PPXDV,0.01,Low Risk,50.3,One year,58
6870-ZWMNX,0.01,Low Risk,76.1,Two year,70
7531-GQHME,0.01,Low Risk,20.05,Month-to-month,12
8722-PRFDV,0.01,Low Risk,77.55,Two year,71
4616-ULAOA,0.01,Low Risk,110.8,Two year,65
9788-YTFGE,0.01,Low Risk,19.95,Month-to-month,7
8050-XGRVL,0.01,Low Risk,54.75,One year,62
3649-JPUGY,0.01,Low Risk,88.6,Two year,72
5012-YSPJJ,0.01,Low Risk,54.35,Month-to-month,31
1038-ZAGBI,0.01,Low Risk,19.8,One year,12
6437-UDQJM,0.01,Low Risk,84.1,Two year,72
1074-WVEVG,0.01,Low Risk,20.35,One year,59
2277-AXSDC,0.01,Low Risk,19.75,One year,32
3354-OADJP,0.01,Low Risk,54.25,One year,8
8111-BKVDS,0.01,Low Risk,40.7,Month-to-month,10
0983-TATYJ,0.01,Low Risk,51.45,One year,33
4933-IKULF,0.01,Low Risk,20.65,One year,17
3067-SVMTC,0.01,Low Risk,55.9,One year,68
8896-RAZCR,0.01,Low Risk,19.9,Two year,44
8822-KNBHV,0.01,Low Risk,83.45,One year,48
9560-BBZXK,0.01,Low Risk,31.05,Two year,36
9585-KKMFD,0.01,Low Risk,20.0,Two year,41
9281-CEDRU,0.01,Low Risk,64.1,Two year,68
9801-NOSHQ,0.01,Low Risk,19.8,One year,23
6388-TABGU,0.01,Low Risk,56.15,One year,62
2595-KIWPV,0.01,Low Risk,19.7,Two year,27
9391-TTOYH,0.01,Low Risk,19.5,Month-to-month,23
6260-XLACS,0.01,Low Risk,19.7,One year,4
6953-PBDIN,0.01,Low Risk,72.95,Two year,70
5651-CRHKQ,0.01,Low Risk,86.2,One year,41
0318-ZOPWS,0.01,Low Risk,20.15,Two year,49
0442-TDYUO,0.01,Low Risk,20.05,Two year,48
9795-SHUHB,0.01,Low Risk,58.2,Two year,66
5736-YEJAX,0.01,Low Risk,79.45,Two year,69
9778-OGKQZ,0.01,Low Risk,92.0,Two year,72
0230-UBYPQ,0.01,Low Risk,36.1,One year,63
3800-LYTRK,0.01,Low Risk,55.7,One year,14
1763-KUAAW,0.01,Low Risk,20.35,One year,18
1177-XZBJL,0.01,Low Risk,64.15,One year,53
8204-TIFGJ,0.01,Low Risk,20.3,Month-to-month,23
3315-IKYZQ,0.01,Low Risk,50.8,One year,28
2545-LXYVJ,0.01,Low Risk,20.7,Two year,72
4980-URKXC,0.01,Low Risk,20.85,One year,36
4835-YSJMR,0.01,Low Risk,49.8,Two year,39
2229-DPMBI,0.01,Low Risk,19.5,Two year,8
4945-RVMTE,0.01,Low Risk,59.55,Month-to-month,28
6419-ZTTLE,0.01,Low Risk,20.75,One year,23
2868-LLSKM,0.01,Low Risk,83.65,One year,68
2314-TNDJQ,0.01,Low Risk,55.65,Two year,72
5546-QUERU,0.01,Low Risk,19.95,One year,13
7196-LIWRH,0.01,Low Risk,19.55,Two year,6
7838-LAZFO,0.01,Low Risk,78.8,One year,45
2324-AALNO,0.01,Low Risk,24.55,One year,48
9066-QRSDU,0.01,Low Risk,26.3,One year,69
8909-BOLNL,0.01,Low Risk,21.2,One year,3
7356-AYNJP,0.01,Low Risk,23.9,One year,4
9220-ZNKJI,0.01,Low Risk,88.8,Two year,55
3451-VAWLI,0.01,Low Risk,19.7,Two year,35
4534-WGCIR,0.01,Low Risk,25.15,Two year,58
1354-YZFNB,0.01,Low Risk,19.55,Two year,4
7654-YWJUF,0.01,Low Risk,84.25,One year,43
4024-CSNBY,0.01,Low Risk,94.25,Two year,72
9625-QNLUX,0.01,Low Risk,103.25,Two year,68
5893-KCLGT,0.01,Low Risk,19.75,Two year,72
1459-QNFQT,0.01,Low Risk,59.5,Two year,70
8319-QBEHW,0.01,Low Risk,39.95,One year,26
1722-LDZJS,0.01,Low Risk,20.2,One year,53
4908-XAXAY,0.01,Low Risk,89.85,One year,49
9867-NNXLC,0.01,Low Risk,20.05,Month-to-month,22
2380-DAMQP,0.01,Low Risk,115.15,Two year,72
7954-MLBUN,0.01,Low Risk,99.45,Two year,31
1468-DEFNC,0.01,Low Risk,24.4,Two year,64
9680-NIAUV,0.01,Low Risk,109.7,Two year,72
7665-VIGUD,0.01,Low Risk,20.35,One year,10
2144-ESWKO,0.01,Low Risk,35.2,One year,43
2753-JMMCV,0.01,Low Risk,74.2,Two year,65
1539-LNKHM,0.01,Low Risk,20.4,Month-to-month,12
3831-YCPUO,0.01,Low Risk,109.5,Two year,72
5614-DNZCE,0.01,Low Risk,64.9,Two year,58
0040-HALCW,0.01,Low Risk,20.4,Two year,54
3259-KNMRR,0.01,Low Risk,79.75,Two year,57
9661-JALZV,0.01,Low Risk,24.7,Two year,58
1525-LNLOJ,0.01,Low Risk,63.3,Two year,66
9845-QOMAD,0.01,Low Risk,19.75,One year,14
4312-KFRXN,0.01,Low Risk,25.4,Two year,72
0269-XFESX,0.01,Low Risk,24.35,One year,23
6120-RJKLU,0.01,Low Risk,79.95,Two year,62
9068-VPWQQ,0.01,Low Risk,75.35,Two year,61
7233-PAHHL,0.01,Low Risk,84.0,Two year,66
5313-FPXWG,0.01,Low Risk,24.6,One year,51
8571-ZCMCX,0.01,Low Risk,60.0,Two year,47
7956-XQWGU,0.01,Low Risk,19.4,Month-to-month,27
3170-NMYVV,0.01,Low Risk,20.15,Two year,50
0098-BOWSO,0.01,Low Risk,19.4,Month-to-month,27
8468-FZTOE,0.01,Low Risk,74.35,Two year,72
1929-ZCBHE,0.01,Low Risk,40.3,One year,47
4378-MYPGO,0.01,Low Risk,105.25,Two year,68
7100-FQPRV,0.01,Low Risk,71.9,One year,43
8229-MYEJZ,0.01,Low Risk,51.2,Month-to-month,10
0357-NVCRI,0.01,Low Risk,20.05,Month-to-month,25
1775-KWJKQ,0.01,Low Risk,89.85,Two year,72
9553-DLCLU,0.01,Low Risk,88.95,Two year,13
8882-TLVRW,0.01,Low Risk,39.1,Two year,69
8514-VZHEB,0.01,Low Risk,19.5,Two year,59
1397-XKKWR,0.01,Low Risk,35.3,One year,7
9777-IQHWP,0.01,Low Risk,93.4,Two year,64
5095-ETBRJ,0.01,Low Risk,56.8,Two year,55
8823-RLPWL,0.01,Low Risk,110.65,Two year,72
4198-VFOEA,0.01,Low Risk,33.6,One year,12
2205-LPVGL,0.01,Low Risk,89.85,One year,58
8782-NUUOL,0.01,Low Risk,79.0,One year,60
5126-RCXYW,0.01,Low Risk,46.0,Two year,54
2692-AQCPF,0.01,Low Risk,108.05,One year,65
0347-UBKUZ,0.01,Low Risk,19.9,Month-to-month,15
8331-ZXFOE,0.01,Low Risk,71.1,One year,58
7817-OMJNA,0.01,Low Risk,20.4,One year,14
5820-PTRYM,0.01,Low Risk,68.45,One year,56
0057-QBUQH,0.01,Low Risk,25.1,Two year,43
4730-AWNAU,0.01,Low Risk,60.7,One year,36
7025-WCBNE,0.01,Low Risk,59.6,Two year,47
7293-LSCDV,0.01,Low Risk,19.25,Two year,60
2384-OVPSA,0.01,Low Risk,20.2,Two year,38
4079-ULGFR,0.01,Low Risk,20.0,Month-to-month,16
7634-HLQJR,0.01,Low Risk,20.05,Two year,47
2796-NNUFI,0.01,Low Risk,19.95,Two year,46
5130-YPIRV,0.01,Low Risk,72.0,Two year,62
0795-LAFGP,0.01,Low Risk,90.4,Two year,71
5684-FJVYR,0.01,Low Risk,90.35,Two year,72
9746-UGFAC,0.01,Low Risk,20.85,One year,22
8626-PTQGE,0.01,Low Risk,60.05,Two year,69
2335-GSODA,0.01,Low Risk,40.1,Two year,23
3777-XROBG,0.01,Low Risk,19.55,Two year,58
2732-ISEZX,0.01,Low Risk,20.5,Month-to-month,5
9477-LGWQI,0.01,Low Risk,80.15,Two year,70
5321-NTRKC,0.01,Low Risk,79.85,Two year,66
8672-OAUPW,0.01,Low Risk,47.85,One year,51
3258-ZKPAI,0.01,Low Risk,116.6,Two year,72
1972-XMUWV,0.01,Low Risk,59.8,Two year,65
6898-RBTLU,0.01,Low Risk,79.3,Two year,49
3115-CZMZD,0.01,Low Risk,20.25,Two year,0
1096-ADRUX,0.01,Low Risk,74.25,One year,66
9803-FTJCG,0.01,Low Risk,66.85,One year,71
3653-NCRDJ,0.01,Low Risk,19.2,One year,43
0230-WEQUW,0.01,Low Risk,56.6,Two year,66
0979-MOZQI,0.01,Low Risk,39.0,Two year,62
1596-OQSPS,0.01,Low Risk,51.1,Month-to-month,11
5730-DBDSI,0.01,Low Risk,19.7,Two year,66
2636-SJDOU,0.01,Low Risk,84.3,One year,64
9397-TZSHA,0.01,Low Risk,24.6,Two year,69
3266-FTKHB,0.01,Low Risk,19.15,Two year,17
7164-BPTUT,0.01,Low Risk,89.55,Two year,57
6035-BXTTY,0.01,Low Risk,54.65,Month-to-month,32
0732-OCQOC,0.01,Low Risk,25.05,Two year,52
2725-IWWBA,0.01,Low Risk,56.9,One year,46
6023-GSSXW,0.01,Low Risk,61.45,Two year,69
9258-CNWAC,0.01,Low Risk,113.65,Two year,71
8313-AFGBW,0.01,Low Risk,73.6,Two year,47
9938-TKDGL,0.01,Low Risk,99.55,Two year,68
2550-QHZGP,0.01,Low Risk,19.5,One year,7
8165-CBKXO,0.01,Low Risk,56.75,Two year,66
6762-QVYJO,0.01,Low Risk,59.75,Two year,58
3557-HTYWR,0.01,Low Risk,74.05,Two year,47
1699-TLDLZ,0.01,Low Risk,19.7,Two year,16
7407-SUJIZ,0.01,Low Risk,20.6,Month-to-month,25
0019-GFNTW,0.01,Low Risk,45.05,Two year,56
3190-FZATL,0.01,Low Risk,19.95,Month-to-month,14
4703-MQYKT,0.01,Low Risk,19.6,Two year,21
8466-PZBLH,0.01,Low Risk,104.6,Two year,67
1073-XXCZD,0.01,Low Risk,25.7,Two year,55
7297-DVYGA,0.01,Low Risk,19.85,One year,51
6551-ZCOTS,0.01,Low Risk,24.9,One year,33
1964-SVLEA,0.01,Low Risk,19.7,One year,20
2123-VSCOT,0.01,Low Risk,72.1,Two year,59
7696-CFTAT,0.01,Low Risk,19.8,Two year,37
8779-YIQQA,0.01,Low Risk,19.8,One year,21
6194-HBGQN,0.01,Low Risk,81.15,One year,51
3221-CJMSG,0.01,Low Risk,51.1,Month-to-month,24
0129-QMPDR,0.01,Low Risk,20.5,One year,44
6242-FEGFD,0.01,Low Risk,96.6,Two year,66
2361-FJWNO,0.01,Low Risk,36.0,One year,40
1022-RKXDR,0.01,Low Risk,24.85,One year,41
1325-USMEC,0.01,Low Risk,99.35,Two year,70
2181-TIDSV,0.01,Low Risk,19.95,Two year,68
7061-OVMIM,0.01,Low Risk,19.55,One year,30
3982-JGSFD,0.01,Low Risk,20.35,One year,36
6848-YLDFR,0.01,Low Risk,75.2,One year,58
9142-XMYJH,0.01,Low Risk,19.35,Month-to-month,29
7869-ZYDST,0.01,Low Risk,59.05,Month-to-month,31
3079-BCHLN,0.01,Low Risk,19.9,One year,47
1345-GKDZZ,0.01,Low Risk,19.55,Month-to-month,6
2673-ZALNP,0.01,Low Risk,19.9,One year,7
6963-EZQEE,0.01,Low Risk,88.55,Two year,70
5092-STPKP,0.01,Low Risk,56.35,Month-to-month,24
8148-NLEGT,0.01,Low Risk,22.95,Two year,42
5656-MJEFC,0.01,Low Risk,48.15,Two year,42
2466-FCCPT,0.01,Low Risk,19.7,One year,20
5208-FVQKB,0.01,Low Risk,67.95,Two year,70
6199-IPCAO,0.01,Low Risk,26.1,Two year,29
2190-PHBHR,0.01,Low Risk,94.45,Two year,72
9805-FILKB,0.01,Low Risk,20.2,One year,46
0562-FGDCR,0.01,Low Risk,74.55,Two year,72
9522-ZSINC,0.01,Low Risk,19.95,One year,13
0440-EKDCF,0.01,Low Risk,60.15,Two year,62
4774-HHGGS,0.01,Low Risk,19.05,Two year,30
5566-SOEZD,0.01,Low Risk,80.65,One year,27
7765-LWVVH,0.01,Low Risk,95.1,Two year,72
2251-PYLPB,0.01,Low Risk,79.55,Two year,72
3682-YEUWS,0.01,Low Risk,24.4,Month-to-month,10
0484-FFVBJ,0.01,Low Risk,64.85,One year,32
9592-ERDKV,0.01,Low Risk,79.25,One year,37
7217-JYHOQ,0.01,Low Risk,70.3,Month-to-month,24
5214-CHIWJ,0.01,Low Risk,20.3,One year,27
2039-JONDJ,0.01,Low Risk,55.45,One year,27
1568-LJSZU,0.01,Low Risk,92.2,Two year,68
7340-KEFQE,0.01,Low Risk,34.2,Two year,51
8809-XKHMD,0.01,Low Risk,100.55,Two year,72
2122-SZZZD,0.01,Low Risk,19.5,One year,44
8777-MBMTS,0.01,Low Risk,105.85,Two year,65
7661-CPURM,0.01,Low Risk,87.7,One year,19
8395-ETZKQ,0.01,Low Risk,19.5,One year,68
3239-TPHPZ,0.01,Low Risk,20.05,Two year,12
2243-FNMMI,0.01,Low Risk,19.4,Month-to-month,20
5222-JCXZT,0.01,Low Risk,19.0,Month-to-month,4
6950-TWMYB,0.01,Low Risk,79.95,Two year,54
3963-RYFNS,0.01,Low Risk,116.45,Two year,72
4560-WQAQW,0.01,Low Risk,68.7,One year,59
8336-TAVKX,0.01,Low Risk,78.45,Two year,72
2885-HIJDH,0.01,Low Risk,86.9,Two year,69
1080-BWSYE,0.01,Low Risk,25.65,Two year,64
1222-KJNZD,0.01,Low Risk,20.4,Month-to-month,40
8646-JCOMS,0.01,Low Risk,90.55,One year,66
8747-UDCOI,0.01,Low Risk,19.35,Two year,65
8345-MVDYC,0.01,Low Risk,81.65,Two year,45
6174-NRBTZ,0.01,Low Risk,30.75,One year,46
2242-MFOTG,0.01,Low Risk,80.1,One year,33
4304-XUMGI,0.01,Low Risk,75.15,Two year,50
7647-GYYKX,0.01,Low Risk,20.35,Two year,54
3280-MRDOF,0.01,Low Risk,69.1,Two year,30
2223-GDSHL,0.01,Low Risk,116.05,Two year,71
5505-OVWQW,0.01,Low Risk,20.15,One year,17
2410-CIYFZ,0.01,Low Risk,20.4,Month-to-month,2
0960-HUWBM,0.01,Low Risk,104.1,Two year,65
9938-PRCVK,0.01,Low Risk,19.7,Two year,41
5549-ZGHFB,0.01,Low Risk,24.95,Two year,50
5696-EXCYS,0.01,Low Risk,19.45,Two year,17
4702-HDRKD,0.01,Low Risk,49.35,One year,67
7190-XHTWJ,0.01,Low Risk,19.3,One year,38
1098-KFQEC,0.01,Low Risk,19.4,Two year,55
5456-ITGIC,0.01,Low Risk,64.45,Two year,72
5712-VBOXD,0.01,Low Risk,20.15,Month-to-month,4
8807-OPMBM,0.01,Low Risk,25.65,Two year,55
9350-ZXYJC,0.01,Low Risk,25.3,Two year,4
4188-PCPIG,0.01,Low Risk,70.35,Two year,57
0263-FJTQO,0.01,Low Risk,70.5,Two year,50
3911-RSNHI,0.01,Low Risk,61.4,Two year,71
6339-TBELP,0.01,Low Risk,86.4,Two year,71
9224-VTYID,0.01,Low Risk,90.5,Two year,47
3115-JPJDD,0.01,Low Risk,81.25,One year,59
3882-IYOIJ,0.01,Low Risk,115.25,Two year,60
5762-TJXGK,0.01,Low Risk,58.75,Two year,52
4803-LBYPN,0.01,Low Risk,20.8,Month-to-month,34
2332-TODQS,0.01,Low Risk,25.05,One year,48
3021-VLNRJ,0.01,Low Risk,70.8,One year,50
4979-HPRFL,0.01,Low Risk,24.15,Two year,56
6016-LVTJQ,0.01,Low Risk,20.65,Month-to-month,34
8189-DUKMV,0.01,Low Risk,20.5,One year,4
8727-JQFHV,0.01,Low Risk,20.75,Two year,57
7321-ZNSLA,0.01,Low Risk,40.55,Two year,13
7359-WWYJV,0.01,Low Risk,114.45,Two year,72
2192-OZITF,0.01,Low Risk,73.55,Two year,45
5944-UGLLK,0.01,Low Risk,54.9,One year,53
2520-SGTTA,0.01,Low Risk,20.0,Two year,0
5322-TEUJK,0.01,Low Risk,114.6,Two year,71
5406-KGRMX,0.01,Low Risk,24.55,Two year,71
9802-CAQUT,0.01,Low Risk,109.55,Two year,72
5893-PYOLZ,0.01,Low Risk,81.8,Two year,56
4737-HOBAX,0.01,Low Risk,79.8,Two year,63
8680-CGLTP,0.01,Low Risk,58.75,One year,29
7473-ZBDSN,0.01,Low Risk,18.8,Two year,14
8003-EWNDZ,0.01,Low Risk,21.2,Month-to-month,10
1821-BUCWY,0.01,Low Risk,55.65,Two year,30
8780-YRMTT,0.01,Low Risk,47.4,Two year,66
6992-TKNYO,0.01,Low Risk,69.0,One year,38
3796-ENZGF,0.01,Low Risk,67.25,Two year,63
9621-OUPYD,0.01,Low Risk,20.2,One year,25
1872-EBWSC,0.01,Low Risk,20.35,One year,29
6619-RPLQZ,0.01,Low Risk,20.85,Two year,45
1089-HDMKP,0.01,Low Risk,54.55,Month-to-month,11
4083-BFNYK,0.01,Low Risk,95.0,One year,38
5472-CVMDX,0.01,Low Risk,38.9,Two year,68
4530-NDRKU,0.01,Low Risk,19.05,One year,42
6974-DAFLI,0.01,Low Risk,19.7,One year,55
4018-KJYUY,0.01,Low Risk,20.15,Month-to-month,22
3884-UEBXB,0.01,Low Risk,36.15,Two year,67
8701-DGLVH,0.01,Low Risk,20.45,Two year,51
0014-BMAQU,0.01,Low Risk,84.65,Two year,63
8766-PAFNE,0.01,Low Risk,79.1,Two year,71
4625-XMOYM,0.01,Low Risk,26.25,Two year,72
2263-SFSQZ,0.01,Low Risk,24.95,Two year,51
9541-ZPSEA,0.01,Low Risk,80.35,Two year,68
2000-DHJUY,0.01,Low Risk,92.2,Two year,70
1619-YWUBB,0.01,Low Risk,24.95,Two year,68
7975-JMZNT,0.01,Low Risk,91.7,Two year,66
8263-QMNTJ,0.01,Low Risk,115.55,Two year,72
7996-BPXHY,0.01,Low Risk,25.0,Two year,13
3134-DSHVC,0.01,Low Risk,98.0,Two year,63
5788-YPOEG,0.01,Low Risk,84.75,Two year,34
8327-WKMIE,0.01,Low Risk,20.15,One year,37
5329-KRDTM,0.01,Low Risk,77.35,Two year,72
0707-HOVVN,0.01,Low Risk,75.5,Two year,70
0380-ZCSBI,0.01,Low Risk,20.0,Month-to-month,10
3200-MNQTF,0.01,Low Risk,70.9,Two year,67
5061-PBXFW,0.01,Low Risk,61.4,Month-to-month,32
8671-KKKOS,0.01,Low Risk,45.55,Month-to-month,46
3486-HOOGQ,0.01,Low Risk,79.7,Two year,70
6061-GWWAV,0.01,Low Risk,70.2,One year,41
1134-YWTYF,0.01,Low Risk,53.8,Month-to-month,27
1552-TKMXS,0.01,Low Risk,20.35,Month-to-month,42
7730-CLDSV,0.01,Low Risk,98.65,Two year,72
7216-KAOID,0.01,Low Risk,19.5,One year,41
2824-DXNKN,0.01,Low Risk,71.45,Two year,72
0320-DWVTU,0.01,Low Risk,99.5,Two year,53
7663-YJHSN,0.01,Low Risk,103.95,Two year,72
0559-CKHUS,0.01,Low Risk,19.55,Two year,29
0020-INWCK,0.01,Low Risk,95.75,Two year,71
1178-PZGAB,0.01,Low Risk,20.25,One year,19
9796-MVYXX,0.01,Low Risk,39.7,Two year,14
2908-WGAXL,0.01,Low Risk,24.95,Two year,56
9917-KWRBE,0.01,Low Risk,78.35,One year,41
4500-HKANN,0.01,Low Risk,59.7,Two year,23
6479-SZPLM,0.01,Low Risk,19.45,Two year,36
1207-BLKSA,0.01,Low Risk,23.05,Two year,52
4182-BGSIQ,0.01,Low Risk,19.8,Month-to-month,10
0988-AADSA,0.01,Low Risk,80.85,Two year,72
9972-NKTFD,0.01,Low Risk,54.65,Month-to-month,28
2428-ZMCTB,0.01,Low Risk,19.75,Month-to-month,10
2207-RYYRL,0.01,Low Risk,24.55,Two year,52
6729-FZWSY,0.01,Low Risk,19.45,One year,67
2642-MAWLJ,0.01,Low Risk,20.25,Two year,36
7599-NTMDP,0.01,Low Risk,48.7,Two year,62
0536-ACXIP,0.01,Low Risk,109.55,Two year,72
6296-DDOOR,0.01,Low Risk,58.2,One year,19
5906-DVAPM,0.01,Low Risk,75.0,One year,55
8532-UEFWH,0.01,Low Risk,25.75,Two year,52
8348-JLBUG,0.01,Low Risk,80.3,One year,64
5641-DMBFJ,0.01,Low Risk,84.3,Two year,58
3251-YMVWZ,0.01,Low Risk,24.05,One year,53
9891-NQDBD,0.01,Low Risk,25.55,One year,28
5120-ZBLAI,0.01,Low Risk,75.7,One year,50
1136-XGEQU,0.01,Low Risk,84.15,One year,50
0635-WKOLD,0.01,Low Risk,70.75,One year,40
6904-JLBGY,0.01,Low Risk,117.35,Two year,72
2790-XUYMV,0.01,Low Risk,85.45,One year,71
0829-DDVLK,0.01,Low Risk,20.1,One year,15
1813-JLKWR,0.01,Low Risk,19.8,One year,64
1179-INLAT,0.01,Low Risk,19.45,One year,3
7274-CGTOD,0.01,Low Risk,43.7,Two year,62
1306-RPWXZ,0.01,Low Risk,20.45,Two year,49
5181-OABFK,0.01,Low Risk,61.3,Two year,56
2167-FQSTQ,0.01,Low Risk,92.4,Two year,72
2351-BKRZW,0.01,Low Risk,75.2,Two year,43
5176-OLSKT,0.01,Low Risk,66.9,Two year,66
2121-JAFOM,0.01,Low Risk,115.55,Two year,72
3948-KXDUF,0.01,Low Risk,68.75,Two year,66
5480-XTFFL,0.01,Low Risk,21.0,Two year,31
7579-KKLOE,0.01,Low Risk,91.25,Two year,71
9086-YJYXS,0.01,Low Risk,77.2,One year,34
0197-PNKNK,0.01,Low Risk,84.45,One year,69
4644-OBGFZ,0.01,Low Risk,19.5,One year,55
9975-GPKZU,0.01,Low Risk,19.75,Two year,46
9534-NSXEM,0.01,Low Risk,20.65,One year,26
0723-FDLAY,0.01,Low Risk,85.25,One year,44
8929-KSWIH,0.01,Low Risk,99.3,Two year,25
7998-WNZEM,0.01,Low Risk,80.6,Two year,71
5457-COLHT,0.01,Low Risk,80.65,Two year,69
3125-RAHBV,0.01,Low Risk,20.3,One year,22
0373-AIVNJ,0.01,Low Risk,39.55,One year,9
9150-HEPMB,0.01,Low Risk,52.7,One year,56
4957-TIALW,0.01,Low Risk,65.6,One year,15
7037-MTYVW,0.01,Low Risk,85.4,Two year,38
4906-ZHGPK,0.01,Low Risk,70.7,One year,54
0654-PQKDW,0.01,Low Risk,70.75,One year,62
6407-GSJNL,0.01,Low Risk,24.95,Two year,51
7173-TETGO,0.01,Low Risk,78.5,Two year,72
5627-TVBPP,0.01,Low Risk,20.1,One year,35
4825-XJGDM,0.01,Low Risk,43.7,One year,61
5124-EOGYE,0.01,Low Risk,20.45,Two year,31
6339-RZCBJ,0.01,Low Risk,78.9,Two year,48
8853-TZDGH,0.01,Low Risk,111.6,Two year,72
5816-JMLGY,0.01,Low Risk,80.4,Two year,70
9052-VKDUW,0.01,Low Risk,109.4,Month-to-month,65
3563-SVYLG,0.01,Low Risk,62.65,Two year,68
4299-OPXEJ,0.01,Low Risk,19.55,Two year,56
6924-TDGMT,0.01,Low Risk,20.55,One year,11
7677-SJJJK,0.01,Low Risk,19.9,One year,8
6435-VWCCY,0.01,Low Risk,92.7,Two year,65
7601-DHFWZ,0.01,Low Risk,24.0,Two year,48
9447-YPTBX,0.01,Low Risk,19.85,One year,50
6447-EGDIV,0.01,Low Risk,20.95,One year,31
9906-NHHVC,0.01,Low Risk,53.5,Two year,65
2162-FRZAA,0.01,Low Risk,39.35,Two year,63
3498-LZGQZ,0.01,Low Risk,19.15,Two year,63
4859-ZSRDZ,0.01,Low Risk,55.5,Two year,58
3533-UVMOM,0.01,Low Risk,70.95,Two year,68
0847-HGRML,0.01,Low Risk,20.0,Two year,62
9227-YBAXE,0.01,Low Risk,82.5,Two year,65
4032-RMHCI,0.01,Low Risk,35.4,One year,41
3500-NSDOA,0.01,Low Risk,70.8,Two year,68
0549-CYCQN,0.01,Low Risk,79.6,One year,51
8205-VSLRB,0.01,Low Risk,77.3,Two year,70
8963-MQVYN,0.01,Low Risk,20.55,Month-to-month,22
6625-FLENO,0.01,Low Risk,20.75,Two year,58
9229-RQABD,0.01,Low Risk,23.75,One year,18
2581-VKIRT,0.01,Low Risk,65.5,One year,59
2703-AMTUL,0.01,Low Risk,53.65,One year,36
1877-HKBQX,0.01,Low Risk,54.6,One year,11
4999-IEZLT,0.01,Low Risk,29.45,One year,66
1371-OJCEK,0.01,Low Risk,24.35,One year,48
3301-VKTGC,0.01,Low Risk,85.5,One year,68
6693-DJWTY,0.01,Low Risk,55.6,One year,35
8434-PNQZX,0.01,Low Risk,78.45,Two year,42
0436-TWFFZ,0.01,Low Risk,85.25,Two year,67
2402-TAIRZ,0.01,Low Risk,80.05,One year,37
6726-NNFWD,0.01,Low Risk,89.45,Two year,71
5447-VYTKW,0.01,Low Risk,53.45,Month-to-month,27
4900-MSOMT,0.01,Low Risk,80.2,Two year,72
0253-ZTEOB,0.01,Low Risk,79.65,Two year,48
5699-BNCAS,0.01,Low Risk,24.65,Two year,71
9127-QRZMH,0.01,Low Risk,59.85,One year,44
6546-OPBBH,0.01,Low Risk,23.95,One year,51
2799-TSLAG,0.01,Low Risk,25.3,Two year,65
9313-CDOGY,0.01,Low Risk,19.6,Month-to-month,38
2364-UFROM,0.01,Low Risk,70.4,One year,30
8819-WFGGJ,0.01,Low Risk,54.1,Two year,68
7139-JZFVG,0.01,Low Risk,60.5,Two year,60
5799-JRCZO,0.01,Low Risk,19.5,Two year,63
6010-DDPPW,0.01,Low Risk,25.15,Two year,70
5753-QQWPW,0.01,Low Risk,59.9,One year,28
4573-JKNAE,0.01,Low Risk,19.35,Two year,12
0487-CRLZF,0.01,Low Risk,74.45,Two year,49
7114-AEOZE,0.01,Low Risk,19.85,Two year,60
3474-BAFSJ,0.01,Low Risk,57.5,Two year,57
0221-NAUXK,0.01,Low Risk,19.95,One year,10
4397-FRLTA,0.01,Low Risk,20.15,Month-to-month,4
0621-TSSMU,0.01,Low Risk,19.95,One year,56
6048-UWKAL,0.01,Low Risk,105.4,Two year,69
1696-HXOWK,0.01,Low Risk,95.65,One year,71
5201-CBWYG,0.01,Low Risk,24.8,One year,62
4012-YCFAI,0.01,Low Risk,61.35,Two year,60
7338-ERIVA,0.01,Low Risk,45.05,One year,39
9313-QOLTZ,0.01,Low Risk,20.9,Month-to-month,26
8328-SKJNO,0.01,Low Risk,40.65,One year,23
1221-GHZEP,0.01,Low Risk,65.1,Two year,62
4293-ETKAP,0.01,Low Risk,79.4,Two year,65
2245-ADZFJ,0.01,Low Risk,80.55,Two year,31
6064-PUPMC,0.01,Low Risk,57.2,One year,23
7527-QNRUS,0.01,Low Risk,25.15,Two year,17
6933-FHBZC,0.01,Low Risk,56.05,One year,26
1171-TYKUR,0.01,Low Risk,25.4,Month-to-month,47
7644-OMVMY,0.01,Low Risk,19.85,Two year,0
7973-DZRKH,0.01,Low Risk,90.95,Two year,66
5044-XDPYX,0.01,Low Risk,25.5,Two year,51
0378-CJKPV,0.01,Low Risk,112.1,Two year,72
6490-FGZAT,0.01,Low Risk,20.65,Month-to-month,6
6283-GITPX,0.01,Low Risk,76.9,Two year,71
7596-IIWYC,0.01,Low Risk,20.25,Two year,27
6972-SNKKW,0.01,Low Risk,20.0,Month-to-month,6
1231-YNDEK,0.01,Low Risk,19.15,Two year,58
2498-XLDZR,0.01,Low Risk,73.6,Two year,32
8295-KMENE,0.01,Low Risk,76.45,Two year,59
8631-NBHFZ,0.01,Low Risk,79.4,Two year,66
6814-ZPWFQ,0.01,Low Risk,25.0,One year,51
1172-VIYBP,0.01,Low Risk,69.7,Two year,53
9495-REDIY,0.01,Low Risk,40.65,One year,25
8999-YPYBV,0.01,Low Risk,84.35,Two year,45
6999-CHVCF,0.01,Low Risk,102.1,Two year,68
7452-FOLON,0.01,Low Risk,25.45,One year,39
1839-FBNFR,0.01,Low Risk,19.85,Two year,39
4311-QTTAI,0.01,Low Risk,19.35,One year,16
7722-VJRQD,0.01,Low Risk,60.95,Two year,72
9788-HNGUT,0.01,Low Risk,116.95,Two year,72
4682-BLBUC,0.01,Low Risk,70.95,One year,44
0771-CHWSK,0.01,Low Risk,74.6,Two year,66
4737-AQCPU,0.01,Low Risk,72.1,Two year,72
6147-CBCRA,0.01,Low Risk,20.05,Month-to-month,33
8388-DMKAE,0.01,Low Risk,20.25,Two year,8
3590-TCXTB,0.005,Low Risk,20.35,Month-to-month,1
5575-GNVDE,0.0,Low Risk,56.95,One year,34
4376-KFVRS,0.0,Low Risk,114.05,Two year,72
2696-RZVZW,0.0,Low Risk,25.05,Two year,68
9153-BTBVV,0.0,Low Risk,25.0,Two year,71
1429-UYJSV,0.0,Low Risk,19.7,One year,12
5702-KVQRD,0.0,Low Risk,82.55,Two year,71
7945-PRBVF,0.0,Low Risk,21.45,Two year,35
6169-PGNCD,0.0,Low Risk,74.3,Two year,57
4361-FEBGN,0.0,Low Risk,20.15,Two year,48
1591-XWLGB,0.0,Low Risk,19.85,Two year,71
3642-BYHDO,0.0,Low Risk,19.9,Two year,71
3243-ZHOHY,0.0,Low Risk,20.1,One year,16
0969-RGKCU,0.0,Low Risk,19.8,One year,37
3470-OBUET,0.0,Low Risk,74.0,Two year,67
7602-DBTOU,0.0,Low Risk,19.6,Two year,71
7665-NKLAV,0.0,Low Risk,40.65,Two year,36
1090-ESELR,0.0,Low Risk,105.5,Two year,72
6340-DACFT,0.0,Low Risk,20.55,Two year,50
9624-EGDEQ,0.0,Low Risk,19.8,Two year,37
8039-EQPIM,0.0,Low Risk,60.25,Two year,69
9625-RZFUK,0.0,Low Risk,19.7,Two year,63
4785-FCIFB,0.0,Low Risk,24.4,Two year,61
3530-CRZSB,0.0,Low Risk,20.65,Month-to-month,7
6479-VDGRK,0.0,Low Risk,85.3,Two year,72
5016-LIPDW,0.0,Low Risk,19.4,One year,57
6285-FTQBF,0.0,Low Risk,25.55,Two year,72
0307-BCOPK,0.0,Low Risk,19.05,One year,16
9617-UDPEU,0.0,Low Risk,19.25,One year,22
4955-VCWBI,0.0,Low Risk,20.0,One year,43
5766-FTRTS,0.0,Low Risk,84.45,Two year,72
9950-MTGYX,0.0,Low Risk,20.3,Two year,28
6813-GZQCG,0.0,Low Risk,24.65,Two year,45
4664-NJCMS,0.0,Low Risk,59.55,Two year,33
3569-JFODW,0.0,Low Risk,90.95,Two year,72
0859-YGKFW,0.0,Low Risk,20.05,One year,18
3118-UHVVQ,0.0,Low Risk,25.8,Two year,68
5451-YHYPW,0.0,Low Risk,115.75,Two year,72
6584-VQMYT,0.0,Low Risk,56.2,One year,27
4825-FUREZ,0.0,Low Risk,20.25,Two year,42
8592-PLTMQ,0.0,Low Risk,24.7,One year,64
5296-PSYVW,0.0,Low Risk,24.55,Two year,72
8164-OCKUJ,0.0,Low Risk,20.6,Two year,59
9838-BFCQT,0.0,Low Risk,26.1,Two year,72
5495-GPSRW,0.0,Low Risk,19.7,Two year,20
6762-NSODU,0.0,Low Risk,19.4,Two year,46
2961-VNFKL,0.0,Low Risk,25.95,Two year,71
9442-JTWDL,0.0,Low Risk,20.05,One year,11
9888-ZCUMM,0.0,Low Risk,60.05,Two year,64
3678-MNGZX,0.0,Low Risk,19.95,Two year,68
2900-PHPLN,0.0,Low Risk,19.55,Two year,70
8450-LUGUK,0.0,Low Risk,24.1,Two year,37
6923-AQONU,0.0,Low Risk,20.9,Two year,23
5876-QMYLD,0.0,Low Risk,20.05,One year,23
8690-ZVLCL,0.0,Low Risk,88.0,Two year,68
1015-JPFYW,0.0,Low Risk,19.45,One year,7
5804-JMYIO,0.0,Low Risk,19.75,Two year,39
2977-CEBSX,0.0,Low Risk,90.05,Two year,66
6484-LATFU,0.0,Low Risk,24.55,Two year,68
1545-JFUML,0.0,Low Risk,99.0,Two year,71
7795-CFOCW,0.0,Low Risk,42.3,One year,45
5380-XPJNZ,0.0,Low Risk,20.05,One year,38
0936-NQLJU,0.0,Low Risk,20.65,Two year,41
9548-LIGTA,0.0,Low Risk,81.05,Two year,61
8380-MQINP,0.0,Low Risk,20.3,Two year,55
8129-GMVGI,0.0,Low Risk,20.05,Two year,56
7963-SHNDT,0.0,Low Risk,39.1,Two year,52
5474-LAMUQ,0.0,Low Risk,20.1,One year,24
3230-JCNZS,0.0,Low Risk,99.0,Two year,71
7606-BPHHN,0.0,Low Risk,19.8,Two year,72
7109-CQYUZ,0.0,Low Risk,89.25,Two year,52
6695-AMZUF,0.0,Low Risk,86.45,Two year,70
3865-ZFZIB,0.0,Low Risk,19.65,Two year,19
7781-HVGMK,0.0,Low Risk,65.2,Two year,72
2990-IAJSV,0.0,Low Risk,92.0,Two year,72
6258-PVZWJ,0.0,Low Risk,90.8,Two year,68
3935-TBRZZ,0.0,Low Risk,25.7,One year,44
1023-BQXZE,0.0,Low Risk,74.35,Two year,57
8237-ULIXL,0.0,Low Risk,24.85,Two year,72
2266-FUBDZ,0.0,Low Risk,19.35,Two year,15
0017-IUDMW,0.0,Low Risk,116.8,Two year,72
5249-QYHEX,0.0,Low Risk,24.8,Two year,40
4291-YZODP,0.0,Low Risk,20.05,One year,7
8219-VYBVI,0.0,Low Risk,25.0,Two year,39
3227-WLKLI,0.0,Low Risk,91.55,Two year,65
5781-RFZRP,0.0,Low Risk,73.5,Two year,71
8028-PNXHQ,0.0,Low Risk,24.25,Two year,62
3146-JTQHR,0.0,Low Risk,19.6,One year,10
1166-PQLGG,0.0,Low Risk,19.55,Two year,72
4086-WITJG,0.0,Low Risk,19.7,Two year,71
8316-BBQAY,0.0,Low Risk,59.95,Two year,65
0174-QRVVY,0.0,Low Risk,25.35,Two year,71
6963-KQYQB,0.0,Low Risk,24.05,Two year,70
1985-MBRYP,0.0,Low Risk,19.65,Two year,43
2569-WGERO,0.0,Low Risk,21.15,Two year,72
3891-NLXJB,0.0,Low Risk,40.55,Two year,37
5849-ASHZJ,0.0,Low Risk,20.05,One year,27
2188-SXWVT,0.0,Low Risk,55.0,One year,34
5227-JSCFE,0.0,Low Risk,46.35,Two year,71
6671-NGWON,0.0,Low Risk,20.35,Month-to-month,7
1680-VDCWW,0.0,Low Risk,19.8,One year,12
0428-AXXLJ,0.0,Low Risk,19.5,One year,25
4302-ZYFEL,0.0,Low Risk,20.55,One year,69
8414-OOEEL,0.0,Low Risk,79.5,Two year,66
3482-ABPKK,0.0,Low Risk,54.3,One year,28
1092-WPIVQ,0.0,Low Risk,25.1,Two year,18
6897-RWMUB,0.0,Low Risk,68.05,Two year,61
1069-QJOEE,0.0,Low Risk,19.9,One year,25
2150-OEGBV,0.0,Low Risk,20.1,One year,27
9297-EONCV,0.0,Low Risk,91.35,Two year,72
4878-BUNFV,0.0,Low Risk,20.7,Two year,42
9867-JCZSP,0.0,Low Risk,20.75,One year,17
1790-NESIO,0.0,Low Risk,20.4,Two year,13
2400-FEQME,0.0,Low Risk,20.5,Two year,55
1568-BEKZM,0.0,Low Risk,90.05,Two year,70
5743-KHMNA,0.0,Low Risk,25.55,Two year,71
2274-XUATA,0.0,Low Risk,63.1,Two year,72
1293-HHSHJ,0.0,Low Risk,21.1,One year,35
4957-SREEC,0.0,Low Risk,20.35,Two year,70
7026-YMSBE,0.0,Low Risk,19.7,One year,30
6997-UVGOX,0.0,Low Risk,85.45,Two year,71
4671-VJLCL,0.0,Low Risk,79.85,Two year,63
3508-VLHCZ,0.0,Low Risk,90.55,Two year,71
8606-CIQUL,0.0,Low Risk,115.75,Two year,72
9430-NKQLY,0.0,Low Risk,25.1,Two year,72
9953-ZMKSM,0.0,Low Risk,25.25,Two year,63
7632-YUTXB,0.0,Low Risk,20.05,One year,25
9710-NJERN,0.0,Low Risk,20.15,Two year,39
6103-QCKFX,0.0,Low Risk,56.25,Month-to-month,44
8562-GHPPI,0.0,Low Risk,19.8,Month-to-month,1
4807-IZYOZ,0.0,Low Risk,20.65,Two year,51
0895-LNKRC,0.0,Low Risk,19.45,One year,6
5248-YGIJN,0.0,Low Risk,90.25,Two year,72
5394-MEITZ,0.0,Low Risk,80.6,Two year,60
5171-EPLKN,0.0,Low Risk,19.85,Two year,27
1403-GYAFU,0.0,Low Risk,20.05,Two year,70
8067-NIOYM,0.0,Low Risk,21.1,Two year,24
9548-LERKT,0.0,Low Risk,19.75,Two year,24
6741-QRLUP,0.0,Low Risk,80.3,Two year,63
6134-KWTBV,0.0,Low Risk,23.4,Two year,62
1930-BZLHI,0.0,Low Risk,20.35,One year,21
7601-GNDYK,0.0,Low Risk,19.6,Two year,35
9847-HNVGP,0.0,Low Risk,19.95,One year,17
5135-RDDQL,0.0,Low Risk,50.65,Two year,63
3027-YNWZU,0.0,Low Risk,25.0,Two year,64
6696-YDAYZ,0.0,Low Risk,20.5,Two year,16
3166-PNEOF,0.0,Low Risk,86.45,Two year,61
3525-DVKFN,0.0,Low Risk,19.4,Two year,17
9674-EHPPG,0.0,Low Risk,40.4,Two year,46
5781-BKHOP,0.0,Low Risk,100.65,Two year,72
8207-VVMYB,0.0,Low Risk,26.0,Two year,70
3976-HXHCE,0.0,Low Risk,19.3,Two year,72
0962-CQPWQ,0.0,Low Risk,20.3,Two year,62
0486-LGCCH,0.0,Low Risk,19.65,Two year,11
2228-BZDEE,0.0,Low Risk,20.1,Two year,54
0244-LGNFY,0.0,Low Risk,92.65,Two year,72
4891-NLUBA,0.0,Low Risk,61.45,Two year,61
4837-PZTIC,0.0,Low Risk,41.9,Two year,47
8969-PRHFK,0.0,Low Risk,19.65,One year,18
0661-KQHNK,0.0,Low Risk,19.0,One year,6
1506-YJTYT,0.0,Low Risk,73.85,Two year,45
1167-OYZJF,0.0,Low Risk,20.05,Two year,67
4635-EJYPD,0.0,Low Risk,18.95,Two year,32
4636-TVXVG,0.0,Low Risk,19.95,One year,62
9135-HSWOC,0.0,Low Risk,19.7,Two year,64
9392-XBGTD,0.0,Low Risk,20.6,Two year,27
1480-BKXGA,0.0,Low Risk,116.05,Two year,72
2819-GWENI,0.0,Low Risk,19.9,One year,28
4318-RAJVY,0.0,Low Risk,19.8,One year,10
1227-UDMZR,0.0,Low Risk,91.15,Two year,72
2718-YSKCS,0.0,Low Risk,19.6,Two year,71
9257-AZMTZ,0.0,Low Risk,20.1,Two year,52
7469-LKBCI,0.0,Low Risk,18.95,Two year,16
3957-SQXML,0.0,Low Risk,24.95,Two year,34
1642-HMARX,0.0,Low Risk,91.7,Two year,68
7639-LIAYI,0.0,Low Risk,79.75,Two year,52
0420-TXVSG,0.0,Low Risk,66.1,Two year,66
5372-FBKBN,0.0,Low Risk,20.75,Month-to-month,21
1697-LYYYX,0.0,Low Risk,19.1,One year,61
8413-YNHNV,0.0,Low Risk,90.65,Two year,69
4513-CXYIX,0.0,Low Risk,80.7,Two year,71
0505-SPOOW,0.0,Low Risk,19.8,Two year,70
9347-AERRL,0.0,Low Risk,19.3,One year,23
6579-JPICP,0.0,Low Risk,20.4,Month-to-month,1
6461-SZMCV,0.0,Low Risk,87.95,Two year,71
8908-NMQTX,0.0,Low Risk,65.6,Two year,72
2560-QTSBS,0.0,Low Risk,23.3,One year,72
1635-HDGFT,0.0,Low Risk,20.5,Two year,19
1837-YQUCE,0.0,Low Risk,58.35,Two year,70
4203-QGNZA,0.0,Low Risk,20.25,Month-to-month,28
3594-BDSOA,0.0,Low Risk,20.4,One year,24
9586-JGQKH,0.0,Low Risk,105.4,Two year,64
4231-LZUYM,0.0,Low Risk,25.65,Two year,72
0164-APGRB,0.0,Low Risk,114.9,Two year,72
0853-TWRVK,0.0,Low Risk,105.6,Two year,72
7860-UXCRM,0.0,Low Risk,74.5,Two year,63
6719-FGEDO,0.0,Low Risk,97.0,Two year,72
6060-QBMGV,0.0,Low Risk,19.85,Two year,70
9732-OUYRN,0.0,Low Risk,19.0,One year,49
3284-SVCRO,0.0,Low Risk,25.5,Two year,45
7729-XBTWX,0.0,Low Risk,19.75,Two year,66
2749-CTKAJ,0.0,Low Risk,20.15,One year,22
3520-FJGCV,0.0,Low Risk,112.6,Two year,72
3913-RDSJZ,0.0,Low Risk,25.55,Two year,64
4537-CIBHB,0.0,Low Risk,20.25,One year,9
9385-NXKDA,0.0,Low Risk,82.65,Two year,72
5117-ZSMHQ,0.0,Low Risk,89.9,Two year,71
8285-ABVLB,0.0,Low Risk,19.85,Two year,70
1729-VLAZJ,0.0,Low Risk,40.25,One year,10
8441-SHIPE,0.0,Low Risk,25.6,Two year,67
7301-ABVAD,0.0,Low Risk,86.6,Two year,72
9227-UAQFT,0.0,Low Risk,19.75,Two year,16
1047-RNXZV,0.0,Low Risk,19.55,Two year,43
5821-MMEIL,0.0,Low Risk,19.9,Two year,57
7319-ZNRTR,0.0,Low Risk,19.6,One year,25
7083-MIOPC,0.0,Low Risk,20.25,Two year,72
7503-EPSZW,0.0,Low Risk,24.05,Two year,64
1755-FZQEC,0.0,Low Risk,19.9,One year,39
8749-TZYEC,0.0,Low Risk,24.8,Two year,72
4933-BSAIP,0.0,Low Risk,19.1,Two year,40
1093-YSWCA,0.0,Low Risk,19.55,Two year,11
4443-EMBNA,0.0,Low Risk,24.75,Two year,71
1599-EAHXY,0.0,Low Risk,23.95,One year,60
8008-OTEZX,0.0,Low Risk,19.65,One year,35
4359-INNWN,0.0,Low Risk,20.05,One year,17
0617-AQNWT,0.0,Low Risk,47.85,Two year,64
4742-TXUEX,0.0,Low Risk,19.3,Two year,47
8015-IHCGW,0.0,Low Risk,115.5,Two year,72
0270-THENM,0.0,Low Risk,69.85,Two year,72
4709-LKHYG,0.0,Low Risk,20.0,One year,29
4707-MAXGU,0.0,Low Risk,25.85,Two year,72
8590-OHDIW,0.0,Low Risk,20.3,One year,38
6734-PSBAW,0.0,Low Risk,23.55,Two year,72
8043-PNYSD,0.0,Low Risk,19.55,Two year,63
4685-TFLLS,0.0,Low Risk,19.8,One year,18
8512-WIWYV,0.0,Low Risk,20.35,One year,32
8046-DNVTL,0.0,Low Risk,38.6,Two year,62
3717-FDJFU,0.0,Low Risk,20.45,Two year,5
7850-THJMU,0.0,Low Risk,19.65,Two year,26
2904-GGUAZ,0.0,Low Risk,84.05,Two year,72
5884-FBCTL,0.0,Low Risk,25.1,Two year,72
1038-RQOST,0.0,Low Risk,20.6,Month-to-month,19
9365-CSLBQ,0.0,Low Risk,24.35,Two year,71
7014-ZZXAW,0.0,Low Risk,24.25,Two year,71
7008-LZVOZ,0.0,Low Risk,25.3,Two year,66
8084-OIVBS,0.0,Low Risk,20.0,One year,11
5115-SQAAU,0.0,Low Risk,25.6,Two year,69
6734-JDTTV,0.0,Low Risk,19.85,Two year,65
3352-RICWQ,0.0,Low Risk,19.75,Two year,9
0123-CRBRT,0.0,Low Risk,88.1,Two year,61
9916-AYHTC,0.0,Low Risk,19.85,Two year,48
7605-BDWDC,0.0,Low Risk,49.85,Two year,31
1498-NHTLT,0.0,Low Risk,86.75,Two year,59
7463-IFMQU,0.0,Low Risk,20.05,Two year,72
7017-VFHAY,0.0,Low Risk,115.1,Two year,61
5914-GXMDA,0.0,Low Risk,19.3,One year,32
8915-NNTRC,0.0,Low Risk,107.7,Two year,72
3274-NSDWE,0.0,Low Risk,19.6,Two year,68
4176-RELJR,0.0,Low Risk,25.1,Two year,67
1796-JANOW,0.0,Low Risk,19.95,Month-to-month,2
0238-WHBIQ,0.0,Low Risk,89.7,Two year,72
6651-RLGGM,0.0,Low Risk,26.3,Two year,67
8173-RXAYP,0.0,Low Risk,19.7,Two year,24
5751-USDBL,0.0,Low Risk,81.0,Two year,46
5680-LQOGP,0.0,Low Risk,82.45,Two year,68
6348-SNFUS,0.0,Low Risk,55.45,Two year,72
2592-HODOV,0.0,Low Risk,19.3,One year,13
8194-PEEBY,0.0,Low Risk,19.9,One year,24
4962-CHQPW,0.0,Low Risk,19.85,One year,29
9467-ROOLM,0.0,Low Risk,19.05,Month-to-month,25
1265-ZFOSD,0.0,Low Risk,81.3,Two year,64
3721-WKIIL,0.0,Low Risk,19.6,Two year,27
3213-VVOLG,0.0,Low Risk,25.35,Two year,0
9065-ZCPQX,0.0,Low Risk,78.85,Two year,72
2253-KPMNB,0.0,Low Risk,46.25,Two year,69
1345-ZUKID,0.0,Low Risk,19.35,One year,14
5997-OPVFA,0.0,Low Risk,89.05,Two year,72
1814-WFGVS,0.0,Low Risk,48.9,Two year,72
6345-FZOQH,0.0,Low Risk,19.9,Two year,69
2907-ILJBN,0.0,Low Risk,20.6,One year,11
9504-YAZWB,0.0,Low Risk,20.25,Two year,53
4648-YPBTM,0.0,Low Risk,73.9,Two year,53
9073-ZZIAY,0.0,Low Risk,86.1,Two year,62
5146-YYFRZ,0.0,Low Risk,19.95,Two year,67
6976-BWGLQ,0.0,Low Risk,25.2,Two year,72
7554-NEWDD,0.0,Low Risk,25.7,Two year,10
1834-WULEG,0.0,Low Risk,20.25,One year,24
9766-HGEDE,0.0,Low Risk,19.35,One year,17
6701-YVNQG,0.0,Low Risk,88.7,Two year,72
5297-MDOIR,0.0,Low Risk,81.15,One year,63
6369-MCAKO,0.0,Low Risk,89.05,Two year,68
8573-JGCZW,0.0,Low Risk,19.65,One year,17
6848-HJTXY,0.0,Low Risk,19.45,Two year,64
5148-ORICT,0.0,Low Risk,74.35,Two year,64
2511-ALLCS,0.0,Low Risk,24.3,Two year,35
5197-LQXXH,0.0,Low Risk,83.3,Two year,71
6837-BJYDQ,0.0,Low Risk,19.6,One year,3
3146-MSEGF,0.0,Low Risk,88.05,Two year,72
1335-MXCSE,0.0,Low Risk,55.25,Two year,55
8873-TMKGR,0.0,Low Risk,19.1,One year,29
7976-CICYS,0.0,Low Risk,20.7,Month-to-month,4
3774-VBNXY,0.0,Low Risk,20.2,Two year,64
6217-KDYWC,0.0,Low Risk,19.6,Two year,57
8148-WOCMK,0.0,Low Risk,19.6,Two year,8
7815-PDTHL,0.0,Low Risk,20.2,Two year,35
9173-IVZVP,0.0,Low Risk,20.9,Two year,53
2817-LVCPP,0.0,Low Risk,19.4,Two year,50
5038-ETMLM,0.0,Low Risk,113.65,Two year,72
7964-ZRKKG,0.0,Low Risk,88.4,One year,67
2984-RGEYA,0.0,Low Risk,19.75,Two year,69
3129-AAQOU,0.0,Low Risk,25.6,Two year,19
0531-XBKMM,0.0,Low Risk,65.7,Two year,66
3148-AOIQT,0.0,Low Risk,24.95,Two year,69
5879-HMFFH,0.0,Low Risk,88.05,Two year,72
0956-SYCWG,0.0,Low Risk,19.65,One year,13
3696-DFHHB,0.0,Low Risk,25.5,Two year,68
5854-KSRBJ,0.0,Low Risk,25.4,Two year,70
6418-HNFED,0.0,Low Risk,83.25,Two year,51
1131-QQZEB,0.0,Low Risk,23.95,Two year,71
8439-LTUGF,0.0,Low Risk,20.0,Month-to-month,10
1744-JHKYS,0.0,Low Risk,24.7,Month-to-month,34
3745-HRPHI,0.0,Low Risk,54.65,Two year,66
5918-VUKWP,0.0,Low Risk,20.55,One year,32
3457-PQBYH,0.0,Low Risk,20.3,Two year,58
2987-BJXIK,0.0,Low Risk,84.7,Two year,70
3769-MHZNV,0.0,Low Risk,20.1,Two year,33
1395-WSWXR,0.0,Low Risk,20.75,Two year,24
6823-SIDFQ,0.0,Low Risk,18.25,One year,28
5485-ITNPC,0.0,Low Risk,85.9,Two year,66
0233-FTHAV,0.0,Low Risk,79.2,One year,60
7032-LMBHI,0.0,Low Risk,64.65,One year,37
8670-MEFCP,0.0,Low Risk,92.9,Two year,36
1843-TLSGD,0.0,Low Risk,20.85,Two year,13
2346-CZYIL,0.0,Low Risk,20.35,Two year,27
1085-LDWAM,0.0,Low Risk,20.35,One year,69
9537-JALFH,0.0,Low Risk,19.9,Two year,69
7244-KXYZN,0.0,Low Risk,20.45,One year,24
8347-GDTMP,0.0,Low Risk,19.45,Two year,64
6746-WAUWT,0.0,Low Risk,19.7,One year,19
3978-YNKDD,0.0,Low Risk,20.85,Two year,19
4940-KHCWD,0.0,Low Risk,37.7,Two year,60
6016-NXBNJ,0.0,Low Risk,19.15,One year,35
6698-OXETB,0.0,Low Risk,20.4,Two year,11
1574-DYCWE,0.0,Low Risk,19.95,Two year,51
3454-JFUBC,0.0,Low Risk,20.0,Two year,68
3724-BSCVH,0.0,Low Risk,20.45,One year,10
7225-IILWY,0.0,Low Risk,25.75,Two year,68
2650-GYRYL,0.0,Low Risk,19.45,One year,33
9209-NWPGU,0.0,Low Risk,65.4,One year,44
0064-SUDOG,0.0,Low Risk,20.3,Two year,12
5248-RPYWW,0.0,Low Risk,90.15,Two year,72
0608-JDVEC,0.0,Low Risk,19.8,Two year,50
0513-RBGPE,0.0,Low Risk,62.8,Two year,37
8234-GSZYK,0.0,Low Risk,26.45,Two year,43
5996-EBTKM,0.0,Low Risk,69.9,Two year,67
1403-LKLIK,0.0,Low Risk,20.1,One year,33
1897-OKVMW,0.0,Low Risk,90.6,Two year,64
7508-KBIMB,0.0,Low Risk,56.25,One year,24
4518-FZBSX,0.0,Low Risk,20.25,One year,42
6248-BSHKG,0.0,Low Risk,20.4,One year,61
4884-LEVMQ,0.0,Low Risk,20.45,Two year,39
8857-CUPFQ,0.0,Low Risk,19.25,Two year,63
8204-YJCLA,0.0,Low Risk,64.8,Two year,72
1699-UOTXU,0.0,Low Risk,61.4,Two year,60
5917-RYRMG,0.0,Low Risk,19.8,One year,32
8006-PYCSW,0.0,Low Risk,20.1,Month-to-month,2
8249-THVEC,0.0,Low Risk,19.4,One year,51
6685-GBWJZ,0.0,Low Risk,70.8,One year,63
7030-FZTFM,0.0,Low Risk,110.9,Two year,72
0769-MURVM,0.0,Low Risk,65.7,Two year,72
8874-EJNSR,0.0,Low Risk,25.2,Two year,39
0827-ITJPH,0.0,Low Risk,18.55,Two year,36
3836-FZSDJ,0.0,Low Risk,24.85,Two year,71
9139-TWBAS,0.0,Low Risk,47.85,One year,26
3097-FQTVJ,0.0,Low Risk,20.0,Two year,41
1705-GUHPV,0.0,Low Risk,24.2,Two year,63
4779-ZGICK,0.0,Low Risk,23.55,Two year,48
6061-PQHMK,0.0,Low Risk,19.9,One year,25
5465-BUBFA,0.0,Low Risk,19.3,Two year,41
3967-KXAPS,0.0,Low Risk,92.3,Two year,72
6563-VRERX,0.0,Low Risk,20.6,One year,33
9371-BITHB,0.0,Low Risk,19.85,Two year,52
6810-VCAEX,0.0,Low Risk,39.65,One year,47
8908-SLFCJ,0.0,Low Risk,20.85,Two year,21
2706-QZIHY,0.0,Low Risk,25.2,Two year,15
6203-HBZPA,0.0,Low Risk,63.9,Two year,52
8966-SNIZF,0.0,Low Risk,19.45,Two year,70
8402-OOOHJ,0.0,Low Risk,20.65,Two year,41
4323-ELYYB,0.0,Low Risk,20.0,One year,13
1248-DYXUB,0.0,Low Risk,24.8,Two year,52
0603-TPMIB,0.0,Low Risk,25.45,Two year,59
0464-WJTKO,0.0,Low Risk,20.1,Two year,72
1272-ILHFG,0.0,Low Risk,19.65,One year,15
0164-XAIRP,0.0,Low Risk,19.55,Two year,24
8181-YHCMF,0.0,Low Risk,60.3,Two year,68
0266-GMEAO,0.0,Low Risk,114.3,Two year,72
9348-ROUAI,0.0,Low Risk,90.3,Two year,59
6365-HITVU,0.0,Low Risk,87.25,Two year,71
7558-IMLMT,0.0,Low Risk,20.8,Two year,67
9443-JUBUO,0.0,Low Risk,65.25,Two year,72
4334-HOWRP,0.0,Low Risk,64.95,Two year,72
9473-CBZOP,0.0,Low Risk,59.0,One year,28
6508-NJYRO,0.0,Low Risk,18.8,One year,15
8570-KLJYJ,0.0,Low Risk,54.45,One year,36
2378-YIZKA,0.0,Low Risk,85.0,Two year,68
5598-IKHQQ,0.0,Low Risk,25.45,Two year,72
8143-ETQTI,0.0,Low Risk,19.65,Two year,23
0397-ZXWQF,0.0,Low Risk,20.5,Two year,67
4006-HKYHO,0.0,Low Risk,86.7,Two year,63
0191-EQUUH,0.0,Low Risk,35.05,Two year,25
2607-DHDAK,0.0,Low Risk,19.8,Two year,72
0582-AVCLN,0.0,Low Risk,20.3,Two year,38
9823-EALYC,0.0,Low Risk,80.85,Two year,72
4674-HGNUA,0.0,Low Risk,89.9,Two year,71
1241-FPMOF,0.0,Low Risk,19.65,Two year,52
4609-KNNWG,0.0,Low Risk,19.9,Two year,27
2576-HXMPA,0.0,Low Risk,19.55,Month-to-month,1
8902-ZEOVF,0.0,Low Risk,20.05,One year,47
5862-BRIXZ,0.0,Low Risk,60.75,Two year,46
2088-IEBAU,0.0,Low Risk,88.15,Two year,68
6906-MPARY,0.0,Low Risk,89.6,One year,40
0301-FIDRB,0.0,Low Risk,63.8,Two year,72
7010-ZMVBF,0.0,Low Risk,20.45,Month-to-month,18
5924-SNGKP,0.0,Low Risk,20.25,One year,41
9639-BUJXT,0.0,Low Risk,20.5,One year,63
6885-PKOAM,0.0,Low Risk,85.75,Two year,71
9453-PATOS,0.0,Low Risk,85.1,Two year,72
2452-MRMZF,0.0,Low Risk,25.7,Two year,72
5322-ZSMZY,0.0,Low Risk,25.75,Two year,31
3423-HHXAO,0.0,Low Risk,19.5,One year,14
1245-HARPS,0.0,Low Risk,20.4,Two year,14
2848-YXSMW,0.0,Low Risk,19.4,Two year,72
9140-CZQZZ,0.0,Low Risk,79.6,Two year,68
5260-UMPWX,0.0,Low Risk,20.25,Month-to-month,26
5220-AGAAX,0.0,Low Risk,24.0,Two year,68
9435-JMLSX,0.0,Low Risk,86.1,Two year,71
7980-MHFLQ,0.0,Low Risk,24.9,Two year,72
6176-YJWAS,0.0,Low Risk,97.95,Two year,72
5310-NOOVA,0.0,Low Risk,19.95,Two year,46
3973-SKMLN,0.0,Low Risk,19.9,Two year,71
2509-TFPJU,0.0,Low Risk,25.75,Two year,72
9530-GRMJG,0.0,Low Risk,84.1,Two year,70
6352-GIGGQ,0.0,Low Risk,88.8,One year,67
2126-GSEGL,0.0,Low Risk,84.8,Two year,70
2068-WWXQZ,0.0,Low Risk,20.05,Two year,46
3635-QQRQD,0.0,Low Risk,20.05,Two year,62
6370-ZVHDV,0.0,Low Risk,25.3,Two year,61
1133-KXCGE,0.0,Low Risk,20.1,One year,18
6893-ODYYE,0.0,Low Risk,90.1,One year,50
9646-NMHXE,0.0,Low Risk,19.65,Two year,47
5356-KZCKT,0.0,Low Risk,24.45,Two year,58
5115-GZDEL,0.0,Low Risk,67.2,Two year,72
4121-AGSIN,0.0,Low Risk,24.5,One year,58
5848-FHRFC,0.0,Low Risk,20.05,Two year,68
0301-KOBTQ,0.0,Low Risk,20.05,Two year,32
2057-BOYKM,0.0,Low Risk,96.6,Two year,72
9170-ARBTB,0.0,Low Risk,19.6,One year,52
9418-RUKPH,0.0,Low Risk,19.95,Two year,38
2418-TPEUN,0.0,Low Risk,19.8,Two year,56
4274-DRSQT,0.0,Low Risk,88.9,One year,66
3768-VHXQO,0.0,Low Risk,24.85,Two year,67
8398-TBIYD,0.0,Low Risk,84.7,Two year,72
1830-IPXVJ,0.0,Low Risk,19.75,Two year,61
6080-LNESI,0.0,Low Risk,24.75,Two year,51
7673-BQGKU,0.0,Low Risk,20.15,Two year,69
5902-WBLSE,0.0,Low Risk,20.15,Two year,70
3669-WHAFY,0.0,Low Risk,115.15,Two year,71
1139-WUOAH,0.0,Low Risk,53.35,Two year,57
2007-QVGAW,0.0,Low Risk,19.35,Two year,68
1676-MQAOA,0.0,Low Risk,75.1,Two year,72
2773-MADBQ,0.0,Low Risk,53.1,Two year,36
0839-QNXME,0.0,Low Risk,19.4,Two year,30
1841-YSJGV,0.0,Low Risk,109.95,Two year,72
2829-HYVZP,0.0,Low Risk,19.8,One year,29
5377-NDTOU,0.0,Low Risk,91.05,Two year,71
4193-IBKSW,0.0,Low Risk,24.75,Two year,72
7013-PSXHK,0.0,Low Risk,80.75,One year,40
3486-NPGST,0.0,Low Risk,19.55,One year,36
6100-FJZDG,0.0,Low Risk,20.05,One year,26
2729-VNVAP,0.0,Low Risk,19.8,Two year,33
7416-CKTEP,0.0,Low Risk,19.6,Two year,57
1241-EZFMJ,0.0,Low Risk,25.45,Two year,61
6181-AXXYF,0.0,Low Risk,24.75,Two year,72
5605-XNWEN,0.0,Low Risk,25.0,Two year,72
2236-HILPA,0.0,Low Risk,20.65,Two year,62
8717-VCTXJ,0.0,Low Risk,19.55,One year,42
2040-XBAVJ,0.0,Low Risk,114.45,Two year,72
3785-KTYSH,0.0,Low Risk,24.6,Two year,53
1635-NZATJ,0.0,Low Risk,25.45,Two year,71
7901-IIDQV,0.0,Low Risk,54.6,One year,24
8917-SZTTJ,0.0,Low Risk,19.65,Two year,60
1270-XKUCC,0.0,Low Risk,19.7,Two year,30
4735-BJKOU,0.0,Low Risk,20.15,Two year,40
0383-CLDDA,0.0,Low Risk,85.35,Two year,69
5859-HZYLF,0.0,Low Risk,19.15,Two year,26
8332-OSJDW,0.0,Low Risk,26.4,One year,12
5583-EJXRD,0.0,Low Risk,54.05,Two year,44
1709-EJDOX,0.0,Low Risk,19.75,Two year,47
0354-VXMJC,0.0,Low Risk,19.6,Two year,23
1779-PWPMG,0.0,Low Risk,114.65,Two year,72
6131-JLWZM,0.0,Low Risk,20.3,Month-to-month,13
2580-ASVVY,0.0,Low Risk,45.4,Two year,37
4836-WNFNO,0.0,Low Risk,25.0,Two year,72
0562-HKHML,0.0,Low Risk,23.9,Two year,71
8277-RVRSV,0.0,Low Risk,24.15,One year,33
2535-PBCGC,0.0,Low Risk,64.55,Two year,70
0971-QIFJK,0.0,Low Risk,24.25,Two year,69
0394-YONDK,0.0,Low Risk,25.15,Two year,70
2587-YNLES,0.0,Low Risk,20.1,Two year,6
9479-HYNYL,0.0,Low Risk,80.7,Two year,71
0404-AHASP,0.0,Low Risk,19.7,Two year,72
0774-RMNUW,0.0,Low Risk,59.7,Two year,71
1334-PDUKM,0.0,Low Risk,86.45,One year,68
0386-CWRGM,0.0,Low Risk,19.4,Two year,46
3795-GWTRD,0.0,Low Risk,75.55,Two year,63
9964-WBQDJ,0.0,Low Risk,24.4,Two year,71
2176-LVPNX,0.0,Low Risk,89.85,Two year,71
6961-MJKBO,0.0,Low Risk,20.45,Two year,47
6900-RBKER,0.0,Low Risk,89.45,Two year,52
9110-HSGTV,0.0,Low Risk,82.45,Two year,69
0704-VCUMB,0.0,Low Risk,20.25,Two year,61
9800-OUIGR,0.0,Low Risk,20.0,Two year,66
1767-CJKBA,0.0,Low Risk,25.1,Two year,66
8146-QQKZH,0.0,Low Risk,81.85,Two year,71
8165-ZJRNM,0.0,Low Risk,23.75,Two year,72
1951-IEYXM,0.0,Low Risk,90.6,Two year,72
5777-ZPQNC,0.0,Low Risk,20.15,One year,12
0754-EEBDC,0.0,Low Risk,19.9,Two year,4
7113-HIPFI,0.0,Low Risk,65.85,Two year,66
3638-VBZTA,0.0,Low Risk,86.5,Two year,68
5317-FLPJF,0.0,Low Risk,61.35,Two year,66
4903-CNOZC,0.0,Low Risk,70.9,One year,29
7267-FRMJW,0.0,Low Risk,20.1,Two year,25
7873-CVMAW,0.0,Low Risk,88.55,Two year,72
9637-CDTKZ,0.0,Low Risk,114.1,Two year,72
1106-HRLKZ,0.0,Low Risk,19.6,Two year,40
7010-BRBUU,0.0,Low Risk,24.1,Two year,72
9575-IWCAZ,0.0,Low Risk,25.1,One year,6
3279-DYZQM,0.0,Low Risk,19.45,Two year,71
8859-DZTGQ,0.0,Low Risk,20.35,Two year,33
1328-EUZHC,0.0,Low Risk,20.1,Two year,18
3261-CQXOL,0.0,Low Risk,25.45,Two year,71
4750-UKWJK,0.0,Low Risk,19.6,One year,37
8966-OIQHG,0.0,Low Risk,20.75,One year,22
4458-KVRBJ,0.0,Low Risk,25.0,Two year,59
0854-UYHZD,0.0,Low Risk,19.55,Two year,13
0613-WUXUM,0.0,Low Risk,19.2,Two year,70
6892-BOGQE,0.0,Low Risk,20.9,Two year,71
2821-WARNZ,0.0,Low Risk,19.45,One year,49
6732-VAILE,0.0,Low Risk,85.95,Two year,70
3219-JQRSL,0.0,Low Risk,89.1,Two year,72
8232-UTFOZ,0.0,Low Risk,19.95,Two year,69
1399-OUPJN,0.0,Low Risk,19.75,Two year,57
2676-SSLTO,0.0,Low Risk,66.15,Two year,49
0363-SVHYR,0.0,Low Risk,86.85,Two year,71
6169-PPETC,0.0,Low Risk,20.5,Two year,35
4487-ZYJZK,0.0,Low Risk,19.6,One year,38
3750-YHRYO,0.0,Low Risk,20.65,One year,7
5296-BFCYD,0.0,Low Risk,20.1,Two year,46
3727-OVPRY,0.0,Low Risk,25.7,One year,66
7096-ZNBZI,0.0,Low Risk,26.45,Two year,72
3280-NMUVX,0.0,Low Risk,19.6,One year,34
0361-HJRDX,0.0,Low Risk,64.35,Two year,68
7649-SIJJF,0.0,Low Risk,80.1,Two year,71
6828-HMKWP,0.0,Low Risk,21.05,Two year,12
9361-YNQWJ,0.0,Low Risk,24.4,One year,64
5727-MYATE,0.0,Low Risk,90.8,Two year,72
3585-YNADK,0.0,Low Risk,74.6,One year,57
3823-KYNQY,0.0,Low Risk,24.95,One year,12
3422-WJOYD,0.0,Low Risk,54.35,One year,28
3721-CNZHX,0.0,Low Risk,19.8,One year,15
7570-WELNY,0.0,Low Risk,84.7,Two year,68
1927-QEWMY,0.0,Low Risk,20.5,Two year,72
5442-PPTJY,0.0,Low Risk,19.7,Two year,12
0780-XNZFN,0.0,Low Risk,20.65,Two year,57
8966-KZXXA,0.0,Low Risk,25.1,Two year,36
2632-TACXW,0.0,Low Risk,23.65,Two year,62
6614-YOLAC,0.0,Low Risk,58.65,Two year,71
6701-DHKWQ,0.0,Low Risk,51.35,Two year,61
7047-YXDMZ,0.0,Low Risk,20.0,Month-to-month,21
4883-KCPZJ,0.0,Low Risk,25.25,Two year,22
7369-TRPFD,0.0,Low Risk,18.8,One year,19
3970-XGJDU,0.0,Low Risk,19.2,Two year,62
3173-WSSUE,0.0,Low Risk,19.7,Two year,71
8092-NLTGF,0.0,Low Risk,24.75,Two year,72
8361-LBRDI,0.0,Low Risk,24.35,Two year,58
3779-OSWCF,0.0,Low Risk,93.2,Two year,71
9108-EQPNQ,0.0,Low Risk,26.1,Two year,10
8917-FAEMR,0.0,Low Risk,19.85,Two year,37
7321-KKSDU,0.0,Low Risk,20.5,Two year,32
7277-KAMWT,0.0,Low Risk,20.0,Two year,13
9507-HSMMZ,0.0,Low Risk,20.0,Two year,54
7813-TKCVO,0.0,Low Risk,20.35,One year,20
5656-JAMLX,0.0,Low Risk,19.85,Two year,62
0794-YVSGE,0.0,Low Risk,20.3,Two year,72
6621-NRZAK,0.0,Low Risk,20.0,Two year,63
4254-QPEDE,0.0,Low Risk,66.25,Two year,52
0831-JNISG,0.0,Low Risk,19.8,Two year,71
4652-ODEVH,0.0,Low Risk,24.45,Two year,45
9824-QCJPK,0.0,Low Risk,20.0,One year,36
5546-BYZSM,0.0,Low Risk,20.45,Month-to-month,41
8215-NGSPE,0.0,Low Risk,20.0,Two year,42
9251-AWQGT,0.0,Low Risk,20.0,Two year,48
6408-WHTEF,0.0,Low Risk,89.4,Two year,72
4817-KEQSP,0.0,Low Risk,19.85,Two year,71
2616-FLVQC,0.0,Low Risk,19.55,Two year,64
8859-YSTWS,0.0,Low Risk,19.95,One year,48
7167-PCEYD,0.0,Low Risk,19.8,Two year,67
9968-FFVVH,0.0,Low Risk,68.8,One year,63
2888-ADFAO,0.0,Low Risk,21.3,Two year,47
1998-VHJHK,0.0,Low Risk,19.15,One year,27
5063-IUOKK,0.0,Low Risk,19.75,Two year,13
8390-FESFV,0.0,Low Risk,84.5,Two year,62
5982-XMDEX,0.0,Low Risk,26.5,Two year,65
2302-OUZXB,0.0,Low Risk,82.15,Two year,72
9531-NSBMR,0.0,Low Risk,19.25,One year,36
0675-NCDYU,0.0,Low Risk,116.4,Two year,72
7480-SPLEF,0.0,Low Risk,26.0,Two year,69
5847-MXBEO,0.0,Low Risk,20.3,One year,22
8029-XYPWT,0.0,Low Risk,115.05,Two year,71
4632-PAOYU,0.0,Low Risk,19.95,One year,22
2990-OGYTD,0.0,Low Risk,86.15,Two year,67
2277-BKJKN,0.0,Low Risk,99.2,Two year,71
9242-TKFSV,0.0,Low Risk,65.1,Two year,72
0932-YIXYU,0.0,Low Risk,20.25,Two year,47
5067-DGXLL,0.0,Low Risk,20.25,Month-to-month,2
4589-IUAJB,0.0,Low Risk,24.25,Two year,70
8838-GPHZP,0.0,Low Risk,20.6,Two year,63
3452-FLHYD,0.0,Low Risk,20.95,One year,25
8750-QWZAJ,0.0,Low Risk,19.8,Two year,70
2388-LAESQ,0.0,Low Risk,114.85,Two year,72
3580-GICBM,0.0,Low Risk,24.2,Two year,61
6051-PTVNS,0.0,Low Risk,19.15,One year,55
2877-VDUER,0.0,Low Risk,40.9,One year,35
8174-LNWMW,0.0,Low Risk,20.9,Two year,31
3913-FCUUW,0.0,Low Risk,70.45,Two year,72
2320-TZRRH,0.0,Low Risk,19.5,One year,20
5619-XZZKR,0.0,Low Risk,19.95,One year,4
0336-KXKFK,0.0,Low Risk,61.2,Two year,72
3071-MVJCD,0.0,Low Risk,82.3,Two year,72
9386-LDCZR,0.0,Low Risk,90.65,One year,43
3910-MRQOY,0.0,Low Risk,19.4,Two year,72
4475-NVTLU,0.0,Low Risk,19.2,Two year,45
4656-CAURT,0.0,Low Risk,23.95,Two year,69
1084-MNSMJ,0.0,Low Risk,85.5,Two year,51
6265-FRMTQ,0.0,Low Risk,20.4,Two year,31
3084-DOWLE,0.0,Low Risk,92.0,Two year,72
1576-PFZIW,0.0,Low Risk,105.35,Two year,70
0674-GCDXG,0.0,Low Risk,71.9,Two year,63
7073-QETQY,0.0,Low Risk,20.35,One year,66
3566-CAAYU,0.0,Low Risk,49.85,Two year,64
0562-KBDVM,0.0,Low Risk,44.6,Two year,70
1813-JYWTO,0.0,Low Risk,80.45,Two year,72
4565-NLZBV,0.0,Low Risk,24.65,Two year,71
1934-MKPXS,0.0,Low Risk,20.1,One year,33
8050-DVOJX,0.0,Low Risk,81.35,Two year,49
5286-YHCVC,0.0,Low Risk,104.8,Two year,72
9337-SRRNI,0.0,Low Risk,25.3,Two year,66
5602-BVFMK,0.0,Low Risk,19.3,One year,12
0042-RLHYP,0.0,Low Risk,19.7,Two year,69
3131-NWVFJ,0.0,Low Risk,19.55,One year,14
8039-ACLPL,0.0,Low Risk,68.75,Two year,72
3161-ONRWK,0.0,Low Risk,65.85,One year,60
1661-CZBAU,0.0,Low Risk,70.95,One year,48
0795-XCCTE,0.0,Low Risk,25.4,Two year,72
5158-RIVOP,0.0,Low Risk,20.9,Two year,11
7684-XSZIY,0.0,Low Risk,24.3,Two year,72
5567-GZKQY,0.0,Low Risk,20.3,Two year,58
4538-WNTMJ,0.0,Low Risk,24.95,One year,46
2404-JIBFC,0.0,Low Risk,85.1,Two year,55
1116-FRYVH,0.0,Low Risk,39.4,Two year,48
2808-CHTDM,0.0,Low Risk,25.1,Two year,23
6980-IMXXE,0.0,Low Risk,20.2,Two year,69
1971-DTCZB,0.0,Low Risk,90.95,Two year,72
9786-YWNHU,0.0,Low Risk,63.55,Two year,63
2862-JVEOY,0.0,Low Risk,19.15,One year,6
4641-FROLU,0.0,Low Risk,19.3,Two year,30
7941-RCJOW,0.0,Low Risk,19.55,Two year,65
7552-KEYGT,0.0,Low Risk,19.55,Two year,27
0402-OAMEN,0.0,Low Risk,24.45,Two year,72
6485-QXWWE,0.0,Low Risk,26.0,Two year,62
9087-EYCPR,0.0,Low Risk,25.0,Two year,60
9488-FVZCC,0.0,Low Risk,79.5,Two year,72
5939-SXWHM,0.0,Low Risk,26.3,Two year,48
2481-SBOYW,0.0,Low Risk,25.0,Two year,61
5312-TSZVC,0.0,Low Risk,19.65,One year,15
1832-PEUTS,0.0,Low Risk,89.1,Two year,62
3070-FNFZQ,0.0,Low Risk,20.4,Two year,23
5057-RKGLH,0.0,Low Risk,20.35,Two year,9
3813-DHBBB,0.0,Low Risk,50.95,Two year,67
2933-XEUJM,0.0,Low Risk,79.2,Two year,46
3810-PJUHR,0.0,Low Risk,25.35,Two year,70
5701-GUXDC,0.0,Low Risk,35.4,One year,26
1460-UZPRJ,0.0,Low Risk,19.95,Two year,60
4403-BWPAY,0.0,Low Risk,24.8,One year,14
2428-HYUNX,0.0,Low Risk,19.35,Two year,44
8292-ITGYJ,0.0,Low Risk,24.65,Two year,45
0485-ZBSLN,0.0,Low Risk,24.75,Two year,65
2194-IIQOF,0.0,Low Risk,89.3,Two year,71
9958-MEKUC,0.0,Low Risk,103.95,Two year,72
4782-OSFXZ,0.0,Low Risk,82.7,Two year,71
6479-OAUSD,0.0,Low Risk,19.9,One year,25
9860-LISIZ,0.0,Low Risk,20.35,Month-to-month,34
5980-BDHPY,0.0,Low Risk,87.1,Two year,72
8883-ANODQ,0.0,Low Risk,84.4,Two year,68
0281-CNTZX,0.0,Low Risk,19.95,Two year,63
5696-CEIQJ,0.0,Low Risk,103.15,Two year,67
6754-LZUKA,0.0,Low Risk,80.9,Two year,61
5919-VCZYM,0.0,Low Risk,20.05,Month-to-month,2
0784-GTUUK,0.0,Low Risk,23.75,One year,62
0506-YLVKJ,0.0,Low Risk,20.2,Two year,46
2226-ICFDO,0.0,Low Risk,85.9,Two year,72
2208-NKVVH,0.0,Low Risk,24.25,Two year,43
5529-GIBVH,0.0,Low Risk,20.15,Two year,47
1757-TCATG,0.0,Low Risk,20.05,One year,35
9972-EWRJS,0.0,Low Risk,19.25,Two year,67
4291-TPNFG,0.0,Low Risk,82.3,Two year,72
7898-PDWQE,0.0,Low Risk,80.4,Two year,71
8645-KOMJQ,0.0,Low Risk,81.95,Two year,69
2892-GESUL,0.0,Low Risk,19.35,Two year,18
5014-GSOUQ,0.0,Low Risk,19.95,Two year,13
2612-PHGOX,0.0,Low Risk,76.1,Two year,64
8034-RYTVV,0.0,Low Risk,84.25,One year,55
1333-PBMXB,0.0,Low Risk,24.75,One year,54
8780-IHCRN,0.0,Low Risk,24.65,Two year,63
8661-BOYNW,0.0,Low Risk,84.4,Two year,72
0640-YJTPY,0.0,Low Risk,21.0,Two year,72
7609-YBPXG,0.0,Low Risk,87.1,Two year,54
6518-KZXCB,0.0,Low Risk,25.25,Two year,22
9091-WTUUY,0.0,Low Risk,69.25,Two year,64
6551-VLJMV,0.0,Low Risk,20.05,Two year,34
7115-IRDHS,0.0,Low Risk,24.65,Two year,72
1555-HAPSU,0.0,Low Risk,23.9,Two year,71
3458-IDMFK,0.0,Low Risk,20.75,Two year,25
1299-AURJA,0.0,Low Risk,24.7,Two year,70
2788-CJQAQ,0.0,Low Risk,19.45,One year,13
2805-AUFQN,0.0,Low Risk,19.8,Two year,25
2120-SMPEX,0.0,Low Risk,20.15,Month-to-month,25
2429-AYKKO,0.0,Low Risk,19.85,Two year,72
2725-TTRIQ,0.0,Low Risk,84.2,Two year,72
2882-WDTBA,0.0,Low Risk,75.75,Two year,69
7876-DNYAP,0.0,Low Risk,19.8,Two year,69
7107-UBYKY,0.0,Low Risk,25.75,Month-to-month,35
3764-MNMOI,0.0,Low Risk,19.2,Two year,46
3262-EIDHV,0.0,Low Risk,84.7,Two year,72
8229-BUJHX,0.0,Low Risk,20.5,Two year,71
4967-WPNCF,0.0,Low Risk,63.7,Two year,72
9548-ZMVTX,0.0,Low Risk,90.45,Two year,72
2682-KEVRP,0.0,Low Risk,20.05,One year,22
0078-XZMHT,0.0,Low Risk,85.15,Two year,72
0980-FEXWF,0.0,Low Risk,50.35,One year,26
7089-RKVSZ,0.0,Low Risk,24.4,One year,8
8218-FFJDS,0.0,Low Risk,86.4,Two year,72
8946-BFWSG,0.0,Low Risk,25.25,Two year,63
4277-BWBML,0.0,Low Risk,19.95,Two year,72
9509-MPYOD,0.0,Low Risk,20.75,One year,35
8166-ZZTFS,0.0,Low Risk,80.55,Two year,66
1187-WILMM,0.0,Low Risk,89.4,Two year,63
6770-UAYGJ,0.0,Low Risk,25.25,Two year,49
2169-RRLFW,0.0,Low Risk,25.6,Two year,71
8197-BFWVU,0.0,Low Risk,93.25,Two year,72
5871-DGTXZ,0.0,Low Risk,19.8,One year,32
9424-CMPOG,0.0,Low Risk,19.6,Two year,9
4701-LKOZD,0.0,Low Risk,89.75,Two year,70
9415-ZNBSX,0.0,Low Risk,89.0,Two year,70
9068-FHQHD,0.0,Low Risk,20.15,Two year,40
6901-GOGZG,0.0,Low Risk,84.95,Two year,60
8755-OGKNA,0.0,Low Risk,19.5,Two year,57
0214-JHPFW,0.0,Low Risk,57.8,Two year,70
5642-MHDQT,0.0,Low Risk,19.85,One year,53
0902-RFHOF,0.0,Low Risk,20.1,One year,38
1820-DJFPH,0.0,Low Risk,24.05,Two year,72
1269-FOYWN,0.0,Low Risk,20.0,One year,44
7064-JHXCE,0.0,Low Risk,20.05,Two year,62
6114-TCFID,0.0,Low Risk,39.5,One year,29
7649-PHJVR,0.0,Low Risk,19.5,One year,11
0730-BGQGF,0.0,Low Risk,90.3,Two year,71
5172-RKOCB,0.0,Low Risk,108.95,Two year,72
6650-BWFRT,0.0,Low Risk,117.15,Two year,72
3178-CIFOT,0.0,Low Risk,19.65,One year,23
8499-BRXTD,0.0,Low Risk,20.1,One year,18
0016-QLJIS,0.0,Low Risk,90.45,Two year,65
0626-QXNGV,0.0,Low Risk,24.15,Two year,72
7508-DQAKK,0.0,Low Risk,86.4,Two year,64
4018-PPNDW,0.0,Low Risk,24.1,Two year,61
5334-AFQJB,0.0,Low Risk,25.1,Two year,72
0219-QAERP,0.0,Low Risk,19.8,One year,30
8544-JNBOX,0.0,Low Risk,20.8,Two year,72
5003-OKNNK,0.0,Low Risk,20.35,One year,15
0885-HMGPY,0.0,Low Risk,69.4,Two year,62
6919-ELBGL,0.0,Low Risk,114.95,Two year,72
6681-ZSEXG,0.0,Low Risk,59.5,Two year,56
6139-ZZRBQ,0.0,Low Risk,20.05,Two year,64
9239-GZHZE,0.0,Low Risk,113.65,Two year,72
0625-AFOHS,0.0,Low Risk,20.2,Two year,29
8884-FEEWR,0.0,Low Risk,20.6,One year,35
9030-QGZNL,0.0,Low Risk,20.85,Two year,8
1682-VCOIO,0.0,Low Risk,20.45,One year,23
2072-ZVJJX,0.0,Low Risk,25.25,Two year,68
7435-ZNUYY,0.0,Low Risk,20.6,One year,6
9298-WGMRW,0.0,Low Risk,115.5,Two year,72
7503-MIOGA,0.0,Low Risk,89.85,Two year,72
7977-HXJKU,0.0,Low Risk,19.6,Two year,21
0114-IGABW,0.0,Low Risk,58.25,Two year,71
3967-VQOGC,0.0,Low Risk,24.9,Two year,67
9541-PWTWO,0.0,Low Risk,80.95,Two year,52
8434-VGEQQ,0.0,Low Risk,20.55,Two year,61
3556-BVQGL,0.0,Low Risk,20.0,One year,20
7033-CLAMM,0.0,Low Risk,20.2,Two year,48
3154-HMWUU,0.0,Low Risk,20.5,Two year,60
2812-ENYMO,0.0,Low Risk,54.55,One year,26
6119-SPUDB,0.0,Low Risk,38.25,Two year,46
8748-HFWBO,0.0,Low Risk,19.9,One year,19
1052-QJIBV,0.0,Low Risk,19.9,Two year,71
9339-FIIJL,0.0,Low Risk,85.95,Two year,72
7401-JIXNM,0.0,Low Risk,91.3,Two year,54
2717-HVIZY,0.0,Low Risk,20.05,Month-to-month,8
6723-CEGQI,0.0,Low Risk,45.25,Two year,65
1734-ZMNTZ,0.0,Low Risk,25.0,Two year,11
7268-WNTCP,0.0,Low Risk,20.45,Two year,62
7921-BEPCI,0.0,Low Risk,59.75,Two year,72
8580-QVLOC,0.0,Low Risk,92.45,Two year,72
1926-QUZNN,0.0,Low Risk,25.25,Two year,72
4077-HWUYD,0.0,Low Risk,87.55,Two year,72
9668-PUGNU,0.0,Low Risk,24.5,Two year,71
8735-SDUFN,0.0,Low Risk,24.3,Two year,72
1776-SPBWV,0.0,Low Risk,20.1,One year,34
9610-WCESF,0.0,Low Risk,43.9,Two year,67
3472-QPRCH,0.0,Low Risk,25.25,Two year,40
6585-WCEWR,0.0,Low Risk,20.35,Two year,72
1945-XISKS,0.0,Low Risk,19.65,Two year,67
2333-KWEWW,0.0,Low Risk,20.05,Two year,18
6188-UXBBR,0.0,Low Risk,20.25,One year,38
6614-YWYSC,0.0,Low Risk,25.0,Two year,61
4723-BEGSG,0.0,Low Risk,86.65,Two year,72
1088-AUUZZ,0.0,Low Risk,75.85,Two year,56
0480-KYJVA,0.0,Low Risk,24.25,Two year,72
3530-VWVGU,0.0,Low Risk,19.9,Month-to-month,22
6000-UKLWI,0.0,Low Risk,20.15,Two year,41
5512-IDZEI,0.0,Low Risk,24.9,One year,46
2050-ONYDQ,0.0,Low Risk,26.0,Two year,65
7758-UJWYS,0.0,Low Risk,40.55,Two year,34
8752-IMQOS,0.0,Low Risk,20.1,One year,5
3873-WOSBC,0.0,Low Risk,25.6,Two year,67
4116-IQRFR,0.0,Low Risk,24.1,One year,4
3612-YVGSJ,0.0,Low Risk,24.45,Two year,71
0784-ZQJZX,0.0,Low Risk,19.9,Two year,72
6917-FIJHC,0.0,Low Risk,26.0,Two year,72
7560-QJAVJ,0.0,Low Risk,79.6,Two year,70
0298-XACET,0.0,Low Risk,50.2,Two year,52
9489-JMTTN,0.0,Low Risk,89.75,Two year,72
2346-LOCWC,0.0,Low Risk,20.5,Two year,58
9081-WWXKP,0.0,Low Risk,20.25,Two year,47
5006-MXVRN,0.0,Low Risk,20.7,Two year,39
9135-MGVPY,0.0,Low Risk,84.7,Two year,69
8207-DMRVL,0.0,Low Risk,114.55,Two year,72
1240-HCBOH,0.0,Low Risk,26.1,Two year,67
2804-ETQDK,0.0,Low Risk,20.55,Two year,66
9574-BOSMD,0.0,Low Risk,25.4,Two year,68
6368-TZZDT,0.0,Low Risk,19.5,Two year,4
0825-CPPQH,0.0,Low Risk,19.1,Two year,71
9084-OAYKL,0.0,Low Risk,20.8,Two year,58
6122-LJADA,0.0,Low Risk,90.15,Two year,70
2400-XIWIO,0.0,Low Risk,90.1,Two year,71
1494-EJZDW,0.0,Low Risk,20.15,Two year,10
1897-RCFUM,0.0,Low Risk,24.2,One year,39
2211-RMNHO,0.0,Low Risk,85.3,Two year,68
5845-BZZIB,0.0,Low Risk,20.1,Two year,35
8406-LNMHF,0.0,Low Risk,82.95,One year,59
0142-GVYSN,0.0,Low Risk,20.3,Month-to-month,26
8100-PNJMH,0.0,Low Risk,88.85,Two year,68
1027-LKKQQ,0.0,Low Risk,80.45,Two year,72
0536-BGFMZ,0.0,Low Risk,20.5,Month-to-month,28
1293-BSEUN,0.0,Low Risk,20.7,Two year,72
2077-DDHJK,0.0,Low Risk,70.9,Two year,68
8884-MRNSU,0.0,Low Risk,19.9,One year,17
5148-HKFIR,0.0,Low Risk,19.7,Two year,20
5339-TJFEK,0.0,Low Risk,105.5,Month-to-month,62
5914-XRFQB,0.0,Low Risk,115.8,Two year,72
2143-LJULT,0.0,Low Risk,25.25,Two year,67
4804-NCPET,0.0,Low Risk,20.2,Two year,19
4000-VGMQP,0.0,Low Risk,78.95,One year,38
4716-MRVEN,0.0,Low Risk,20.0,One year,29
7717-BICXI,0.0,Low Risk,20.55,Two year,60
6855-VLGOS,0.0,Low Risk,20.55,Two year,72
6656-GULJQ,0.0,Low Risk,83.55,Two year,72
7706-YLMQA,0.0,Low Risk,19.7,One year,70
1952-DVVSW,0.0,Low Risk,20.1,One year,10
2230-XTUWL,0.0,Low Risk,19.55,Two year,48
7140-ADSMJ,0.0,Low Risk,20.45,Month-to-month,8
5968-HYJRZ,0.0,Low Risk,24.55,Two year,47
2054-PJOCK,0.0,Low Risk,80.55,One year,60
7322-OCWHC,0.0,Low Risk,93.05,Two year,72
0019-EFAEP,0.0,Low Risk,101.3,Two year,72
5346-BZCHP,0.0,Low Risk,19.4,Two year,69
3190-ITQXP,0.0,Low Risk,20.25,Two year,46
1764-VUUMT,0.0,Low Risk,19.95,Two year,66
4584-LBNMK,0.0,Low Risk,24.7,One year,45
4973-MGTON,0.0,Low Risk,84.4,Two year,71
1223-UNPKS,0.0,Low Risk,20.05,Two year,20
9919-FZDED,0.0,Low Risk,84.1,Two year,72
3523-BRGUW,0.0,Low Risk,19.3,One year,26
1852-QSWCD,0.0,Low Risk,24.8,Two year,64
7609-NRNCA,0.0,Low Risk,19.55,One year,17
7337-CINUD,0.0,Low Risk,19.5,Two year,8
7833-PKIHD,0.0,Low Risk,76.4,One year,51
7996-MHXLW,0.0,Low Risk,25.15,Two year,66
5248-KWLAR,0.0,Low Risk,90.35,Two year,71
3308-DGHKL,0.0,Low Risk,19.3,Two year,69
7445-WMRBW,0.0,Low Risk,73.85,One year,48
3373-DIUUN,0.0,Low Risk,21.25,Two year,30
0264-CNITK,0.0,Low Risk,20.1,Two year,71
8242-PDSGJ,0.0,Low Risk,39.15,Two year,70
7161-DFHUF,0.0,Low Risk,23.85,Two year,71
7408-OFWXJ,0.0,Low Risk,89.8,Two year,72
6007-TCTST,0.0,Low Risk,115.8,Two year,72
3359-DSRKA,0.0,Low Risk,19.85,Two year,58
6685-XSHHU,0.0,Low Risk,20.95,Two year,60
7695-PKLCZ,0.0,Low Risk,20.5,Two year,68
8374-UULRV,0.0,Low Risk,86.05,Two year,72
3720-DBRWL,0.0,Low Risk,83.85,Two year,51
6040-CGACY,0.0,Low Risk,19.6,Month-to-month,15
5793-YOLJN,0.0,Low Risk,21.0,Two year,55
5275-PMFUT,0.0,Low Risk,64.8,Two year,72
4795-UXVCJ,0.0,Low Risk,19.8,One year,26
5010-IPEAQ,0.0,Low Risk,54.2,Two year,67
8565-WUXZU,0.0,Low Risk,84.8,Two year,72
4139-DETXS,0.0,Low Risk,64.45,Two year,72
0744-BIKKF,0.0,Low Risk,86.65,Two year,72
4872-JCVCA,0.0,Low Risk,47.6,Two year,71
8612-GXIDD,0.0,Low Risk,25.4,Two year,12
8595-SIZNC,0.0,Low Risk,25.6,One year,22
3654-ARMGP,0.0,Low Risk,88.65,Two year,61
9993-LHIEB,0.0,Low Risk,67.85,Two year,67
4079-WWQQQ,0.0,Low Risk,65.55,Two year,72
8022-BECSI,0.0,Low Risk,19.6,One year,22
6928-ONTRW,0.0,Low Risk,19.7,Two year,72
7471-WNSUF,0.0,Low Risk,24.15,One year,60
0607-MVMGC,0.0,Low Risk,78.75,One year,45
5231-FIQPA,0.0,Low Risk,19.85,Two year,41
9885-MFVSU,0.0,Low Risk,46.35,Two year,35
8774-GSBUN,0.0,Low Risk,25.4,Two year,72
1401-FTHFQ,0.0,Low Risk,20.0,One year,23
2208-MPXIO,0.0,Low Risk,20.0,Two year,45
9675-ICXCT,0.0,Low Risk,80.8,Two year,72
4092-OFQZS,0.0,Low Risk,20.65,One year,20
1561-BWHIN,0.0,Low Risk,19.8,One year,19
7639-OPLNG,0.0,Low Risk,79.25,Two year,70
6024-RUGGH,0.0,Low Risk,25.2,Two year,72
5993-BQHEA,0.0,Low Risk,20.05,One year,12
9795-NREXC,0.0,Low Risk,85.0,Two year,64
7398-HPYZQ,0.0,Low Risk,90.55,Two year,71
4827-DPADN,0.0,Low Risk,83.3,Two year,72
4452-ROHMO,0.0,Low Risk,19.6,Two year,15
5846-ABOBJ,0.0,Low Risk,24.45,Two year,71
1439-LCGVL,0.0,Low Risk,19.2,One year,26
3778-FOAQW,0.0,Low Risk,20.15,One year,24
1488-PBLJN,0.0,Low Risk,116.85,Two year,72
7328-OWMOM,0.0,Low Risk,20.1,One year,31
4694-PHWFW,0.0,Low Risk,19.95,Month-to-month,8
7711-GQBZC,0.0,Low Risk,24.7,Two year,71
5360-XGYAZ,0.0,Low Risk,65.65,Two year,72
9114-DPSIA,0.0,Low Risk,81.0,Two year,72
1087-GRUYI,0.0,Low Risk,20.4,Two year,38
7493-GVFIO,0.0,Low Risk,20.55,Two year,57
6082-OQFBA,0.0,Low Risk,19.65,One year,23
9184-GALIL,0.0,Low Risk,20.45,Month-to-month,38
0336-PIKEI,0.0,Low Risk,74.4,Two year,72
0909-SELIE,0.0,Low Risk,80.8,Two year,61
5494-WOZRZ,0.0,Low Risk,82.0,Two year,71
7131-ZQZNK,0.0,Low Risk,59.85,Two year,60
6631-HMANX,0.0,Low Risk,85.45,Two year,72
8597-CTXVJ,0.0,Low Risk,64.95,One year,70
2097-YVPKN,0.0,Low Risk,25.75,Two year,65
1452-UZOSF,0.0,Low Risk,106.1,Two year,72
0839-JTCUD,0.0,Low Risk,89.9,Two year,66
0042-JVWOJ,0.0,Low Risk,19.6,One year,26
6434-TTGJP,0.0,Low Risk,53.7,Two year,10
8144-DGHXP,0.0,Low Risk,80.6,Two year,54
5197-YPYBZ,0.0,Low Risk,25.25,Two year,12
1599-MMYRQ,0.0,Low Risk,81.45,One year,62
7162-WPHPM,0.0,Low Risk,71.6,Two year,58
8076-FEZKJ,0.0,Low Risk,19.5,One year,10
6725-TPKJO,0.0,Low Risk,20.05,Two year,44
5995-LFTLE,0.0,Low Risk,25.3,Two year,58
3892-NXAZG,0.0,Low Risk,114.05,Two year,72
2234-EOFPT,0.0,Low Risk,79.35,Two year,72
3378-AJRAO,0.0,Low Risk,24.85,One year,44
3569-VLDHH,0.0,Low Risk,75.1,One year,66
7969-FFOWG,0.0,Low Risk,19.9,Two year,65
8224-KDLKN,0.0,Low Risk,25.0,Two year,72
3996-ZNWYK,0.0,Low Risk,19.8,Two year,71
2878-DHMIN,0.0,Low Risk,19.9,One year,35
0362-RAOQO,0.0,Low Risk,19.65,Two year,40
6549-BTYPG,0.0,Low Risk,60.8,Two year,60
0788-DXBFY,0.0,Low Risk,19.55,One year,58
3398-GCPMU,0.0,Low Risk,89.55,Two year,72
7608-RGIRO,0.0,Low Risk,24.4,Two year,62
2212-LYASK,0.0,Low Risk,45.85,One year,27
5125-CNDSP,0.0,Low Risk,40.6,One year,63
5242-UOWHD,0.0,Low Risk,20.35,Two year,45
5188-HGMLP,0.0,Low Risk,74.0,Month-to-month,54
8999-EXMNO,0.0,Low Risk,20.15,Two year,19
6131-IUNXN,0.0,Low Risk,20.2,Month-to-month,19
8404-VIOMB,0.0,Low Risk,62.5,Two year,66
5003-XZWWO,0.0,Low Risk,84.2,Two year,71
2925-VDZHY,0.0,Low Risk,88.7,Two year,72
6418-PIQSP,0.0,Low Risk,81.0,Two year,62
9650-VBUOG,0.0,Low Risk,25.05,Two year,38
3719-TDVQB,0.0,Low Risk,18.95,Two year,54
5039-LZRQT,0.0,Low Risk,20.2,One year,13
7101-HRBLJ,0.0,Low Risk,83.7,Two year,72
8007-YYPWD,0.0,Low Risk,25.05,Two year,15
9297-FVVDH,0.0,Low Risk,84.5,Two year,57
4625-LAMOB,0.0,Low Risk,20.4,Two year,44
8125-QPFJD,0.0,Low Risk,84.9,Two year,72
4335-UPJSI,0.0,Low Risk,19.75,Two year,24
2560-WBWXF,0.0,Low Risk,24.15,Two year,68
1215-EXRMO,0.0,Low Risk,20.55,Two year,50
0422-OHQHQ,0.0,Low Risk,20.55,One year,15
6916-HIJSE,0.0,Low Risk,84.85,Two year,65
4335-BSMJS,0.0,Low Risk,25.8,Two year,62
0868-VJRDR,0.0,Low Risk,104.05,Two year,64
0224-NIJLP,0.0,Low Risk,20.15,Two year,8
5970-GHJAW,0.0,Low Risk,19.95,Two year,46
8510-BBWMU,0.0,Low Risk,19.75,One year,41
8098-TDCBU,0.0,Low Risk,25.25,Two year,42
6857-TKDJV,0.0,Low Risk,24.65,Two year,67
4195-PNGZS,0.0,Low Risk,24.45,Two year,69
1360-XFJMR,0.0,Low Risk,109.7,One year,67
0071-NDAFP,0.0,Low Risk,25.5,Two year,25
0902-XKXPN,0.0,Low Risk,20.2,Two year,69
7515-LODFU,0.0,Low Risk,20.3,Two year,69
0056-EPFBG,0.0,Low Risk,39.4,Two year,20
4178-EGMON,0.0,Low Risk,88.0,Two year,70
7311-MQJCH,0.0,Low Risk,19.55,One year,5
1657-DYMBM,0.0,Low Risk,19.9,Two year,53
2626-VEEWG,0.0,Low Risk,19.4,Two year,67
4718-WXBGI,0.0,Low Risk,91.95,Two year,72
2550-AEVRU,0.0,Low Risk,53.45,One year,57
